solid OpenSCAD_Model
  facet normal 0.49999999999999983 0.8660254037844387 0
    outer loop
      vertex 34.14375 -3.3811075139417457 12.25
      vertex 34.14375 -3.3811075139417457 18.00625
      vertex 40 -6.762215027883491 12.25
    endloop
  endfacet
  facet normal 1 0 0
    outer loop
      vertex 34.14375 -3.3811075139417457 12.25
      vertex 34.14375 3.3811075139417457 12.25
      vertex 34.14375 -3.3811075139417457 18.00625
    endloop
  endfacet
  facet normal 0.49999999999999983 0.8660254037844387 -2.656413163583525e-18
    outer loop
      vertex 34.14375 -3.3811075139417457 18.00625
      vertex 40 -6.762215027883491 18.00625
      vertex 40 -6.762215027883491 12.25
    endloop
  endfacet
  facet normal 0 0 -1
    outer loop
      vertex 34.14375 -3.3811075139417457 18.00625
      vertex 36.325 0 18.00625
      vertex 36.81735664109219 -1.8375 18.00625
    endloop
  endfacet
  facet normal 0 0 -1
    outer loop
      vertex 34.14375 -3.3811075139417457 18.00625
      vertex 38.1625 -3.1826433589078116 18.00625
      vertex 40 -6.762215027883491 18.00625
    endloop
  endfacet
  facet normal 0 0 -1
    outer loop
      vertex 40 -6.762215027883491 18.00625
      vertex 38.1625 -3.1826433589078116 18.00625
      vertex 40 -3.675 18.00625
    endloop
  endfacet
  facet normal 0 0 -1
    outer loop
      vertex 34.14375 -3.3811075139417457 18.00625
      vertex 36.81735664109219 -1.8375 18.00625
      vertex 38.1625 -3.1826433589078116 18.00625
    endloop
  endfacet
  facet normal -0.49999999999999983 0.8660254037844387 0
    outer loop
      vertex 40 -6.762215027883491 12.25
      vertex 40 -6.762215027883491 18.00625
      vertex 45.85625 -3.3811075139417457 12.25
    endloop
  endfacet
  facet normal -0.49999999999999983 0.8660254037844387 2.656413163583525e-18
    outer loop
      vertex 40 -6.762215027883491 18.00625
      vertex 45.85625 -3.3811075139417457 18.00625
      vertex 45.85625 -3.3811075139417457 12.25
    endloop
  endfacet
  facet normal -1 0 0
    outer loop
      vertex 45.85625 -3.3811075139417457 12.25
      vertex 45.85625 -3.3811075139417457 18.00625
      vertex 45.85625 3.3811075139417457 18.00625
    endloop
  endfacet
  facet normal 0 0 -1
    outer loop
      vertex 40 -6.762215027883491 18.00625
      vertex 40 -3.675 18.00625
      vertex 45.85625 -3.3811075139417457 18.00625
    endloop
  endfacet
  facet normal 0 0 -1
    outer loop
      vertex 40 -3.675 18.00625
      vertex 41.8375 -3.1826433589078116 18.00625
      vertex 45.85625 -3.3811075139417457 18.00625
    endloop
  endfacet
  facet normal 0 0 -1
    outer loop
      vertex 41.8375 -3.1826433589078116 18.00625
      vertex 43.18264335890781 -1.8375 18.00625
      vertex 45.85625 -3.3811075139417457 18.00625
    endloop
  endfacet
  facet normal 0 0 -1
    outer loop
      vertex 43.18264335890781 -1.8375 18.00625
      vertex 43.675 0 18.00625
      vertex 45.85625 -3.3811075139417457 18.00625
    endloop
  endfacet
  facet normal 1 0 0
    outer loop
      vertex 34.14375 -3.3811075139417457 18.00625
      vertex 34.14375 3.3811075139417457 12.25
      vertex 34.14375 3.3811075139417457 18.00625
    endloop
  endfacet
  facet normal 0.49999999999999983 -0.8660254037844387 0
    outer loop
      vertex 34.14375 3.3811075139417457 12.25
      vertex 40 6.762215027883491 18.00625
      vertex 34.14375 3.3811075139417457 18.00625
    endloop
  endfacet
  facet normal 0.49999999999999983 -0.8660254037844387 2.656413163583525e-18
    outer loop
      vertex 34.14375 3.3811075139417457 12.25
      vertex 40 6.762215027883491 12.25
      vertex 40 6.762215027883491 18.00625
    endloop
  endfacet
  facet normal 0 0 -1
    outer loop
      vertex 34.14375 -3.3811075139417457 18.00625
      vertex 34.14375 3.3811075139417457 18.00625
      vertex 36.325 0 18.00625
    endloop
  endfacet
  facet normal 0 0 -1
    outer loop
      vertex 34.14375 3.3811075139417457 18.00625
      vertex 36.81735664109219 1.8375 18.00625
      vertex 36.325 0 18.00625
    endloop
  endfacet
  facet normal 0 0 -1
    outer loop
      vertex 34.14375 3.3811075139417457 18.00625
      vertex 38.1625 3.1826433589078116 18.00625
      vertex 36.81735664109219 1.8375 18.00625
    endloop
  endfacet
  facet normal 0 0 -1
    outer loop
      vertex 34.14375 3.3811075139417457 18.00625
      vertex 40 3.675 18.00625
      vertex 38.1625 3.1826433589078116 18.00625
    endloop
  endfacet
  facet normal 0 0 -1
    outer loop
      vertex 34.14375 3.3811075139417457 18.00625
      vertex 40 6.762215027883491 18.00625
      vertex 40 3.675 18.00625
    endloop
  endfacet
  facet normal 0 0 -1
    outer loop
      vertex 40 3.675 18.00625
      vertex 40 6.762215027883491 18.00625
      vertex 41.8375 3.1826433589078116 18.00625
    endloop
  endfacet
  facet normal -1 0 0
    outer loop
      vertex 45.85625 -3.3811075139417457 12.25
      vertex 45.85625 3.3811075139417457 18.00625
      vertex 45.85625 3.3811075139417457 12.25
    endloop
  endfacet
  facet normal -0.49999999999999983 -0.8660254037844387 -2.656413163583525e-18
    outer loop
      vertex 40 6.762215027883491 12.25
      vertex 45.85625 3.3811075139417457 12.25
      vertex 45.85625 3.3811075139417457 18.00625
    endloop
  endfacet
  facet normal -0.49999999999999983 -0.8660254037844387 0
    outer loop
      vertex 40 6.762215027883491 12.25
      vertex 45.85625 3.3811075139417457 18.00625
      vertex 40 6.762215027883491 18.00625
    endloop
  endfacet
  facet normal 0 0 -1
    outer loop
      vertex 43.675 0 18.00625
      vertex 43.18264335890781 1.8375 18.00625
      vertex 45.85625 3.3811075139417457 18.00625
    endloop
  endfacet
  facet normal 0 0 -1
    outer loop
      vertex 41.8375 3.1826433589078116 18.00625
      vertex 45.85625 3.3811075139417457 18.00625
      vertex 43.18264335890781 1.8375 18.00625
    endloop
  endfacet
  facet normal 0 0 -1
    outer loop
      vertex 45.85625 -3.3811075139417457 18.00625
      vertex 43.675 0 18.00625
      vertex 45.85625 3.3811075139417457 18.00625
    endloop
  endfacet
  facet normal 0 0 -1
    outer loop
      vertex 40 6.762215027883491 18.00625
      vertex 45.85625 3.3811075139417457 18.00625
      vertex 41.8375 3.1826433589078116 18.00625
    endloop
  endfacet
  facet normal 0 0 1
    outer loop
      vertex 34.14375 -3.3811075139417457 -18.00625
      vertex 36.81735664109219 -1.8375 -18.00625
      vertex 36.325 0 -18.00625
    endloop
  endfacet
  facet normal 0 0 1
    outer loop
      vertex 34.14375 -3.3811075139417457 -18.00625
      vertex 40 -6.762215027883491 -18.00625
      vertex 40 -3.675 -18.00625
    endloop
  endfacet
  facet normal 0 0 1
    outer loop
      vertex 34.14375 -3.3811075139417457 -18.00625
      vertex 40 -3.675 -18.00625
      vertex 38.1625 -3.1826433589078116 -18.00625
    endloop
  endfacet
  facet normal 0 0 1
    outer loop
      vertex 40 -6.762215027883491 -18.00625
      vertex 41.8375 -3.1826433589078116 -18.00625
      vertex 40 -3.675 -18.00625
    endloop
  endfacet
  facet normal 0 0 1
    outer loop
      vertex 34.14375 -3.3811075139417457 -18.00625
      vertex 38.1625 -3.1826433589078116 -18.00625
      vertex 36.81735664109219 -1.8375 -18.00625
    endloop
  endfacet
  facet normal 0.49999999999999983 0.8660254037844387 0
    outer loop
      vertex 34.14375 -3.3811075139417457 -18.00625
      vertex 34.14375 -3.3811075139417457 -12.25
      vertex 40 -6.762215027883491 -18.00625
    endloop
  endfacet
  facet normal 1 0 0
    outer loop
      vertex 34.14375 -3.3811075139417457 -18.00625
      vertex 34.14375 3.3811075139417457 -18.00625
      vertex 34.14375 -3.3811075139417457 -12.25
    endloop
  endfacet
  facet normal 0.49999999999999983 0.8660254037844387 -2.656413163583525e-18
    outer loop
      vertex 34.14375 -3.3811075139417457 -12.25
      vertex 40 -6.762215027883491 -12.25
      vertex 40 -6.762215027883491 -18.00625
    endloop
  endfacet
  facet normal 0 0 1
    outer loop
      vertex 40 -6.762215027883491 -18.00625
      vertex 45.85625 -3.3811075139417457 -18.00625
      vertex 41.8375 -3.1826433589078116 -18.00625
    endloop
  endfacet
  facet normal 0 0 1
    outer loop
      vertex 41.8375 -3.1826433589078116 -18.00625
      vertex 45.85625 -3.3811075139417457 -18.00625
      vertex 43.18264335890781 -1.8375 -18.00625
    endloop
  endfacet
  facet normal 0 0 1
    outer loop
      vertex 43.18264335890781 -1.8375 -18.00625
      vertex 45.85625 -3.3811075139417457 -18.00625
      vertex 43.675 0 -18.00625
    endloop
  endfacet
  facet normal -0.49999999999999983 0.8660254037844387 0
    outer loop
      vertex 40 -6.762215027883491 -18.00625
      vertex 40 -6.762215027883491 -12.25
      vertex 45.85625 -3.3811075139417457 -18.00625
    endloop
  endfacet
  facet normal -0.49999999999999983 0.8660254037844387 2.656413163583525e-18
    outer loop
      vertex 40 -6.762215027883491 -12.25
      vertex 45.85625 -3.3811075139417457 -12.25
      vertex 45.85625 -3.3811075139417457 -18.00625
    endloop
  endfacet
  facet normal -1 0 0
    outer loop
      vertex 45.85625 -3.3811075139417457 -18.00625
      vertex 45.85625 -3.3811075139417457 -12.25
      vertex 45.85625 3.3811075139417457 -12.25
    endloop
  endfacet
  facet normal 0 0 1
    outer loop
      vertex 34.14375 -3.3811075139417457 -18.00625
      vertex 36.325 0 -18.00625
      vertex 34.14375 3.3811075139417457 -18.00625
    endloop
  endfacet
  facet normal 0 0 1
    outer loop
      vertex 34.14375 3.3811075139417457 -18.00625
      vertex 36.325 0 -18.00625
      vertex 36.81735664109219 1.8375 -18.00625
    endloop
  endfacet
  facet normal 0 0 1
    outer loop
      vertex 34.14375 3.3811075139417457 -18.00625
      vertex 36.81735664109219 1.8375 -18.00625
      vertex 38.1625 3.1826433589078116 -18.00625
    endloop
  endfacet
  facet normal 0 0 1
    outer loop
      vertex 34.14375 3.3811075139417457 -18.00625
      vertex 38.1625 3.1826433589078116 -18.00625
      vertex 40 6.762215027883491 -18.00625
    endloop
  endfacet
  facet normal 0 0 1
    outer loop
      vertex 38.1625 3.1826433589078116 -18.00625
      vertex 40 3.675 -18.00625
      vertex 40 6.762215027883491 -18.00625
    endloop
  endfacet
  facet normal 1 0 0
    outer loop
      vertex 34.14375 -3.3811075139417457 -12.25
      vertex 34.14375 3.3811075139417457 -18.00625
      vertex 34.14375 3.3811075139417457 -12.25
    endloop
  endfacet
  facet normal 0.49999999999999983 -0.8660254037844387 0
    outer loop
      vertex 34.14375 3.3811075139417457 -18.00625
      vertex 40 6.762215027883491 -12.25
      vertex 34.14375 3.3811075139417457 -12.25
    endloop
  endfacet
  facet normal 0.49999999999999983 -0.8660254037844387 2.656413163583525e-18
    outer loop
      vertex 34.14375 3.3811075139417457 -18.00625
      vertex 40 6.762215027883491 -18.00625
      vertex 40 6.762215027883491 -12.25
    endloop
  endfacet
  facet normal 0 0 1
    outer loop
      vertex 43.675 0 -18.00625
      vertex 45.85625 3.3811075139417457 -18.00625
      vertex 43.18264335890781 1.8375 -18.00625
    endloop
  endfacet
  facet normal 0 0 1
    outer loop
      vertex 41.8375 3.1826433589078116 -18.00625
      vertex 43.18264335890781 1.8375 -18.00625
      vertex 45.85625 3.3811075139417457 -18.00625
    endloop
  endfacet
  facet normal 0 0 1
    outer loop
      vertex 45.85625 -3.3811075139417457 -18.00625
      vertex 45.85625 3.3811075139417457 -18.00625
      vertex 43.675 0 -18.00625
    endloop
  endfacet
  facet normal 0 0 1
    outer loop
      vertex 40 3.675 -18.00625
      vertex 41.8375 3.1826433589078116 -18.00625
      vertex 45.85625 3.3811075139417457 -18.00625
    endloop
  endfacet
  facet normal 0 0 1
    outer loop
      vertex 40 3.675 -18.00625
      vertex 45.85625 3.3811075139417457 -18.00625
      vertex 40 6.762215027883491 -18.00625
    endloop
  endfacet
  facet normal -1 0 0
    outer loop
      vertex 45.85625 -3.3811075139417457 -18.00625
      vertex 45.85625 3.3811075139417457 -12.25
      vertex 45.85625 3.3811075139417457 -18.00625
    endloop
  endfacet
  facet normal -0.49999999999999983 -0.8660254037844387 -2.656413163583525e-18
    outer loop
      vertex 40 6.762215027883491 -18.00625
      vertex 45.85625 3.3811075139417457 -18.00625
      vertex 45.85625 3.3811075139417457 -12.25
    endloop
  endfacet
  facet normal -0.49999999999999983 -0.8660254037844387 0
    outer loop
      vertex 40 6.762215027883491 -18.00625
      vertex 45.85625 3.3811075139417457 -12.25
      vertex 40 6.762215027883491 -12.25
    endloop
  endfacet
  facet normal 0.5000000000000001 3.212755264323774e-17 0.8660254037844387
    outer loop
      vertex -5.856249999999999 12.25 -3.3811075139417457
      vertex 0 12.25 -6.762215027883491
      vertex 0 18.00625 -6.762215027883491
    endloop
  endfacet
  facet normal 0.5000000000000001 0 0.8660254037844387
    outer loop
      vertex -5.856249999999999 12.25 -3.3811075139417457
      vertex 0 18.00625 -6.762215027883491
      vertex -5.856249999999999 18.00625 -3.3811075139417457
    endloop
  endfacet
  facet normal 1 0 0
    outer loop
      vertex -5.856249999999999 12.25 -3.3811075139417457
      vertex -5.856249999999999 18.00625 -3.3811075139417457
      vertex -5.856249999999999 18.00625 3.3811075139417457
    endloop
  endfacet
  facet normal 0 -1 0
    outer loop
      vertex -5.856249999999999 18.00625 -3.3811075139417457
      vertex 0 18.00625 -6.762215027883491
      vertex 0 18.00625 -3.675
    endloop
  endfacet
  facet normal 0 -1 0
    outer loop
      vertex -5.856249999999999 18.00625 -3.3811075139417457
      vertex 0 18.00625 -3.675
      vertex -1.8375 18.00625 -3.1826433589078116
    endloop
  endfacet
  facet normal 0 -1 0
    outer loop
      vertex -5.856249999999999 18.00625 -3.3811075139417457
      vertex -1.8375 18.00625 -3.1826433589078116
      vertex -3.1826433589078116 18.00625 -1.8375
    endloop
  endfacet
  facet normal 0 -1 0
    outer loop
      vertex -5.856249999999999 18.00625 -3.3811075139417457
      vertex -3.1826433589078116 18.00625 -1.8375
      vertex -3.675 18.00625 0
    endloop
  endfacet
  facet normal -0.5000000000000001 0 0.8660254037844387
    outer loop
      vertex 0 12.25 -6.762215027883491
      vertex 5.856249999999999 18.00625 -3.3811075139417457
      vertex 0 18.00625 -6.762215027883491
    endloop
  endfacet
  facet normal -0.5000000000000001 -3.212755264323774e-17 0.8660254037844387
    outer loop
      vertex 0 12.25 -6.762215027883491
      vertex 5.856249999999999 12.25 -3.3811075139417457
      vertex 5.856249999999999 18.00625 -3.3811075139417457
    endloop
  endfacet
  facet normal -1 0 0
    outer loop
      vertex 5.856249999999999 12.25 -3.3811075139417457
      vertex 5.856249999999999 12.25 3.3811075139417457
      vertex 5.856249999999999 18.00625 -3.3811075139417457
    endloop
  endfacet
  facet normal 0 -1 0
    outer loop
      vertex 0 18.00625 -6.762215027883491
      vertex 1.8375 18.00625 -3.1826433589078116
      vertex 0 18.00625 -3.675
    endloop
  endfacet
  facet normal 0 -1 0
    outer loop
      vertex 0 18.00625 -6.762215027883491
      vertex 5.856249999999999 18.00625 -3.3811075139417457
      vertex 1.8375 18.00625 -3.1826433589078116
    endloop
  endfacet
  facet normal 0 -1 0
    outer loop
      vertex 1.8375 18.00625 -3.1826433589078116
      vertex 5.856249999999999 18.00625 -3.3811075139417457
      vertex 3.1826433589078116 18.00625 -1.8375
    endloop
  endfacet
  facet normal 0 -1 0
    outer loop
      vertex 3.1826433589078116 18.00625 -1.8375
      vertex 5.856249999999999 18.00625 -3.3811075139417457
      vertex 3.675 18.00625 0
    endloop
  endfacet
  facet normal 1 0 0
    outer loop
      vertex -5.856249999999999 12.25 -3.3811075139417457
      vertex -5.856249999999999 18.00625 3.3811075139417457
      vertex -5.856249999999999 12.25 3.3811075139417457
    endloop
  endfacet
  facet normal 0.5000000000000001 0 -0.8660254037844387
    outer loop
      vertex -5.856249999999999 12.25 3.3811075139417457
      vertex -5.856249999999999 18.00625 3.3811075139417457
      vertex 0 12.25 6.762215027883491
    endloop
  endfacet
  facet normal 0.5000000000000001 -3.212755264323774e-17 -0.8660254037844387
    outer loop
      vertex -5.856249999999999 18.00625 3.3811075139417457
      vertex 0 18.00625 6.762215027883491
      vertex 0 12.25 6.762215027883491
    endloop
  endfacet
  facet normal 0 -1 0
    outer loop
      vertex -5.856249999999999 18.00625 -3.3811075139417457
      vertex -3.675 18.00625 0
      vertex -5.856249999999999 18.00625 3.3811075139417457
    endloop
  endfacet
  facet normal 0 -1 0
    outer loop
      vertex -5.856249999999999 18.00625 3.3811075139417457
      vertex -3.675 18.00625 0
      vertex -3.1826433589078116 18.00625 1.8375
    endloop
  endfacet
  facet normal 0 -1 0
    outer loop
      vertex -5.856249999999999 18.00625 3.3811075139417457
      vertex -3.1826433589078116 18.00625 1.8375
      vertex -1.8375 18.00625 3.1826433589078116
    endloop
  endfacet
  facet normal 0 -1 0
    outer loop
      vertex -5.856249999999999 18.00625 3.3811075139417457
      vertex -1.8375 18.00625 3.1826433589078116
      vertex 0 18.00625 6.762215027883491
    endloop
  endfacet
  facet normal -0.5000000000000001 0 -0.8660254037844387
    outer loop
      vertex 0 12.25 6.762215027883491
      vertex 0 18.00625 6.762215027883491
      vertex 5.856249999999999 12.25 3.3811075139417457
    endloop
  endfacet
  facet normal -1 0 0
    outer loop
      vertex 5.856249999999999 18.00625 -3.3811075139417457
      vertex 5.856249999999999 12.25 3.3811075139417457
      vertex 5.856249999999999 18.00625 3.3811075139417457
    endloop
  endfacet
  facet normal -0.5000000000000001 3.212755264323774e-17 -0.8660254037844387
    outer loop
      vertex 0 18.00625 6.762215027883491
      vertex 5.856249999999999 18.00625 3.3811075139417457
      vertex 5.856249999999999 12.25 3.3811075139417457
    endloop
  endfacet
  facet normal 0 -1 0
    outer loop
      vertex 1.8375 18.00625 3.1826433589078116
      vertex 3.1826433589078116 18.00625 1.8375
      vertex 5.856249999999999 18.00625 3.3811075139417457
    endloop
  endfacet
  facet normal 0 -1 0
    outer loop
      vertex -1.8375 18.00625 3.1826433589078116
      vertex 0 18.00625 3.675
      vertex 0 18.00625 6.762215027883491
    endloop
  endfacet
  facet normal 0 -1 0
    outer loop
      vertex 0 18.00625 3.675
      vertex 1.8375 18.00625 3.1826433589078116
      vertex 5.856249999999999 18.00625 3.3811075139417457
    endloop
  endfacet
  facet normal 0 -1 0
    outer loop
      vertex 0 18.00625 3.675
      vertex 5.856249999999999 18.00625 3.3811075139417457
      vertex 0 18.00625 6.762215027883491
    endloop
  endfacet
  facet normal 0 -1 0
    outer loop
      vertex 5.856249999999999 18.00625 -3.3811075139417457
      vertex 5.856249999999999 18.00625 3.3811075139417457
      vertex 3.675 18.00625 0
    endloop
  endfacet
  facet normal 0 -1 0
    outer loop
      vertex 3.1826433589078116 18.00625 1.8375
      vertex 3.675 18.00625 0
      vertex 5.856249999999999 18.00625 3.3811075139417457
    endloop
  endfacet
  facet normal 0 1 0
    outer loop
      vertex -5.856249999999999 -18.00625 -3.3811075139417457
      vertex -1.8375 -18.00625 -3.1826433589078116
      vertex 0 -18.00625 -6.762215027883491
    endloop
  endfacet
  facet normal 0 1 0
    outer loop
      vertex -5.856249999999999 -18.00625 -3.3811075139417457
      vertex -3.1826433589078116 -18.00625 -1.8375
      vertex -1.8375 -18.00625 -3.1826433589078116
    endloop
  endfacet
  facet normal 0 1 0
    outer loop
      vertex -5.856249999999999 -18.00625 -3.3811075139417457
      vertex -3.675 -18.00625 0
      vertex -3.1826433589078116 -18.00625 -1.8375
    endloop
  endfacet
  facet normal 0.5000000000000001 3.212755264323774e-17 0.8660254037844387
    outer loop
      vertex -5.856249999999999 -18.00625 -3.3811075139417457
      vertex 0 -18.00625 -6.762215027883491
      vertex 0 -12.25 -6.762215027883491
    endloop
  endfacet
  facet normal 0.5000000000000001 0 0.8660254037844387
    outer loop
      vertex -5.856249999999999 -18.00625 -3.3811075139417457
      vertex 0 -12.25 -6.762215027883491
      vertex -5.856249999999999 -12.25 -3.3811075139417457
    endloop
  endfacet
  facet normal 1 0 0
    outer loop
      vertex -5.856249999999999 -18.00625 -3.3811075139417457
      vertex -5.856249999999999 -12.25 -3.3811075139417457
      vertex -5.856249999999999 -12.25 3.3811075139417457
    endloop
  endfacet
  facet normal 0 1 0
    outer loop
      vertex -1.8375 -18.00625 -3.1826433589078116
      vertex 0 -18.00625 -3.675
      vertex 0 -18.00625 -6.762215027883491
    endloop
  endfacet
  facet normal 0 1 0
    outer loop
      vertex 0 -18.00625 -6.762215027883491
      vertex 0 -18.00625 -3.675
      vertex 5.856249999999999 -18.00625 -3.3811075139417457
    endloop
  endfacet
  facet normal 0 1 0
    outer loop
      vertex 0 -18.00625 -3.675
      vertex 1.8375 -18.00625 -3.1826433589078116
      vertex 5.856249999999999 -18.00625 -3.3811075139417457
    endloop
  endfacet
  facet normal 0 1 0
    outer loop
      vertex 1.8375 -18.00625 -3.1826433589078116
      vertex 3.1826433589078116 -18.00625 -1.8375
      vertex 5.856249999999999 -18.00625 -3.3811075139417457
    endloop
  endfacet
  facet normal 0 1 0
    outer loop
      vertex 3.1826433589078116 -18.00625 -1.8375
      vertex 3.675 -18.00625 0
      vertex 5.856249999999999 -18.00625 -3.3811075139417457
    endloop
  endfacet
  facet normal -0.5000000000000001 0 0.8660254037844387
    outer loop
      vertex 0 -18.00625 -6.762215027883491
      vertex 5.856249999999999 -12.25 -3.3811075139417457
      vertex 0 -12.25 -6.762215027883491
    endloop
  endfacet
  facet normal -0.5000000000000001 -3.212755264323774e-17 0.8660254037844387
    outer loop
      vertex 0 -18.00625 -6.762215027883491
      vertex 5.856249999999999 -18.00625 -3.3811075139417457
      vertex 5.856249999999999 -12.25 -3.3811075139417457
    endloop
  endfacet
  facet normal -1 0 0
    outer loop
      vertex 5.856249999999999 -18.00625 -3.3811075139417457
      vertex 5.856249999999999 -18.00625 3.3811075139417457
      vertex 5.856249999999999 -12.25 -3.3811075139417457
    endloop
  endfacet
  facet normal 0 1 0
    outer loop
      vertex -5.856249999999999 -18.00625 -3.3811075139417457
      vertex -5.856249999999999 -18.00625 3.3811075139417457
      vertex -3.675 -18.00625 0
    endloop
  endfacet
  facet normal 0 1 0
    outer loop
      vertex -5.856249999999999 -18.00625 3.3811075139417457
      vertex -3.1826433589078116 -18.00625 1.8375
      vertex -3.675 -18.00625 0
    endloop
  endfacet
  facet normal 0 1 0
    outer loop
      vertex -5.856249999999999 -18.00625 3.3811075139417457
      vertex -1.8375 -18.00625 3.1826433589078116
      vertex -3.1826433589078116 -18.00625 1.8375
    endloop
  endfacet
  facet normal 0 1 0
    outer loop
      vertex -5.856249999999999 -18.00625 3.3811075139417457
      vertex 0 -18.00625 3.675
      vertex -1.8375 -18.00625 3.1826433589078116
    endloop
  endfacet
  facet normal 0 1 0
    outer loop
      vertex -5.856249999999999 -18.00625 3.3811075139417457
      vertex 0 -18.00625 6.762215027883491
      vertex 0 -18.00625 3.675
    endloop
  endfacet
  facet normal 1 0 0
    outer loop
      vertex -5.856249999999999 -18.00625 -3.3811075139417457
      vertex -5.856249999999999 -12.25 3.3811075139417457
      vertex -5.856249999999999 -18.00625 3.3811075139417457
    endloop
  endfacet
  facet normal 0.5000000000000001 0 -0.8660254037844387
    outer loop
      vertex -5.856249999999999 -18.00625 3.3811075139417457
      vertex -5.856249999999999 -12.25 3.3811075139417457
      vertex 0 -18.00625 6.762215027883491
    endloop
  endfacet
  facet normal 0.5000000000000001 -3.212755264323774e-17 -0.8660254037844387
    outer loop
      vertex -5.856249999999999 -12.25 3.3811075139417457
      vertex 0 -12.25 6.762215027883491
      vertex 0 -18.00625 6.762215027883491
    endloop
  endfacet
  facet normal 0 1 0
    outer loop
      vertex 1.8375 -18.00625 3.1826433589078116
      vertex 5.856249999999999 -18.00625 3.3811075139417457
      vertex 3.1826433589078116 -18.00625 1.8375
    endloop
  endfacet
  facet normal 0 1 0
    outer loop
      vertex 0 -18.00625 3.675
      vertex 0 -18.00625 6.762215027883491
      vertex 1.8375 -18.00625 3.1826433589078116
    endloop
  endfacet
  facet normal 0 1 0
    outer loop
      vertex 1.8375 -18.00625 3.1826433589078116
      vertex 0 -18.00625 6.762215027883491
      vertex 5.856249999999999 -18.00625 3.3811075139417457
    endloop
  endfacet
  facet normal 0 1 0
    outer loop
      vertex 5.856249999999999 -18.00625 -3.3811075139417457
      vertex 3.675 -18.00625 0
      vertex 5.856249999999999 -18.00625 3.3811075139417457
    endloop
  endfacet
  facet normal 0 1 0
    outer loop
      vertex 3.1826433589078116 -18.00625 1.8375
      vertex 5.856249999999999 -18.00625 3.3811075139417457
      vertex 3.675 -18.00625 0
    endloop
  endfacet
  facet normal -0.5000000000000001 0 -0.8660254037844387
    outer loop
      vertex 0 -18.00625 6.762215027883491
      vertex 0 -12.25 6.762215027883491
      vertex 5.856249999999999 -18.00625 3.3811075139417457
    endloop
  endfacet
  facet normal -1 0 0
    outer loop
      vertex 5.856249999999999 -12.25 -3.3811075139417457
      vertex 5.856249999999999 -18.00625 3.3811075139417457
      vertex 5.856249999999999 -12.25 3.3811075139417457
    endloop
  endfacet
  facet normal -0.5000000000000001 3.212755264323774e-17 -0.8660254037844387
    outer loop
      vertex 0 -12.25 6.762215027883491
      vertex 5.856249999999999 -12.25 3.3811075139417457
      vertex 5.856249999999999 -18.00625 3.3811075139417457
    endloop
  endfacet
  facet normal 0.49999999999999883 0.8660254037844394 -1.2405128698929299e-17
    outer loop
      vertex 35.31212795352765 -4.055670839926158 11.317524273263263
      vertex 34.14375 -3.3811075139417457 10.53683908370022
      vertex 34.14375 -3.3811075139417457 12.25
    endloop
  endfacet
  facet normal 1 0 0
    outer loop
      vertex 34.14375 -3.3811075139417457 10.53683908370022
      vertex 34.14375 3.3811075139417457 10.53683908370022
      vertex 34.14375 -3.3811075139417457 12.25
    endloop
  endfacet
  facet normal 0.4999999999999998 0.8660254037844387 1.5713027314105425e-15
    outer loop
      vertex 35.31212795352765 -4.055670839926158 11.317524273263263
      vertex 34.14375 -3.3811075139417457 12.25
      vertex 40 -6.762215027883491 12.25
    endloop
  endfacet
  facet normal -0.49999999999999895 0.8660254037844394 1.2405128698929302e-17
    outer loop
      vertex 44.68787204647235 -4.055670839926158 11.317524273263263
      vertex 45.85625 -3.3811075139417457 12.25
      vertex 45.85625 -3.3811075139417457 10.53683908370022
    endloop
  endfacet
  facet normal -1 0 0
    outer loop
      vertex 45.85625 -3.3811075139417457 10.53683908370022
      vertex 45.85625 -3.3811075139417457 12.25
      vertex 45.85625 3.3811075139417457 12.25
    endloop
  endfacet
  facet normal -0.4999999999999998 0.8660254037844387 1.5359853888871283e-15
    outer loop
      vertex 40 -6.762215027883491 12.25
      vertex 45.85625 -3.3811075139417457 12.25
      vertex 44.68787204647235 -4.055670839926158 11.317524273263263
    endloop
  endfacet
  facet normal 1 0 0
    outer loop
      vertex 34.14375 -3.3811075139417457 12.25
      vertex 34.14375 3.3811075139417457 10.53683908370022
      vertex 34.14375 3.3811075139417457 12.25
    endloop
  endfacet
  facet normal 0.49999999999999883 -0.8660254037844394 0
    outer loop
      vertex 34.14375 3.3811075139417457 10.53683908370022
      vertex 35.31212795352765 4.055670839926158 11.317524273263263
      vertex 34.14375 3.3811075139417457 12.25
    endloop
  endfacet
  facet normal 0.4999999999999998 -0.8660254037844387 1.5934566718612766e-15
    outer loop
      vertex 34.14375 3.3811075139417457 12.25
      vertex 35.31212795352765 4.055670839926158 11.317524273263263
      vertex 40 6.762215027883491 12.25
    endloop
  endfacet
  facet normal -1 0 0
    outer loop
      vertex 45.85625 -3.3811075139417457 10.53683908370022
      vertex 45.85625 3.3811075139417457 12.25
      vertex 45.85625 3.3811075139417457 10.53683908370022
    endloop
  endfacet
  facet normal -0.49999999999999883 -0.8660254037844394 0
    outer loop
      vertex 45.85625 3.3811075139417457 10.53683908370022
      vertex 45.85625 3.3811075139417457 12.25
      vertex 44.68787204647235 4.055670839926158 11.317524273263263
    endloop
  endfacet
  facet normal -0.4999999999999998 -0.8660254037844387 1.4362029470862995e-15
    outer loop
      vertex 40 6.762215027883491 12.25
      vertex 44.68787204647235 4.055670839926158 11.317524273263263
      vertex 45.85625 3.3811075139417457 12.25
    endloop
  endfacet
  facet normal 0.4999999999999998 0.8660254037844387 -1.5417410705580983e-15
    outer loop
      vertex 35.31212795352765 -4.055670839926158 -11.317524273263263
      vertex 40 -6.762215027883491 -12.25
      vertex 34.14375 -3.3811075139417457 -12.25
    endloop
  endfacet
  facet normal 0.49999999999999895 0.8660254037844394 -1.2405128698929302e-17
    outer loop
      vertex 35.31212795352765 -4.055670839926158 -11.317524273263263
      vertex 34.14375 -3.3811075139417457 -12.25
      vertex 34.14375 -3.3811075139417457 -10.53683908370022
    endloop
  endfacet
  facet normal 1 0 0
    outer loop
      vertex 34.14375 -3.3811075139417457 -12.25
      vertex 34.14375 3.3811075139417457 -12.25
      vertex 34.14375 -3.3811075139417457 -10.53683908370022
    endloop
  endfacet
  facet normal -0.4999999999999998 0.8660254037844387 -1.4362029470862995e-15
    outer loop
      vertex 40 -6.762215027883491 -12.25
      vertex 44.68787204647235 -4.055670839926158 -11.317524273263263
      vertex 45.85625 -3.3811075139417457 -12.25
    endloop
  endfacet
  facet normal -0.49999999999999883 0.8660254037844394 1.2405128698929299e-17
    outer loop
      vertex 44.68787204647235 -4.055670839926158 -11.317524273263263
      vertex 45.85625 -3.3811075139417457 -10.53683908370022
      vertex 45.85625 -3.3811075139417457 -12.25
    endloop
  endfacet
  facet normal -1 0 0
    outer loop
      vertex 45.85625 -3.3811075139417457 -12.25
      vertex 45.85625 -3.3811075139417457 -10.53683908370022
      vertex 45.85625 3.3811075139417457 -10.53683908370022
    endloop
  endfacet
  facet normal 0.4999999999999998 -0.8660254037844387 -1.5900148631049706e-15
    outer loop
      vertex 34.14375 3.3811075139417457 -12.25
      vertex 40 6.762215027883491 -12.25
      vertex 35.31212795352765 4.055670839926158 -11.317524273263263
    endloop
  endfacet
  facet normal 1 0 0
    outer loop
      vertex 34.14375 -3.3811075139417457 -10.53683908370022
      vertex 34.14375 3.3811075139417457 -12.25
      vertex 34.14375 3.3811075139417457 -10.53683908370022
    endloop
  endfacet
  facet normal 0.49999999999999883 -0.8660254037844394 0
    outer loop
      vertex 34.14375 3.3811075139417457 -12.25
      vertex 35.31212795352765 4.055670839926158 -11.317524273263263
      vertex 34.14375 3.3811075139417457 -10.53683908370022
    endloop
  endfacet
  facet normal -0.4999999999999998 -0.8660254037844387 -1.5359853888871283e-15
    outer loop
      vertex 40 6.762215027883491 -12.25
      vertex 45.85625 3.3811075139417457 -12.25
      vertex 44.68787204647235 4.055670839926158 -11.317524273263263
    endloop
  endfacet
  facet normal -1 0 0
    outer loop
      vertex 45.85625 -3.3811075139417457 -12.25
      vertex 45.85625 3.3811075139417457 -10.53683908370022
      vertex 45.85625 3.3811075139417457 -12.25
    endloop
  endfacet
  facet normal -0.49999999999999883 -0.8660254037844394 0
    outer loop
      vertex 45.85625 3.3811075139417457 -12.25
      vertex 45.85625 3.3811075139417457 -10.53683908370022
      vertex 44.68787204647235 4.055670839926158 -11.317524273263263
    endloop
  endfacet
  facet normal 0.5 0 0.8660254037844387
    outer loop
      vertex -5.856249999999999 10.53683908370022 -3.3811075139417457
      vertex -4.68787204647235 11.317524273263263 -4.055670839926158
      vertex -5.856249999999999 12.25 -3.3811075139417457
    endloop
  endfacet
  facet normal 1 0 0
    outer loop
      vertex -5.856249999999999 10.53683908370022 -3.3811075139417457
      vertex -5.856249999999999 12.25 -3.3811075139417457
      vertex -5.856249999999999 12.25 3.3811075139417457
    endloop
  endfacet
  facet normal 0.5 4.637656008508094e-17 0.8660254037844386
    outer loop
      vertex -4.68787204647235 11.317524273263263 -4.055670839926158
      vertex 0 12.25 -6.762215027883491
      vertex -5.856249999999999 12.25 -3.3811075139417457
    endloop
  endfacet
  facet normal -0.5 0 0.8660254037844387
    outer loop
      vertex 5.856249999999999 10.53683908370022 -3.3811075139417457
      vertex 5.856249999999999 12.25 -3.3811075139417457
      vertex 4.68787204647235 11.317524273263263 -4.055670839926158
    endloop
  endfacet
  facet normal -1 0 0
    outer loop
      vertex 5.856249999999999 10.53683908370022 -3.3811075139417457
      vertex 5.856249999999999 10.53683908370022 3.3811075139417457
      vertex 5.856249999999999 12.25 -3.3811075139417457
    endloop
  endfacet
  facet normal -0.5 1.1059217561666733e-17 0.8660254037844386
    outer loop
      vertex 0 12.25 -6.762215027883491
      vertex 4.68787204647235 11.317524273263263 -4.055670839926158
      vertex 5.856249999999999 12.25 -3.3811075139417457
    endloop
  endfacet
  facet normal 1 0 0
    outer loop
      vertex -5.856249999999999 10.53683908370022 -3.3811075139417457
      vertex -5.856249999999999 12.25 3.3811075139417457
      vertex -5.856249999999999 10.53683908370022 3.3811075139417457
    endloop
  endfacet
  facet normal 0.5 0 -0.8660254037844387
    outer loop
      vertex -5.856249999999999 10.53683908370022 3.3811075139417457
      vertex -5.856249999999999 12.25 3.3811075139417457
      vertex -4.68787204647235 11.317524273263263 4.055670839926158
    endloop
  endfacet
  facet normal 0.5 4.060543902458681e-17 -0.8660254037844386
    outer loop
      vertex -5.856249999999999 12.25 3.3811075139417457
      vertex 0 12.25 6.762215027883491
      vertex -4.68787204647235 11.317524273263263 4.055670839926158
    endloop
  endfacet
  facet normal -1 0 0
    outer loop
      vertex 5.856249999999999 12.25 -3.3811075139417457
      vertex 5.856249999999999 10.53683908370022 3.3811075139417457
      vertex 5.856249999999999 12.25 3.3811075139417457
    endloop
  endfacet
  facet normal -0.5 0 -0.8660254037844387
    outer loop
      vertex 5.856249999999999 10.53683908370022 3.3811075139417457
      vertex 4.68787204647235 11.317524273263263 4.055670839926158
      vertex 5.856249999999999 12.25 3.3811075139417457
    endloop
  endfacet
  facet normal -0.5 2.764828713417003e-17 -0.8660254037844386
    outer loop
      vertex 0 12.25 6.762215027883491
      vertex 5.856249999999999 12.25 3.3811075139417457
      vertex 4.68787204647235 11.317524273263263 4.055670839926158
    endloop
  endfacet
  facet normal 0.5 -6.275867760836233e-17 0.8660254037844386
    outer loop
      vertex -4.68787204647235 -11.317524273263263 -4.055670839926158
      vertex -5.856249999999999 -12.25 -3.3811075139417457
      vertex 0 -12.25 -6.762215027883491
    endloop
  endfacet
  facet normal 0.5 1.574475172846698e-17 0.8660254037844387
    outer loop
      vertex -4.68787204647235 -11.317524273263263 -4.055670839926158
      vertex -5.856249999999999 -10.53683908370022 -3.3811075139417457
      vertex -5.856249999999999 -12.25 -3.3811075139417457
    endloop
  endfacet
  facet normal 1 0 0
    outer loop
      vertex -5.856249999999999 -12.25 -3.3811075139417457
      vertex -5.856249999999999 -10.53683908370022 -3.3811075139417457
      vertex -5.856249999999999 -10.53683908370022 3.3811075139417457
    endloop
  endfacet
  facet normal -0.5 -2.764828713417003e-17 0.8660254037844386
    outer loop
      vertex 0 -12.25 -6.762215027883491
      vertex 5.856249999999999 -12.25 -3.3811075139417457
      vertex 4.68787204647235 -11.317524273263263 -4.055670839926158
    endloop
  endfacet
  facet normal -0.5 -1.574475172846698e-17 0.8660254037844387
    outer loop
      vertex 4.68787204647235 -11.317524273263263 -4.055670839926158
      vertex 5.856249999999999 -12.25 -3.3811075139417457
      vertex 5.856249999999999 -10.53683908370022 -3.3811075139417457
    endloop
  endfacet
  facet normal -1 0 0
    outer loop
      vertex 5.856249999999999 -12.25 -3.3811075139417457
      vertex 5.856249999999999 -12.25 3.3811075139417457
      vertex 5.856249999999999 -10.53683908370022 -3.3811075139417457
    endloop
  endfacet
  facet normal 0.5 -6.852979866885646e-17 -0.8660254037844386
    outer loop
      vertex -5.856249999999999 -12.25 3.3811075139417457
      vertex -4.68787204647235 -11.317524273263263 4.055670839926158
      vertex 0 -12.25 6.762215027883491
    endloop
  endfacet
  facet normal 1 0 0
    outer loop
      vertex -5.856249999999999 -12.25 -3.3811075139417457
      vertex -5.856249999999999 -10.53683908370022 3.3811075139417457
      vertex -5.856249999999999 -12.25 3.3811075139417457
    endloop
  endfacet
  facet normal 0.5 0 -0.8660254037844387
    outer loop
      vertex -5.856249999999999 -12.25 3.3811075139417457
      vertex -5.856249999999999 -10.53683908370022 3.3811075139417457
      vertex -4.68787204647235 -11.317524273263263 4.055670839926158
    endloop
  endfacet
  facet normal -0.5 -1.1059217561666733e-17 -0.8660254037844386
    outer loop
      vertex 0 -12.25 6.762215027883491
      vertex 4.68787204647235 -11.317524273263263 4.055670839926158
      vertex 5.856249999999999 -12.25 3.3811075139417457
    endloop
  endfacet
  facet normal -1 0 0
    outer loop
      vertex 5.856249999999999 -10.53683908370022 -3.3811075139417457
      vertex 5.856249999999999 -12.25 3.3811075139417457
      vertex 5.856249999999999 -10.53683908370022 3.3811075139417457
    endloop
  endfacet
  facet normal -0.5 0 -0.8660254037844387
    outer loop
      vertex 5.856249999999999 -12.25 3.3811075139417457
      vertex 4.68787204647235 -11.317524273263263 4.055670839926158
      vertex 5.856249999999999 -10.53683908370022 3.3811075139417457
    endloop
  endfacet
  facet normal 0.2588190451025211 0.9659258262890681 0
    outer loop
      vertex 38.1625 -3.1826433589078116 18.00625
      vertex 38.1625 -3.1826433589078116 23.264988163345826
      vertex 40 -3.675 18.00625
    endloop
  endfacet
  facet normal -0.2588190451025211 0.9659258262890681 0
    outer loop
      vertex 40 -3.675 18.00625
      vertex 40 -3.675 23.362499999999997
      vertex 41.8375 -3.1826433589078116 18.00625
    endloop
  endfacet
  facet normal 0.2588190451025211 0.9659258262890681 0
    outer loop
      vertex 40 -3.675 18.00625
      vertex 38.1625 -3.1826433589078116 23.264988163345826
      vertex 40 -3.675 23.362499999999997
    endloop
  endfacet
  facet normal -0.2588190451025211 0.9659258262890682 0
    outer loop
      vertex 41.8375 -3.1826433589078116 18.00625
      vertex 40 -3.675 23.362499999999997
      vertex 41.8375 -3.1826433589078116 22.996998524939876
    endloop
  endfacet
  facet normal 0.7071067811865475 0.7071067811865476 0
    outer loop
      vertex 36.81735664109219 -1.8375 18.00625
      vertex 36.81735664109219 -1.8375 23.193604544575614
      vertex 38.1625 -3.1826433589078116 18.00625
    endloop
  endfacet
  facet normal 0.9659258262890685 0.25881904510252 4.453931603011164e-18
    outer loop
      vertex 36.81735664109219 -1.8375 18.00625
      vertex 36.325 0 18.00625
      vertex 36.325 0 23.167476326691652
    endloop
  endfacet
  facet normal 0.7071067811865475 0.7071067811865477 0
    outer loop
      vertex 38.1625 -3.1826433589078116 18.00625
      vertex 36.81735664109219 -1.8375 23.193604544575614
      vertex 38.1625 -3.1826433589078116 23.264988163345826
    endloop
  endfacet
  facet normal 0.9659258262890684 0.25881904510252 0
    outer loop
      vertex 36.81735664109219 -1.8375 18.00625
      vertex 36.325 0 23.167476326691652
      vertex 36.81735664109219 -1.8375 23.193604544575614
    endloop
  endfacet
  facet normal -0.7071067811865474 0.7071067811865477 0
    outer loop
      vertex 41.8375 -3.1826433589078116 18.00625
      vertex 41.8375 -3.1826433589078116 22.996998524939876
      vertex 43.18264335890781 -1.8375 18.00625
    endloop
  endfacet
  facet normal -0.9659258262890684 0.25881904510252 0
    outer loop
      vertex 43.18264335890781 -1.8375 18.00625
      vertex 43.18264335890781 -1.8375 22.729432874954497
      vertex 43.675 0 18.00625
    endloop
  endfacet
  facet normal -0.7071067811865474 0.7071067811865476 0
    outer loop
      vertex 43.18264335890781 -1.8375 18.00625
      vertex 41.8375 -3.1826433589078116 22.996998524939876
      vertex 43.18264335890781 -1.8375 22.729432874954497
    endloop
  endfacet
  facet normal -0.9659258262890686 0.2588190451025201 0
    outer loop
      vertex 43.675 0 18.00625
      vertex 43.18264335890781 -1.8375 22.729432874954497
      vertex 43.675 0 22.631497049879755
    endloop
  endfacet
  facet normal 0.9659258262890684 -0.25881904510252 -4.43149756763461e-18
    outer loop
      vertex 36.325 0 18.00625
      vertex 36.81735664109219 1.8375 18.00625
      vertex 36.81735664109219 1.8375 23.193604544575614
    endloop
  endfacet
  facet normal 0.7071067811865475 -0.7071067811865477 7.573331274112082e-18
    outer loop
      vertex 36.81735664109219 1.8375 18.00625
      vertex 38.1625 3.1826433589078116 18.00625
      vertex 38.1625 3.1826433589078116 23.264988163345826
    endloop
  endfacet
  facet normal 0.9659258262890685 -0.25881904510252 0
    outer loop
      vertex 36.325 0 18.00625
      vertex 36.81735664109219 1.8375 23.193604544575614
      vertex 36.325 0 23.167476326691652
    endloop
  endfacet
  facet normal 0.7071067811865475 -0.7071067811865476 0
    outer loop
      vertex 36.81735664109219 1.8375 18.00625
      vertex 38.1625 3.1826433589078116 23.264988163345826
      vertex 36.81735664109219 1.8375 23.193604544575614
    endloop
  endfacet
  facet normal 0.2588190451025211 -0.9659258262890681 1.0660069684970033e-18
    outer loop
      vertex 38.1625 3.1826433589078116 18.00625
      vertex 40 3.675 18.00625
      vertex 40 3.675 23.362499999999997
    endloop
  endfacet
  facet normal -0.2588190451025211 -0.9659258262890682 -1.1440768446815015e-18
    outer loop
      vertex 40 3.675 18.00625
      vertex 41.8375 3.1826433589078116 18.00625
      vertex 41.8375 3.1826433589078116 22.996998524939876
    endloop
  endfacet
  facet normal 0.2588190451025211 -0.9659258262890681 0
    outer loop
      vertex 38.1625 3.1826433589078116 18.00625
      vertex 40 3.675 23.362499999999997
      vertex 38.1625 3.1826433589078116 23.264988163345826
    endloop
  endfacet
  facet normal -0.2588190451025211 -0.9659258262890681 0
    outer loop
      vertex 40 3.675 18.00625
      vertex 41.8375 3.1826433589078116 22.996998524939876
      vertex 40 3.675 23.362499999999997
    endloop
  endfacet
  facet normal -0.9659258262890686 -0.2588190451025201 0
    outer loop
      vertex 43.675 0 18.00625
      vertex 43.675 0 22.631497049879755
      vertex 43.18264335890781 1.8375 18.00625
    endloop
  endfacet
  facet normal -0.7071067811865474 -0.7071067811865476 -8.432061016739131e-18
    outer loop
      vertex 41.8375 3.1826433589078116 18.00625
      vertex 43.18264335890781 1.8375 18.00625
      vertex 43.18264335890781 1.8375 22.729432874954497
    endloop
  endfacet
  facet normal -0.9659258262890684 -0.25881904510252 0
    outer loop
      vertex 43.18264335890781 1.8375 18.00625
      vertex 43.675 0 22.631497049879755
      vertex 43.18264335890781 1.8375 22.729432874954497
    endloop
  endfacet
  facet normal -0.7071067811865474 -0.7071067811865477 0
    outer loop
      vertex 41.8375 3.1826433589078116 18.00625
      vertex 43.18264335890781 1.8375 22.729432874954497
      vertex 41.8375 3.1826433589078116 22.996998524939876
    endloop
  endfacet
  facet normal 0.2588190451025211 0.9659258262890681 0
    outer loop
      vertex 38.1625 -3.1826433589078116 -18.00625
      vertex 40 -3.675 -23.362499999999997
      vertex 38.1625 -3.1826433589078116 -23.264988163345826
    endloop
  endfacet
  facet normal -0.2588190451025211 0.9659258262890681 0
    outer loop
      vertex 40 -3.675 -18.00625
      vertex 41.8375 -3.1826433589078116 -22.996998524939876
      vertex 40 -3.675 -23.362499999999997
    endloop
  endfacet
  facet normal 0.2588190451025211 0.9659258262890681 -1.0660069684970033e-18
    outer loop
      vertex 38.1625 -3.1826433589078116 -18.00625
      vertex 40 -3.675 -18.00625
      vertex 40 -3.675 -23.362499999999997
    endloop
  endfacet
  facet normal -0.2588190451025211 0.9659258262890682 1.1440768446815015e-18
    outer loop
      vertex 40 -3.675 -18.00625
      vertex 41.8375 -3.1826433589078116 -18.00625
      vertex 41.8375 -3.1826433589078116 -22.996998524939876
    endloop
  endfacet
  facet normal 0.7071067811865475 0.7071067811865476 0
    outer loop
      vertex 36.81735664109219 -1.8375 -18.00625
      vertex 38.1625 -3.1826433589078116 -23.264988163345826
      vertex 36.81735664109219 -1.8375 -23.193604544575614
    endloop
  endfacet
  facet normal 0.9659258262890685 0.25881904510252 0
    outer loop
      vertex 36.325 0 -18.00625
      vertex 36.81735664109219 -1.8375 -23.193604544575614
      vertex 36.325 0 -23.167476326691652
    endloop
  endfacet
  facet normal 0.7071067811865475 0.7071067811865477 -7.573331274112082e-18
    outer loop
      vertex 36.81735664109219 -1.8375 -18.00625
      vertex 38.1625 -3.1826433589078116 -18.00625
      vertex 38.1625 -3.1826433589078116 -23.264988163345826
    endloop
  endfacet
  facet normal 0.9659258262890684 0.25881904510252 0
    outer loop
      vertex 36.81735664109219 -1.8375 -18.00625
      vertex 36.81735664109219 -1.8375 -23.193604544575614
      vertex 36.325 0 -18.00625
    endloop
  endfacet
  facet normal -0.7071067811865474 0.7071067811865477 0
    outer loop
      vertex 41.8375 -3.1826433589078116 -18.00625
      vertex 43.18264335890781 -1.8375 -22.729432874954497
      vertex 41.8375 -3.1826433589078116 -22.996998524939876
    endloop
  endfacet
  facet normal -0.9659258262890684 0.25881904510252 0
    outer loop
      vertex 43.18264335890781 -1.8375 -18.00625
      vertex 43.675 0 -22.631497049879755
      vertex 43.18264335890781 -1.8375 -22.729432874954497
    endloop
  endfacet
  facet normal -0.7071067811865474 0.7071067811865476 8.432061016739131e-18
    outer loop
      vertex 41.8375 -3.1826433589078116 -18.00625
      vertex 43.18264335890781 -1.8375 -18.00625
      vertex 43.18264335890781 -1.8375 -22.729432874954497
    endloop
  endfacet
  facet normal -0.9659258262890686 0.2588190451025201 -4.970058636617649e-18
    outer loop
      vertex 43.18264335890781 -1.8375 -18.00625
      vertex 43.675 0 -18.00625
      vertex 43.675 0 -22.631497049879755
    endloop
  endfacet
  facet normal 0.9659258262890684 -0.25881904510252 0
    outer loop
      vertex 36.81735664109219 1.8375 -18.00625
      vertex 36.325 0 -23.167476326691652
      vertex 36.81735664109219 1.8375 -23.193604544575614
    endloop
  endfacet
  facet normal 0.7071067811865475 -0.7071067811865477 0
    outer loop
      vertex 38.1625 3.1826433589078116 -18.00625
      vertex 36.81735664109219 1.8375 -23.193604544575614
      vertex 38.1625 3.1826433589078116 -23.264988163345826
    endloop
  endfacet
  facet normal 0.9659258262890685 -0.25881904510252 0
    outer loop
      vertex 36.325 0 -18.00625
      vertex 36.325 0 -23.167476326691652
      vertex 36.81735664109219 1.8375 -18.00625
    endloop
  endfacet
  facet normal 0.7071067811865475 -0.7071067811865476 0
    outer loop
      vertex 36.81735664109219 1.8375 -18.00625
      vertex 36.81735664109219 1.8375 -23.193604544575614
      vertex 38.1625 3.1826433589078116 -18.00625
    endloop
  endfacet
  facet normal 0.2588190451025211 -0.9659258262890681 0
    outer loop
      vertex 40 3.675 -18.00625
      vertex 38.1625 3.1826433589078116 -23.264988163345826
      vertex 40 3.675 -23.362499999999997
    endloop
  endfacet
  facet normal -0.2588190451025211 -0.9659258262890682 0
    outer loop
      vertex 41.8375 3.1826433589078116 -18.00625
      vertex 40 3.675 -23.362499999999997
      vertex 41.8375 3.1826433589078116 -22.996998524939876
    endloop
  endfacet
  facet normal 0.2588190451025211 -0.9659258262890681 0
    outer loop
      vertex 38.1625 3.1826433589078116 -18.00625
      vertex 38.1625 3.1826433589078116 -23.264988163345826
      vertex 40 3.675 -18.00625
    endloop
  endfacet
  facet normal -0.2588190451025211 -0.9659258262890681 0
    outer loop
      vertex 40 3.675 -18.00625
      vertex 40 3.675 -23.362499999999997
      vertex 41.8375 3.1826433589078116 -18.00625
    endloop
  endfacet
  facet normal -0.9659258262890686 -0.2588190451025201 0
    outer loop
      vertex 43.675 0 -18.00625
      vertex 43.18264335890781 1.8375 -22.729432874954497
      vertex 43.675 0 -22.631497049879755
    endloop
  endfacet
  facet normal -0.7071067811865474 -0.7071067811865476 0
    outer loop
      vertex 43.18264335890781 1.8375 -18.00625
      vertex 41.8375 3.1826433589078116 -22.996998524939876
      vertex 43.18264335890781 1.8375 -22.729432874954497
    endloop
  endfacet
  facet normal -0.9659258262890684 -0.25881904510252 4.867003809791429e-18
    outer loop
      vertex 43.675 0 -18.00625
      vertex 43.18264335890781 1.8375 -18.00625
      vertex 43.18264335890781 1.8375 -22.729432874954497
    endloop
  endfacet
  facet normal -0.7071067811865474 -0.7071067811865477 0
    outer loop
      vertex 41.8375 3.1826433589078116 -18.00625
      vertex 41.8375 3.1826433589078116 -22.996998524939876
      vertex 43.18264335890781 1.8375 -18.00625
    endloop
  endfacet
  facet normal 0.7071067811865476 8.16434849005484e-18 0.7071067811865476
    outer loop
      vertex -3.1826433589078116 18.00625 -1.8375
      vertex -1.8375 18.00625 -3.1826433589078116
      vertex -1.8375 22.996998524939876 -3.1826433589078116
    endloop
  endfacet
  facet normal 0.9659258262890682 0 0.2588190451025209
    outer loop
      vertex -3.1826433589078116 18.00625 -1.8375
      vertex -3.1826433589078116 22.729432874954497 -1.8375
      vertex -3.675 18.00625 0
    endloop
  endfacet
  facet normal 0.7071067811865475 0 0.7071067811865475
    outer loop
      vertex -3.1826433589078116 18.00625 -1.8375
      vertex -1.8375 22.996998524939876 -3.1826433589078116
      vertex -3.1826433589078116 22.729432874954497 -1.8375
    endloop
  endfacet
  facet normal 0.9659258262890682 0 0.2588190451025209
    outer loop
      vertex -3.675 18.00625 0
      vertex -3.1826433589078116 22.729432874954497 -1.8375
      vertex -3.675 22.631497049879755 0
    endloop
  endfacet
  facet normal 0.2588190451025209 -6.662543553106266e-20 0.9659258262890682
    outer loop
      vertex -1.8375 18.00625 -3.1826433589078116
      vertex 0 18.00625 -3.675
      vertex 0 23.362499999999997 -3.675
    endloop
  endfacet
  facet normal -0.2588190451025209 6.786085900808636e-20 0.9659258262890682
    outer loop
      vertex 0 18.00625 -3.675
      vertex 1.8375 18.00625 -3.1826433589078116
      vertex 1.8375 23.264988163345826 -3.1826433589078116
    endloop
  endfacet
  facet normal -0.7071067811865475 -7.854911368347545e-18 0.7071067811865475
    outer loop
      vertex 1.8375 18.00625 -3.1826433589078116
      vertex 3.1826433589078116 18.00625 -1.8375
      vertex 3.1826433589078116 23.193604544575614 -1.8375
    endloop
  endfacet
  facet normal -0.9659258262890683 6.914296457369332e-20 0.2588190451025209
    outer loop
      vertex 3.1826433589078116 18.00625 -1.8375
      vertex 3.675 18.00625 0
      vertex 3.675 23.167476326691652 0
    endloop
  endfacet
  facet normal 0.2588190451025209 0 0.9659258262890683
    outer loop
      vertex -1.8375 18.00625 -3.1826433589078116
      vertex 0 23.362499999999997 -3.675
      vertex -1.8375 22.996998524939876 -3.1826433589078116
    endloop
  endfacet
  facet normal -0.2588190451025209 0 0.9659258262890682
    outer loop
      vertex 0 18.00625 -3.675
      vertex 1.8375 23.264988163345826 -3.1826433589078116
      vertex 0 23.362499999999997 -3.675
    endloop
  endfacet
  facet normal -0.7071067811865476 0 0.7071067811865476
    outer loop
      vertex 1.8375 18.00625 -3.1826433589078116
      vertex 3.1826433589078116 23.193604544575614 -1.8375
      vertex 1.8375 23.264988163345826 -3.1826433589078116
    endloop
  endfacet
  facet normal -0.9659258262890682 0 0.2588190451025209
    outer loop
      vertex 3.1826433589078116 18.00625 -1.8375
      vertex 3.675 23.167476326691652 0
      vertex 3.1826433589078116 23.193604544575614 -1.8375
    endloop
  endfacet
  facet normal 0.9659258262890682 0 -0.2588190451025209
    outer loop
      vertex -3.675 18.00625 0
      vertex -3.675 22.631497049879755 0
      vertex -3.1826433589078116 18.00625 1.8375
    endloop
  endfacet
  facet normal 0.7071067811865475 0 -0.7071067811865475
    outer loop
      vertex -3.1826433589078116 18.00625 1.8375
      vertex -3.1826433589078116 22.729432874954497 1.8375
      vertex -1.8375 18.00625 3.1826433589078116
    endloop
  endfacet
  facet normal 0.9659258262890682 0 -0.2588190451025209
    outer loop
      vertex -3.1826433589078116 18.00625 1.8375
      vertex -3.675 22.631497049879755 0
      vertex -3.1826433589078116 22.729432874954497 1.8375
    endloop
  endfacet
  facet normal 0.7071067811865476 0 -0.7071067811865476
    outer loop
      vertex -1.8375 18.00625 3.1826433589078116
      vertex -3.1826433589078116 22.729432874954497 1.8375
      vertex -1.8375 22.996998524939876 3.1826433589078116
    endloop
  endfacet
  facet normal -0.9659258262890682 0 -0.2588190451025209
    outer loop
      vertex 3.1826433589078116 18.00625 1.8375
      vertex 3.1826433589078116 23.193604544575614 1.8375
      vertex 3.675 18.00625 0
    endloop
  endfacet
  facet normal -0.7071067811865476 0 -0.7071067811865476
    outer loop
      vertex 1.8375 18.00625 3.1826433589078116
      vertex 1.8375 23.264988163345826 3.1826433589078116
      vertex 3.1826433589078116 18.00625 1.8375
    endloop
  endfacet
  facet normal 0.2588190451025209 0 -0.9659258262890683
    outer loop
      vertex -1.8375 18.00625 3.1826433589078116
      vertex -1.8375 22.996998524939876 3.1826433589078116
      vertex 0 18.00625 3.675
    endloop
  endfacet
  facet normal -0.2588190451025209 0 -0.9659258262890682
    outer loop
      vertex 0 18.00625 3.675
      vertex 0 23.362499999999997 3.675
      vertex 1.8375 18.00625 3.1826433589078116
    endloop
  endfacet
  facet normal -0.9659258262890683 0 -0.2588190451025209
    outer loop
      vertex 3.675 18.00625 0
      vertex 3.1826433589078116 23.193604544575614 1.8375
      vertex 3.675 23.167476326691652 0
    endloop
  endfacet
  facet normal -0.7071067811865475 0 -0.7071067811865475
    outer loop
      vertex 3.1826433589078116 18.00625 1.8375
      vertex 1.8375 23.264988163345826 3.1826433589078116
      vertex 3.1826433589078116 23.193604544575614 1.8375
    endloop
  endfacet
  facet normal 0.2588190451025209 0 -0.9659258262890682
    outer loop
      vertex 0 18.00625 3.675
      vertex -1.8375 22.996998524939876 3.1826433589078116
      vertex 0 23.362499999999997 3.675
    endloop
  endfacet
  facet normal -0.2588190451025209 0 -0.9659258262890682
    outer loop
      vertex 1.8375 18.00625 3.1826433589078116
      vertex 0 23.362499999999997 3.675
      vertex 1.8375 23.264988163345826 3.1826433589078116
    endloop
  endfacet
  facet normal 0.7071067811865476 0 0.7071067811865476
    outer loop
      vertex -1.8375 -18.00625 -3.1826433589078116
      vertex -3.1826433589078116 -22.729432874954497 -1.8375
      vertex -1.8375 -22.996998524939876 -3.1826433589078116
    endloop
  endfacet
  facet normal 0.9659258262890682 0 0.2588190451025209
    outer loop
      vertex -3.1826433589078116 -18.00625 -1.8375
      vertex -3.675 -22.631497049879755 0
      vertex -3.1826433589078116 -22.729432874954497 -1.8375
    endloop
  endfacet
  facet normal 0.7071067811865475 0 0.7071067811865475
    outer loop
      vertex -3.1826433589078116 -18.00625 -1.8375
      vertex -3.1826433589078116 -22.729432874954497 -1.8375
      vertex -1.8375 -18.00625 -3.1826433589078116
    endloop
  endfacet
  facet normal 0.9659258262890682 -7.715533575066694e-20 0.2588190451025209
    outer loop
      vertex -3.1826433589078116 -18.00625 -1.8375
      vertex -3.675 -18.00625 0
      vertex -3.675 -22.631497049879755 0
    endloop
  endfacet
  facet normal 0.2588190451025209 0 0.9659258262890682
    outer loop
      vertex 0 -18.00625 -3.675
      vertex -1.8375 -22.996998524939876 -3.1826433589078116
      vertex 0 -23.362499999999997 -3.675
    endloop
  endfacet
  facet normal -0.2588190451025209 0 0.9659258262890682
    outer loop
      vertex 1.8375 -18.00625 -3.1826433589078116
      vertex 0 -23.362499999999997 -3.675
      vertex 1.8375 -23.264988163345826 -3.1826433589078116
    endloop
  endfacet
  facet normal -0.7071067811865475 0 0.7071067811865475
    outer loop
      vertex 3.1826433589078116 -18.00625 -1.8375
      vertex 1.8375 -23.264988163345826 -3.1826433589078116
      vertex 3.1826433589078116 -23.193604544575614 -1.8375
    endloop
  endfacet
  facet normal -0.9659258262890683 0 0.2588190451025209
    outer loop
      vertex 3.675 -18.00625 0
      vertex 3.1826433589078116 -23.193604544575614 -1.8375
      vertex 3.675 -23.167476326691652 0
    endloop
  endfacet
  facet normal 0.2588190451025209 0 0.9659258262890683
    outer loop
      vertex -1.8375 -18.00625 -3.1826433589078116
      vertex -1.8375 -22.996998524939876 -3.1826433589078116
      vertex 0 -18.00625 -3.675
    endloop
  endfacet
  facet normal -0.2588190451025209 0 0.9659258262890682
    outer loop
      vertex 0 -18.00625 -3.675
      vertex 0 -23.362499999999997 -3.675
      vertex 1.8375 -18.00625 -3.1826433589078116
    endloop
  endfacet
  facet normal -0.7071067811865476 0 0.7071067811865476
    outer loop
      vertex 1.8375 -18.00625 -3.1826433589078116
      vertex 1.8375 -23.264988163345826 -3.1826433589078116
      vertex 3.1826433589078116 -18.00625 -1.8375
    endloop
  endfacet
  facet normal -0.9659258262890682 0 0.2588190451025209
    outer loop
      vertex 3.1826433589078116 -18.00625 -1.8375
      vertex 3.1826433589078116 -23.193604544575614 -1.8375
      vertex 3.675 -18.00625 0
    endloop
  endfacet
  facet normal 0.9659258262890682 0 -0.2588190451025209
    outer loop
      vertex -3.675 -18.00625 0
      vertex -3.1826433589078116 -22.729432874954497 1.8375
      vertex -3.675 -22.631497049879755 0
    endloop
  endfacet
  facet normal 0.7071067811865475 0 -0.7071067811865475
    outer loop
      vertex -3.1826433589078116 -18.00625 1.8375
      vertex -1.8375 -22.996998524939876 3.1826433589078116
      vertex -3.1826433589078116 -22.729432874954497 1.8375
    endloop
  endfacet
  facet normal 0.9659258262890682 7.555550960255634e-20 -0.2588190451025209
    outer loop
      vertex -3.675 -18.00625 0
      vertex -3.1826433589078116 -18.00625 1.8375
      vertex -3.1826433589078116 -22.729432874954497 1.8375
    endloop
  endfacet
  facet normal 0.7071067811865476 -8.16434849005484e-18 -0.7071067811865476
    outer loop
      vertex -3.1826433589078116 -18.00625 1.8375
      vertex -1.8375 -18.00625 3.1826433589078116
      vertex -1.8375 -22.996998524939876 3.1826433589078116
    endloop
  endfacet
  facet normal -0.9659258262890682 0 -0.2588190451025209
    outer loop
      vertex 3.1826433589078116 -18.00625 1.8375
      vertex 3.675 -23.167476326691652 0
      vertex 3.1826433589078116 -23.193604544575614 1.8375
    endloop
  endfacet
  facet normal -0.7071067811865476 0 -0.7071067811865476
    outer loop
      vertex 1.8375 -18.00625 3.1826433589078116
      vertex 3.1826433589078116 -23.193604544575614 1.8375
      vertex 1.8375 -23.264988163345826 3.1826433589078116
    endloop
  endfacet
  facet normal 0.2588190451025209 0 -0.9659258262890683
    outer loop
      vertex -1.8375 -18.00625 3.1826433589078116
      vertex 0 -23.362499999999997 3.675
      vertex -1.8375 -22.996998524939876 3.1826433589078116
    endloop
  endfacet
  facet normal -0.2588190451025209 0 -0.9659258262890682
    outer loop
      vertex 0 -18.00625 3.675
      vertex 1.8375 -23.264988163345826 3.1826433589078116
      vertex 0 -23.362499999999997 3.675
    endloop
  endfacet
  facet normal -0.9659258262890683 -6.914296457369332e-20 -0.2588190451025209
    outer loop
      vertex 3.1826433589078116 -18.00625 1.8375
      vertex 3.675 -18.00625 0
      vertex 3.675 -23.167476326691652 0
    endloop
  endfacet
  facet normal -0.7071067811865475 7.854911368347545e-18 -0.7071067811865475
    outer loop
      vertex 1.8375 -18.00625 3.1826433589078116
      vertex 3.1826433589078116 -18.00625 1.8375
      vertex 3.1826433589078116 -23.193604544575614 1.8375
    endloop
  endfacet
  facet normal 0.2588190451025209 6.662543553106266e-20 -0.9659258262890682
    outer loop
      vertex -1.8375 -18.00625 3.1826433589078116
      vertex 0 -18.00625 3.675
      vertex 0 -23.362499999999997 3.675
    endloop
  endfacet
  facet normal -0.2588190451025209 -6.786085900808636e-20 -0.9659258262890682
    outer loop
      vertex 0 -18.00625 3.675
      vertex 1.8375 -18.00625 3.1826433589078116
      vertex 1.8375 -23.264988163345826 3.1826433589078116
    endloop
  endfacet
  facet normal 0.19509032201612816 0 0.9807852804032304
    outer loop
      vertex 40 -6.762215027883491 -12.25
      vertex 35.31212795352765 -21.46082045505176 -11.317524273263263
      vertex 40 -21.18487778113935 -12.25
    endloop
  endfacet
  facet normal -0.19509032201612816 0 0.9807852804032304
    outer loop
      vertex 40 -6.762215027883491 -12.25
      vertex 40 -21.18487778113935 -12.25
      vertex 44.68787204647235 -20.929939992565235 -11.317524273263263
    endloop
  endfacet
  facet normal 0.5555702330196025 0 0.8314696123025451
    outer loop
      vertex 35.31212795352765 -4.055670839926158 -11.317524273263263
      vertex 32.808028998651615 -21.621454468211226 -9.644338844379053
      vertex 35.31212795352765 -21.46082045505176 -11.317524273263263
    endloop
  endfacet
  facet normal 0.8314696123025451 -3.1496818180787604e-18 0.5555702330196025
    outer loop
      vertex 28.682475726736737 -21.84038795216173 -4.68787204647235
      vertex 31.337941930464794 -21.69946855804004 -8.662058069535208
      vertex 31.337941930464794 21.69946855804004 -8.662058069535208
    endloop
  endfacet
  facet normal 0.9807852804032304 5.453793318777943e-19 0.19509032201612814
    outer loop
      vertex 27.75 -21.88987226277372 0
      vertex 28.682475726736737 -21.84038795216173 -4.68787204647235
      vertex 28.682475726736737 21.84038795216173 -4.68787204647235
    endloop
  endfacet
  facet normal 0.5555702330196012 2.659867310849341e-16 0.831469612302546
    outer loop
      vertex 35.31212795352765 -4.055670839926158 -11.317524273263263
      vertex 34.14375 -3.3811075139417457 -10.53683908370022
      vertex 32.808028998651615 -21.621454468211226 -9.644338844379053
    endloop
  endfacet
  facet normal 0.5555702330196022 0 0.8314696123025452
    outer loop
      vertex 32.808028998651615 -21.621454468211226 -9.644338844379053
      vertex 32.808028998651615 21.621454468211226 -9.644338844379053
      vertex 31.337941930464794 -21.69946855804004 -8.662058069535208
    endloop
  endfacet
  facet normal 0.1950903220161281 0 0.9807852804032304
    outer loop
      vertex 35.31212795352765 -4.055670839926158 -11.317524273263263
      vertex 35.31212795352765 -21.46082045505176 -11.317524273263263
      vertex 40 -6.762215027883491 -12.25
    endloop
  endfacet
  facet normal 0.5555702330196036 -1.0415222342605894e-18 0.8314696123025442
    outer loop
      vertex 34.14375 -3.3811075139417457 -10.53683908370022
      vertex 32.808028998651615 21.621454468211226 -9.644338844379053
      vertex 32.808028998651615 -21.621454468211226 -9.644338844379053
    endloop
  endfacet
  facet normal -0.5555702330196024 0 0.8314696123025452
    outer loop
      vertex 44.68787204647235 -4.055670839926158 -11.317524273263263
      vertex 44.68787204647235 -20.929939992565235 -11.317524273263263
      vertex 48.662058069535206 -20.734819056623017 -8.662058069535208
    endloop
  endfacet
  facet normal -0.19509032201612814 -1.4117703210202627e-18 0.9807852804032303
    outer loop
      vertex 40 -6.762215027883491 -12.25
      vertex 44.68787204647235 -20.929939992565235 -11.317524273263263
      vertex 44.68787204647235 -4.055670839926158 -11.317524273263263
    endloop
  endfacet
  facet normal -0.5555702330196013 3.868973539282763e-16 0.8314696123025459
    outer loop
      vertex 44.68787204647235 -4.055670839926158 -11.317524273263263
      vertex 48.662058069535206 -20.734819056623017 -8.662058069535208
      vertex 45.85625 -3.3811075139417457 -10.53683908370022
    endloop
  endfacet
  facet normal -0.5555702330196028 0 0.8314696123025449
    outer loop
      vertex 45.85625 -3.3811075139417457 -10.53683908370022
      vertex 48.662058069535206 -20.734819056623017 -8.662058069535208
      vertex 45.85625 3.3811075139417457 -10.53683908370022
    endloop
  endfacet
  facet normal -0.8314696123025453 3.7781388749457535e-18 0.5555702330196018
    outer loop
      vertex 48.662058069535206 -20.734819056623017 -8.662058069535208
      vertex 51.31752427326326 -20.629220367034215 -4.68787204647235
      vertex 51.31752427326326 20.629220367034215 -4.68787204647235
    endloop
  endfacet
  facet normal -0.9807852804032311 1.6890843277930866e-16 0.19509032201612508
    outer loop
      vertex 51.5055556115374 -20.629220367034215 -3.7425746738094583
      vertex 51.50555561153741 20.629220367034215 -3.7425746738094583
      vertex 51.31752427326326 -20.629220367034215 -4.68787204647235
    endloop
  endfacet
  facet normal -0.9807852804032302 9.502244035172655e-19 0.19509032201612983
    outer loop
      vertex 51.5055556115374 -20.629220367034215 -3.7425746738094583
      vertex 52.25 -20.58971444071809 0
      vertex 52.25 20.58971444071809 0
    endloop
  endfacet
  facet normal 0.5555702330196025 0 -0.8314696123025451
    outer loop
      vertex 35.31212795352765 -4.055670839926158 11.317524273263263
      vertex 35.31212795352765 -21.46082045505176 11.317524273263263
      vertex 32.808028998651615 -21.621454468211226 9.644338844379053
    endloop
  endfacet
  facet normal 0.19509032201612816 0 -0.9807852804032304
    outer loop
      vertex 40 -6.762215027883491 12.25
      vertex 40 -21.18487778113935 12.25
      vertex 35.31212795352765 -21.46082045505176 11.317524273263263
    endloop
  endfacet
  facet normal -0.19509032201612816 0 -0.9807852804032304
    outer loop
      vertex 40 -6.762215027883491 12.25
      vertex 44.68787204647235 -20.929939992565235 11.317524273263263
      vertex 40 -21.18487778113935 12.25
    endloop
  endfacet
  facet normal 0.9807852804032304 -5.441464457313594e-19 -0.19509032201612814
    outer loop
      vertex 28.682475726736737 -21.84038795216173 4.68787204647235
      vertex 27.75 -21.88987226277372 0
      vertex 27.75 21.88987226277372 0
    endloop
  endfacet
  facet normal 0.8314696123025451 3.129359319483407e-18 -0.5555702330196024
    outer loop
      vertex 31.337941930464794 -21.69946855804004 8.662058069535208
      vertex 28.682475726736737 -21.84038795216173 4.68787204647235
      vertex 28.682475726736737 21.84038795216173 4.68787204647235
    endloop
  endfacet
  facet normal 0.5555702330196012 2.620660187651214e-16 -0.831469612302546
    outer loop
      vertex 35.31212795352765 -4.055670839926158 11.317524273263263
      vertex 32.808028998651615 -21.621454468211226 9.644338844379053
      vertex 34.14375 -3.3811075139417457 10.53683908370022
    endloop
  endfacet
  facet normal 0.5555702330196022 0 -0.8314696123025452
    outer loop
      vertex 31.337941930464794 -21.69946855804004 8.662058069535208
      vertex 31.337941930464794 21.69946855804004 8.662058069535208
      vertex 32.808028998651615 -21.621454468211226 9.644338844379053
    endloop
  endfacet
  facet normal 0.5555702330196036 0 -0.8314696123025442
    outer loop
      vertex 34.14375 -3.3811075139417457 10.53683908370022
      vertex 32.808028998651615 -21.621454468211226 9.644338844379053
      vertex 34.14375 3.3811075139417457 10.53683908370022
    endloop
  endfacet
  facet normal 0.1950903220161281 0 -0.9807852804032304
    outer loop
      vertex 35.31212795352765 -4.055670839926158 11.317524273263263
      vertex 40 -6.762215027883491 12.25
      vertex 35.31212795352765 -21.46082045505176 11.317524273263263
    endloop
  endfacet
  facet normal -0.5555702330196024 0 -0.8314696123025452
    outer loop
      vertex 44.68787204647235 -4.055670839926158 11.317524273263263
      vertex 48.662058069535206 -20.734819056623017 8.662058069535208
      vertex 44.68787204647235 -20.929939992565235 11.317524273263263
    endloop
  endfacet
  facet normal -0.9807852804032304 -1.6890843277930856e-16 -0.19509032201612803
    outer loop
      vertex 51.50555561153741 -20.629220367034215 3.7425746738094583
      vertex 51.5055556115374 20.629220367034215 3.7425746738094583
      vertex 52.25 -20.58971444071809 0
    endloop
  endfacet
  facet normal -0.9807852804032297 -2.4208157567142054e-19 -0.1950903220161322
    outer loop
      vertex 51.50555561153741 -20.629220367034215 3.7425746738094583
      vertex 51.31752427326326 -20.629220367034215 4.68787204647235
      vertex 51.31752427326326 20.629220367034215 4.68787204647235
    endloop
  endfacet
  facet normal -0.19509032201612814 1.4117703210202627e-18 -0.9807852804032303
    outer loop
      vertex 40 -6.762215027883491 12.25
      vertex 44.68787204647235 -4.055670839926158 11.317524273263263
      vertex 44.68787204647235 -20.929939992565235 11.317524273263263
    endloop
  endfacet
  facet normal -0.5555702330196012 3.778248224754959e-16 -0.8314696123025459
    outer loop
      vertex 44.68787204647235 -4.055670839926158 11.317524273263263
      vertex 45.85625 -3.3811075139417457 10.53683908370022
      vertex 48.662058069535206 -20.734819056623017 8.662058069535208
    endloop
  endfacet
  facet normal -0.8314696123025455 0 -0.555570233019602
    outer loop
      vertex 48.662058069535206 -20.734819056623017 8.662058069535208
      vertex 48.662058069535206 20.734819056623017 8.662058069535208
      vertex 51.31752427326326 -20.629220367034215 4.68787204647235
    endloop
  endfacet
  facet normal -0.5555702330196028 6.338994320139563e-20 -0.8314696123025448
    outer loop
      vertex 45.85625 -3.3811075139417457 10.53683908370022
      vertex 48.662058069535206 20.734819056623017 8.662058069535208
      vertex 48.662058069535206 -20.734819056623017 8.662058069535208
    endloop
  endfacet
  facet normal 0.8314696123025451 0 0.5555702330196024
    outer loop
      vertex 28.682475726736737 -21.84038795216173 -4.68787204647235
      vertex 31.337941930464794 21.69946855804004 -8.662058069535208
      vertex 28.682475726736737 21.84038795216173 -4.68787204647235
    endloop
  endfacet
  facet normal 0.9807852804032304 0 0.19509032201612814
    outer loop
      vertex 27.75 -21.88987226277372 0
      vertex 28.682475726736737 21.84038795216173 -4.68787204647235
      vertex 27.75 21.88987226277372 0
    endloop
  endfacet
  facet normal 0.5555702330196022 0 0.8314696123025452
    outer loop
      vertex 31.337941930464794 -21.69946855804004 -8.662058069535208
      vertex 32.808028998651615 21.621454468211226 -9.644338844379053
      vertex 31.337941930464794 21.69946855804004 -8.662058069535208
    endloop
  endfacet
  facet normal 0.5555702330196036 0 0.8314696123025442
    outer loop
      vertex 34.14375 -3.3811075139417457 -10.53683908370022
      vertex 34.14375 3.3811075139417457 -10.53683908370022
      vertex 32.808028998651615 21.621454468211226 -9.644338844379053
    endloop
  endfacet
  facet normal 0.5555702330196012 -2.5887364161649244e-16 0.831469612302546
    outer loop
      vertex 34.14375 3.3811075139417457 -10.53683908370022
      vertex 35.31212795352765 4.055670839926158 -11.317524273263263
      vertex 32.808028998651615 21.621454468211226 -9.644338844379053
    endloop
  endfacet
  facet normal 0.1950903220161281 0 0.9807852804032304
    outer loop
      vertex 35.31212795352765 4.055670839926158 -11.317524273263263
      vertex 40 6.762215027883491 -12.25
      vertex 35.31212795352765 21.46082045505176 -11.317524273263263
    endloop
  endfacet
  facet normal 0.19509032201612816 0 0.9807852804032304
    outer loop
      vertex 40 6.762215027883491 -12.25
      vertex 40 21.18487778113935 -12.25
      vertex 35.31212795352765 21.46082045505176 -11.317524273263263
    endloop
  endfacet
  facet normal -0.19509032201612816 0 0.9807852804032304
    outer loop
      vertex 40 6.762215027883491 -12.25
      vertex 44.68787204647235 20.929939992565235 -11.317524273263263
      vertex 40 21.18487778113935 -12.25
    endloop
  endfacet
  facet normal 0.5555702330196025 0 0.8314696123025451
    outer loop
      vertex 35.31212795352765 4.055670839926158 -11.317524273263263
      vertex 35.31212795352765 21.46082045505176 -11.317524273263263
      vertex 32.808028998651615 21.621454468211226 -9.644338844379053
    endloop
  endfacet
  facet normal -0.5555702330196028 -6.338994320139563e-20 0.8314696123025448
    outer loop
      vertex 45.85625 3.3811075139417457 -10.53683908370022
      vertex 48.662058069535206 -20.734819056623017 -8.662058069535208
      vertex 48.662058069535206 20.734819056623017 -8.662058069535208
    endloop
  endfacet
  facet normal -0.19509032201612814 -1.4117703210202627e-18 0.9807852804032303
    outer loop
      vertex 40 6.762215027883491 -12.25
      vertex 44.68787204647235 4.055670839926158 -11.317524273263263
      vertex 44.68787204647235 20.929939992565235 -11.317524273263263
    endloop
  endfacet
  facet normal -0.5555702330196013 -3.773681936824702e-16 0.8314696123025459
    outer loop
      vertex 45.85625 3.3811075139417457 -10.53683908370022
      vertex 48.662058069535206 20.734819056623017 -8.662058069535208
      vertex 44.68787204647235 4.055670839926158 -11.317524273263263
    endloop
  endfacet
  facet normal -0.8314696123025455 0 0.555570233019602
    outer loop
      vertex 48.662058069535206 -20.734819056623017 -8.662058069535208
      vertex 51.31752427326326 20.629220367034215 -4.68787204647235
      vertex 48.662058069535206 20.734819056623017 -8.662058069535208
    endloop
  endfacet
  facet normal -0.9807852804032297 2.4208157567142054e-19 0.1950903220161322
    outer loop
      vertex 51.50555561153741 20.629220367034215 -3.7425746738094583
      vertex 51.31752427326326 20.629220367034215 -4.68787204647235
      vertex 51.31752427326326 -20.629220367034215 -4.68787204647235
    endloop
  endfacet
  facet normal -0.9807852804032304 1.6890843277930856e-16 0.19509032201612803
    outer loop
      vertex 51.50555561153741 20.629220367034215 -3.7425746738094583
      vertex 51.5055556115374 -20.629220367034215 -3.7425746738094583
      vertex 52.25 20.58971444071809 0
    endloop
  endfacet
  facet normal -0.5555702330196024 0 0.8314696123025452
    outer loop
      vertex 44.68787204647235 4.055670839926158 -11.317524273263263
      vertex 48.662058069535206 20.734819056623017 -8.662058069535208
      vertex 44.68787204647235 20.929939992565235 -11.317524273263263
    endloop
  endfacet
  facet normal 0.9807852804032304 0 -0.19509032201612814
    outer loop
      vertex 28.682475726736737 -21.84038795216173 4.68787204647235
      vertex 27.75 21.88987226277372 0
      vertex 28.682475726736737 21.84038795216173 4.68787204647235
    endloop
  endfacet
  facet normal 0.8314696123025451 0 -0.5555702330196024
    outer loop
      vertex 31.337941930464794 -21.69946855804004 8.662058069535208
      vertex 28.682475726736737 21.84038795216173 4.68787204647235
      vertex 31.337941930464794 21.69946855804004 8.662058069535208
    endloop
  endfacet
  facet normal 0.5555702330196036 1.0415222342605894e-18 -0.8314696123025442
    outer loop
      vertex 34.14375 3.3811075139417457 10.53683908370022
      vertex 32.808028998651615 -21.621454468211226 9.644338844379053
      vertex 32.808028998651615 21.621454468211226 9.644338844379053
    endloop
  endfacet
  facet normal 0.5555702330196022 0 -0.8314696123025452
    outer loop
      vertex 32.808028998651615 21.621454468211226 9.644338844379053
      vertex 32.808028998651615 -21.621454468211226 9.644338844379053
      vertex 31.337941930464794 21.69946855804004 8.662058069535208
    endloop
  endfacet
  facet normal 0.5555702330196012 -2.608674767476534e-16 -0.831469612302546
    outer loop
      vertex 34.14375 3.3811075139417457 10.53683908370022
      vertex 32.808028998651615 21.621454468211226 9.644338844379053
      vertex 35.31212795352765 4.055670839926158 11.317524273263263
    endloop
  endfacet
  facet normal 0.1950903220161281 0 -0.9807852804032304
    outer loop
      vertex 35.31212795352765 4.055670839926158 11.317524273263263
      vertex 35.31212795352765 21.46082045505176 11.317524273263263
      vertex 40 6.762215027883491 12.25
    endloop
  endfacet
  facet normal 0.5555702330196025 0 -0.8314696123025451
    outer loop
      vertex 35.31212795352765 4.055670839926158 11.317524273263263
      vertex 32.808028998651615 21.621454468211226 9.644338844379053
      vertex 35.31212795352765 21.46082045505176 11.317524273263263
    endloop
  endfacet
  facet normal 0.19509032201612816 0 -0.9807852804032304
    outer loop
      vertex 40 6.762215027883491 12.25
      vertex 35.31212795352765 21.46082045505176 11.317524273263263
      vertex 40 21.18487778113935 12.25
    endloop
  endfacet
  facet normal -0.19509032201612816 0 -0.9807852804032304
    outer loop
      vertex 40 6.762215027883491 12.25
      vertex 40 21.18487778113935 12.25
      vertex 44.68787204647235 20.929939992565235 11.317524273263263
    endloop
  endfacet
  facet normal -0.9807852804032302 0 -0.19509032201612983
    outer loop
      vertex 52.25 -20.58971444071809 0
      vertex 51.5055556115374 20.629220367034215 3.7425746738094583
      vertex 52.25 20.58971444071809 0
    endloop
  endfacet
  facet normal -0.9807852804032311 -1.6890843277930866e-16 -0.19509032201612508
    outer loop
      vertex 51.50555561153741 -20.629220367034215 3.7425746738094583
      vertex 51.31752427326326 20.629220367034215 4.68787204647235
      vertex 51.5055556115374 20.629220367034215 3.7425746738094583
    endloop
  endfacet
  facet normal -0.5555702330196028 0 -0.8314696123025449
    outer loop
      vertex 45.85625 -3.3811075139417457 10.53683908370022
      vertex 45.85625 3.3811075139417457 10.53683908370022
      vertex 48.662058069535206 20.734819056623017 8.662058069535208
    endloop
  endfacet
  facet normal -0.19509032201612814 1.4117703210202627e-18 -0.9807852804032303
    outer loop
      vertex 40 6.762215027883491 12.25
      vertex 44.68787204647235 20.929939992565235 11.317524273263263
      vertex 44.68787204647235 4.055670839926158 11.317524273263263
    endloop
  endfacet
  facet normal -0.5555702330196012 -3.8735398272130205e-16 -0.8314696123025459
    outer loop
      vertex 45.85625 3.3811075139417457 10.53683908370022
      vertex 44.68787204647235 4.055670839926158 11.317524273263263
      vertex 48.662058069535206 20.734819056623017 8.662058069535208
    endloop
  endfacet
  facet normal -0.8314696123025453 0 -0.5555702330196018
    outer loop
      vertex 51.31752427326326 -20.629220367034215 4.68787204647235
      vertex 48.662058069535206 20.734819056623017 8.662058069535208
      vertex 51.31752427326326 20.629220367034215 4.68787204647235
    endloop
  endfacet
  facet normal -0.5555702330196024 0 -0.8314696123025452
    outer loop
      vertex 44.68787204647235 4.055670839926158 11.317524273263263
      vertex 44.68787204647235 20.929939992565235 11.317524273263263
      vertex 48.662058069535206 20.734819056623017 8.662058069535208
    endloop
  endfacet
  facet normal 0.5555702330196022 0.8314696123025452 0
    outer loop
      vertex -4.68787204647235 -11.317524273263263 -4.055670839926158
      vertex -4.68787204647235 -11.317524273263263 -20.929939992565235
      vertex -8.662058069535208 -8.662058069535208 -20.734819056623017
    endloop
  endfacet
  facet normal 0.8314696123025452 0.5555702330196021 -3.5456134164312136e-18
    outer loop
      vertex -8.662058069535208 -8.662058069535208 -20.734819056623017
      vertex -11.317524273263263 -4.68787204647235 -20.629220367034215
      vertex -11.317524273263263 -4.68787204647235 20.629220367034215
    endloop
  endfacet
  facet normal 0.5555702330196022 0.8314696123025452 -2.3974421131594567e-17
    outer loop
      vertex -4.68787204647235 -11.317524273263263 -4.055670839926158
      vertex -8.662058069535208 -8.662058069535208 -20.734819056623017
      vertex -5.856249999999999 -10.53683908370022 -3.3811075139417457
    endloop
  endfacet
  facet normal 0.19509032201612816 0.9807852804032303 0
    outer loop
      vertex -4.68787204647235 -11.317524273263263 -4.055670839926158
      vertex 0 -12.25 -6.762215027883491
      vertex -4.68787204647235 -11.317524273263263 -20.929939992565235
    endloop
  endfacet
  facet normal 0.5555702330196021 0.8314696123025452 0
    outer loop
      vertex -5.856249999999999 -10.53683908370022 -3.3811075139417457
      vertex -8.662058069535208 -8.662058069535208 -20.734819056623017
      vertex -5.856249999999999 -10.53683908370022 3.3811075139417457
    endloop
  endfacet
  facet normal 0.9807852804032304 0.19509032201612847 0
    outer loop
      vertex -11.50555561153741 -3.7425746738094574 -20.629220367034215
      vertex -11.50555561153741 -3.7425746738094574 20.629220367034215
      vertex -11.317524273263263 -4.68787204647235 -20.629220367034215
    endloop
  endfacet
  facet normal 0.9807852804032305 0.19509032201612808 9.568280846248712e-20
    outer loop
      vertex -11.50555561153741 -3.7425746738094574 -20.629220367034215
      vertex -12.25 0 -20.58971444071809
      vertex -12.25 0 20.58971444071809
    endloop
  endfacet
  facet normal 0.19509032201612816 0.9807852804032304 0
    outer loop
      vertex 0 -12.25 -6.762215027883491
      vertex 0 -12.25 -21.18487778113935
      vertex -4.68787204647235 -11.317524273263263 -20.929939992565235
    endloop
  endfacet
  facet normal -0.19509032201612816 0.9807852804032304 0
    outer loop
      vertex 0 -12.25 -6.762215027883491
      vertex 4.68787204647235 -11.317524273263263 -21.46082045505176
      vertex 0 -12.25 -21.18487778113935
    endloop
  endfacet
  facet normal -0.5555702330196018 0.8314696123025455 0
    outer loop
      vertex 4.68787204647235 -11.317524273263263 -4.055670839926158
      vertex 7.191971001348389 -9.644338844379053 -21.621454468211226
      vertex 4.68787204647235 -11.317524273263263 -21.46082045505176
    endloop
  endfacet
  facet normal -0.19509032201612816 0.9807852804032304 -1.368709428266048e-18
    outer loop
      vertex 0 -12.25 -6.762215027883491
      vertex 4.68787204647235 -11.317524273263263 -4.055670839926158
      vertex 4.68787204647235 -11.317524273263263 -21.46082045505176
    endloop
  endfacet
  facet normal -0.5555702330196022 0.8314696123025452 -6.018397014546512e-17
    outer loop
      vertex 4.68787204647235 -11.317524273263263 -4.055670839926158
      vertex 5.856249999999999 -10.53683908370022 -3.3811075139417457
      vertex 7.191971001348389 -9.644338844379053 -21.621454468211226
    endloop
  endfacet
  facet normal -0.5555702330196026 0.831469612302545 -3.415558224213428e-17
    outer loop
      vertex 7.191971001348389 -9.644338844379053 -21.621454468211226
      vertex 7.191971001348389 -9.644338844379051 21.621454468211226
      vertex 8.662058069535208 -8.662058069535208 -21.69946855804004
    endloop
  endfacet
  facet normal -0.5555702330196018 0.8314696123025455 -3.552483395863531e-17
    outer loop
      vertex 5.856249999999999 -10.53683908370022 -3.3811075139417457
      vertex 7.191971001348389 -9.644338844379051 21.621454468211226
      vertex 7.191971001348389 -9.644338844379053 -21.621454468211226
    endloop
  endfacet
  facet normal -0.8314696123025453 0.5555702330196023 0
    outer loop
      vertex 8.662058069535208 -8.662058069535208 -21.69946855804004
      vertex 8.662058069535208 -8.662058069535208 21.69946855804004
      vertex 11.317524273263263 -4.68787204647235 -21.84038795216173
    endloop
  endfacet
  facet normal -0.9807852804032304 0.19509032201612814 0
    outer loop
      vertex 11.317524273263263 -4.68787204647235 -21.84038795216173
      vertex 11.317524273263263 -4.68787204647235 21.84038795216173
      vertex 12.25 0 -21.88987226277372
    endloop
  endfacet
  facet normal 0.5555702330196022 0.8314696123025453 -1.5149839119636439e-18
    outer loop
      vertex -5.856249999999999 -10.53683908370022 3.3811075139417457
      vertex -8.662058069535208 -8.662058069535208 -20.734819056623017
      vertex -8.662058069535208 -8.662058069535208 20.734819056623017
    endloop
  endfacet
  facet normal 0.8314696123025453 0.5555702330196022 0
    outer loop
      vertex -8.662058069535208 -8.662058069535208 -20.734819056623017
      vertex -11.317524273263263 -4.68787204647235 20.629220367034215
      vertex -8.662058069535208 -8.662058069535208 20.734819056623017
    endloop
  endfacet
  facet normal 0.5555702330196022 0.8314696123025452 1.6917134860520416e-17
    outer loop
      vertex -4.68787204647235 -11.317524273263263 4.055670839926158
      vertex -5.856249999999999 -10.53683908370022 3.3811075139417457
      vertex -8.662058069535208 -8.662058069535208 20.734819056623017
    endloop
  endfacet
  facet normal 0.19509032201612816 0.9807852804032303 0
    outer loop
      vertex -4.68787204647235 -11.317524273263263 4.055670839926158
      vertex -4.68787204647235 -11.317524273263263 20.929939992565235
      vertex 0 -12.25 6.762215027883491
    endloop
  endfacet
  facet normal 0.9807852804032304 0.19509032201612847 -2.5530070349102936e-19
    outer loop
      vertex -11.50555561153741 -3.7425746738094574 20.629220367034215
      vertex -11.317524273263263 -4.68787204647235 20.629220367034215
      vertex -11.317524273263263 -4.68787204647235 -20.629220367034215
    endloop
  endfacet
  facet normal 0.9807852804032304 0.19509032201612805 0
    outer loop
      vertex -11.50555561153741 -3.7425746738094574 20.629220367034215
      vertex -11.50555561153741 -3.7425746738094574 -20.629220367034215
      vertex -12.25 0 20.58971444071809
    endloop
  endfacet
  facet normal 0.5555702330196022 0.8314696123025452 0
    outer loop
      vertex -4.68787204647235 -11.317524273263263 4.055670839926158
      vertex -8.662058069535208 -8.662058069535208 20.734819056623017
      vertex -4.68787204647235 -11.317524273263263 20.929939992565235
    endloop
  endfacet
  facet normal 0.19509032201612816 0.9807852804032304 0
    outer loop
      vertex 0 -12.25 6.762215027883491
      vertex -4.68787204647235 -11.317524273263263 20.929939992565235
      vertex 0 -12.25 21.18487778113935
    endloop
  endfacet
  facet normal -0.19509032201612816 0.9807852804032304 0
    outer loop
      vertex 0 -12.25 6.762215027883491
      vertex 0 -12.25 21.18487778113935
      vertex 4.68787204647235 -11.317524273263263 21.46082045505176
    endloop
  endfacet
  facet normal -0.19509032201612816 0.9807852804032304 -1.368709428266048e-18
    outer loop
      vertex 0 -12.25 6.762215027883491
      vertex 4.68787204647235 -11.317524273263263 21.46082045505176
      vertex 4.68787204647235 -11.317524273263263 4.055670839926158
    endloop
  endfacet
  facet normal -0.5555702330196024 0.8314696123025451 0
    outer loop
      vertex 5.856249999999999 -10.53683908370022 -3.3811075139417457
      vertex 5.856249999999999 -10.53683908370022 3.3811075139417457
      vertex 7.191971001348389 -9.644338844379051 21.621454468211226
    endloop
  endfacet
  facet normal -0.555570233019602 0.8314696123025456 0
    outer loop
      vertex 8.662058069535208 -8.662058069535208 -21.69946855804004
      vertex 7.191971001348389 -9.644338844379051 21.621454468211226
      vertex 8.662058069535208 -8.662058069535208 21.69946855804004
    endloop
  endfacet
  facet normal -0.5555702330196022 0.8314696123025452 -1.255708270406982e-17
    outer loop
      vertex 4.68787204647235 -11.317524273263263 4.055670839926158
      vertex 7.191971001348389 -9.644338844379051 21.621454468211226
      vertex 5.856249999999999 -10.53683908370022 3.3811075139417457
    endloop
  endfacet
  facet normal -0.8314696123025452 0.5555702330196022 0
    outer loop
      vertex 11.317524273263263 -4.68787204647235 -21.84038795216173
      vertex 8.662058069535208 -8.662058069535208 21.69946855804004
      vertex 11.317524273263263 -4.68787204647235 21.84038795216173
    endloop
  endfacet
  facet normal -0.9807852804032304 0.19509032201612814 0
    outer loop
      vertex 12.25 0 -21.88987226277372
      vertex 11.317524273263263 -4.68787204647235 21.84038795216173
      vertex 12.25 0 21.88987226277372
    endloop
  endfacet
  facet normal -0.5555702330196024 0.8314696123025452 0
    outer loop
      vertex 4.68787204647235 -11.317524273263263 4.055670839926158
      vertex 4.68787204647235 -11.317524273263263 21.46082045505176
      vertex 7.191971001348389 -9.644338844379051 21.621454468211226
    endloop
  endfacet
  facet normal 0.5555702330196022 -0.8314696123025452 0
    outer loop
      vertex -4.68787204647235 11.317524273263263 -4.055670839926158
      vertex -8.662058069535208 8.662058069535208 -20.734819056623017
      vertex -4.68787204647235 11.317524273263263 -20.929939992565235
    endloop
  endfacet
  facet normal 0.9807852804032304 -0.19509032201612805 0
    outer loop
      vertex -11.50555561153741 3.7425746738094574 -20.629220367034215
      vertex -11.50555561153741 3.7425746738094574 20.629220367034215
      vertex -12.25 0 -20.58971444071809
    endloop
  endfacet
  facet normal 0.9807852804032304 -0.19509032201612847 2.5530070349102936e-19
    outer loop
      vertex -11.50555561153741 3.7425746738094574 -20.629220367034215
      vertex -11.317524273263263 4.68787204647235 -20.629220367034215
      vertex -11.317524273263263 4.68787204647235 20.629220367034215
    endloop
  endfacet
  facet normal 0.8314696123025453 -0.5555702330196022 3.527556247495176e-18
    outer loop
      vertex -11.317524273263263 4.68787204647235 -20.629220367034215
      vertex -8.662058069535208 8.662058069535208 -20.734819056623017
      vertex -8.662058069535208 8.662058069535208 20.734819056623017
    endloop
  endfacet
  facet normal 0.5555702330196023 -0.8314696123025452 -1.8534111677638214e-17
    outer loop
      vertex -5.856249999999999 10.53683908370022 -3.3811075139417457
      vertex -8.662058069535208 8.662058069535208 -20.734819056623017
      vertex -4.68787204647235 11.317524273263263 -4.055670839926158
    endloop
  endfacet
  facet normal 0.19509032201612816 -0.9807852804032303 0
    outer loop
      vertex -4.68787204647235 11.317524273263263 -4.055670839926158
      vertex -4.68787204647235 11.317524273263263 -20.929939992565235
      vertex 0 12.25 -6.762215027883491
    endloop
  endfacet
  facet normal 0.5555702330196022 -0.8314696123025453 1.5149839119636439e-18
    outer loop
      vertex -5.856249999999999 10.53683908370022 -3.3811075139417457
      vertex -8.662058069535208 8.662058069535208 20.734819056623017
      vertex -8.662058069535208 8.662058069535208 -20.734819056623017
    endloop
  endfacet
  facet normal -0.5555702330196024 -0.8314696123025452 0
    outer loop
      vertex 4.68787204647235 11.317524273263263 -4.055670839926158
      vertex 4.68787204647235 11.317524273263263 -21.46082045505176
      vertex 7.191971001348389 9.644338844379051 -21.621454468211226
    endloop
  endfacet
  facet normal -0.19509032201612816 -0.9807852804032304 1.368709428266048e-18
    outer loop
      vertex 0 12.25 -6.762215027883491
      vertex 4.68787204647235 11.317524273263263 -21.46082045505176
      vertex 4.68787204647235 11.317524273263263 -4.055670839926158
    endloop
  endfacet
  facet normal -0.5555702330196023 -0.8314696123025451 1.207557604259534e-17
    outer loop
      vertex 5.856249999999999 10.53683908370022 -3.3811075139417457
      vertex 4.68787204647235 11.317524273263263 -4.055670839926158
      vertex 7.191971001348389 9.644338844379051 -21.621454468211226
    endloop
  endfacet
  facet normal -0.5555702330196024 -0.8314696123025451 0
    outer loop
      vertex 5.856249999999999 10.53683908370022 -3.3811075139417457
      vertex 7.191971001348389 9.644338844379051 -21.621454468211226
      vertex 5.856249999999999 10.53683908370022 3.3811075139417457
    endloop
  endfacet
  facet normal -0.555570233019602 -0.8314696123025456 1.827187389168073e-19
    outer loop
      vertex 7.191971001348389 9.644338844379051 -21.621454468211226
      vertex 8.662058069535208 8.662058069535208 -21.69946855804004
      vertex 8.662058069535208 8.662058069535208 21.69946855804004
    endloop
  endfacet
  facet normal -0.9807852804032304 -0.19509032201612814 0
    outer loop
      vertex 12.25 0 -21.88987226277372
      vertex 12.25 0 21.88987226277372
      vertex 11.317524273263263 4.68787204647235 -21.84038795216173
    endloop
  endfacet
  facet normal -0.8314696123025453 -0.5555702330196022 -3.3489899842476444e-18
    outer loop
      vertex 8.662058069535208 8.662058069535208 -21.69946855804004
      vertex 11.317524273263263 4.68787204647235 -21.84038795216173
      vertex 11.317524273263263 4.68787204647235 21.84038795216173
    endloop
  endfacet
  facet normal 0.19509032201612816 -0.9807852804032304 0
    outer loop
      vertex 0 12.25 -6.762215027883491
      vertex -4.68787204647235 11.317524273263263 -20.929939992565235
      vertex 0 12.25 -21.18487778113935
    endloop
  endfacet
  facet normal -0.19509032201612816 -0.9807852804032304 0
    outer loop
      vertex 0 12.25 -6.762215027883491
      vertex 0 12.25 -21.18487778113935
      vertex 4.68787204647235 11.317524273263263 -21.46082045505176
    endloop
  endfacet
  facet normal 0.9807852804032305 -0.19509032201612808 0
    outer loop
      vertex -12.25 0 -20.58971444071809
      vertex -11.50555561153741 3.7425746738094574 20.629220367034215
      vertex -12.25 0 20.58971444071809
    endloop
  endfacet
  facet normal 0.9807852804032304 -0.19509032201612847 0
    outer loop
      vertex -11.50555561153741 3.7425746738094574 -20.629220367034215
      vertex -11.317524273263263 4.68787204647235 20.629220367034215
      vertex -11.50555561153741 3.7425746738094574 20.629220367034215
    endloop
  endfacet
  facet normal 0.8314696123025452 -0.5555702330196021 0
    outer loop
      vertex -11.317524273263263 4.68787204647235 -20.629220367034215
      vertex -8.662058069535208 8.662058069535208 20.734819056623017
      vertex -11.317524273263263 4.68787204647235 20.629220367034215
    endloop
  endfacet
  facet normal 0.5555702330196021 -0.8314696123025452 0
    outer loop
      vertex -5.856249999999999 10.53683908370022 -3.3811075139417457
      vertex -5.856249999999999 10.53683908370022 3.3811075139417457
      vertex -8.662058069535208 8.662058069535208 20.734819056623017
    endloop
  endfacet
  facet normal 0.5555702330196023 -0.8314696123025452 2.2357444314476775e-17
    outer loop
      vertex -5.856249999999999 10.53683908370022 3.3811075139417457
      vertex -4.68787204647235 11.317524273263263 4.055670839926158
      vertex -8.662058069535208 8.662058069535208 20.734819056623017
    endloop
  endfacet
  facet normal 0.19509032201612816 -0.9807852804032303 0
    outer loop
      vertex -4.68787204647235 11.317524273263263 4.055670839926158
      vertex 0 12.25 6.762215027883491
      vertex -4.68787204647235 11.317524273263263 20.929939992565235
    endloop
  endfacet
  facet normal 0.5555702330196022 -0.8314696123025452 0
    outer loop
      vertex -4.68787204647235 11.317524273263263 4.055670839926158
      vertex -4.68787204647235 11.317524273263263 20.929939992565235
      vertex -8.662058069535208 8.662058069535208 20.734819056623017
    endloop
  endfacet
  facet normal -0.5555702330196018 -0.8314696123025455 3.552483395863531e-17
    outer loop
      vertex 5.856249999999999 10.53683908370022 3.3811075139417457
      vertex 7.191971001348389 9.644338844379051 -21.621454468211226
      vertex 7.191971001348389 9.644338844379053 21.621454468211226
    endloop
  endfacet
  facet normal -0.19509032201612816 -0.9807852804032304 1.368709428266048e-18
    outer loop
      vertex 0 12.25 6.762215027883491
      vertex 4.68787204647235 11.317524273263263 4.055670839926158
      vertex 4.68787204647235 11.317524273263263 21.46082045505176
    endloop
  endfacet
  facet normal -0.5555702330196026 -0.831469612302545 3.415558224213428e-17
    outer loop
      vertex 7.191971001348389 9.644338844379053 21.621454468211226
      vertex 7.191971001348389 9.644338844379051 -21.621454468211226
      vertex 8.662058069535208 8.662058069535208 21.69946855804004
    endloop
  endfacet
  facet normal -0.5555702330196022 -0.8314696123025452 6.512976245522247e-17
    outer loop
      vertex 5.856249999999999 10.53683908370022 3.3811075139417457
      vertex 7.191971001348389 9.644338844379053 21.621454468211226
      vertex 4.68787204647235 11.317524273263263 4.055670839926158
    endloop
  endfacet
  facet normal -0.9807852804032304 -0.19509032201612814 0
    outer loop
      vertex 11.317524273263263 4.68787204647235 -21.84038795216173
      vertex 12.25 0 21.88987226277372
      vertex 11.317524273263263 4.68787204647235 21.84038795216173
    endloop
  endfacet
  facet normal -0.8314696123025453 -0.5555702330196023 0
    outer loop
      vertex 8.662058069535208 8.662058069535208 -21.69946855804004
      vertex 11.317524273263263 4.68787204647235 21.84038795216173
      vertex 8.662058069535208 8.662058069535208 21.69946855804004
    endloop
  endfacet
  facet normal -0.5555702330196018 -0.8314696123025455 0
    outer loop
      vertex 4.68787204647235 11.317524273263263 4.055670839926158
      vertex 7.191971001348389 9.644338844379053 21.621454468211226
      vertex 4.68787204647235 11.317524273263263 21.46082045505176
    endloop
  endfacet
  facet normal 0.19509032201612816 -0.9807852804032304 0
    outer loop
      vertex 0 12.25 6.762215027883491
      vertex 0 12.25 21.18487778113935
      vertex -4.68787204647235 11.317524273263263 20.929939992565235
    endloop
  endfacet
  facet normal -0.19509032201612816 -0.9807852804032304 0
    outer loop
      vertex 0 12.25 6.762215027883491
      vertex 4.68787204647235 11.317524273263263 21.46082045505176
      vertex 0 12.25 21.18487778113935
    endloop
  endfacet
  facet normal -0.1950903220161283 -0.9807852804032303 -5.340835242267573e-18
    outer loop
      vertex -8.94044168862941 -21.584135578294934 -20
      vertex 0 -23.362499999999997 -20
      vertex 0 -23.362499999999997 -3.675
    endloop
  endfacet
  facet normal -0.5555702330196021 -0.8314696123025453 0
    outer loop
      vertex -16.519782175470716 -16.519782175470716 -20
      vertex -8.94044168862941 -21.584135578294934 -20
      vertex -16.519782175470716 -16.519782175470716 20
    endloop
  endfacet
  facet normal -0.8314696123025453 -0.5555702330196021 0
    outer loop
      vertex -16.519782175470716 -16.519782175470716 -20
      vertex -16.519782175470716 -16.519782175470716 20
      vertex -21.584135578294934 -8.94044168862941 -20
    endloop
  endfacet
  facet normal -0.19509032201612794 -0.9807852804032304 -1.7038002518070433e-16
    outer loop
      vertex -8.94044168862941 -21.584135578294934 -20
      vertex 0 -23.362499999999997 -3.675
      vertex -1.8375 -22.996998524939876 -3.1826433589078116
    endloop
  endfacet
  facet normal -0.19509032201612878 -0.9807852804032303 1.8494516486566688e-16
    outer loop
      vertex -8.94044168862941 -21.584135578294934 -20
      vertex -1.8375 -22.996998524939876 -3.1826433589078116
      vertex -3.1826433589078116 -22.729432874954497 -1.8375
    endloop
  endfacet
  facet normal -0.19509032201612697 -0.9807852804032308 -3.981610623099362e-16
    outer loop
      vertex -8.94044168862941 -21.584135578294934 -20
      vertex -3.1826433589078116 -22.729432874954497 -1.8375
      vertex -3.675 -22.631497049879755 0
    endloop
  endfacet
  facet normal -0.0565286288536235 -0.011244243390000365 -0.9983376588662354
    outer loop
      vertex -21.584135578294934 -8.94044168862941 -20
      vertex -11.317524273263263 -4.68787204647235 -20.629220367034215
      vertex -8.662058069535208 -8.662058069535208 -20.734819056623017
    endloop
  endfacet
  facet normal -0.05652862885362352 -0.0112442433900003 -0.9983376588662353
    outer loop
      vertex -21.584135578294934 -8.94044168862941 -20
      vertex -23.362499999999997 0 -20
      vertex -11.50555561153741 -3.7425746738094574 -20.629220367034215
    endloop
  endfacet
  facet normal -0.056528628853623517 -0.01124424339000027 -0.9983376588662354
    outer loop
      vertex -21.584135578294934 -8.94044168862941 -20
      vertex -11.50555561153741 -3.7425746738094574 -20.629220367034215
      vertex -11.317524273263263 -4.68787204647235 -20.629220367034215
    endloop
  endfacet
  facet normal -0.05299309968811625 -1.1091377297822176e-16 -0.9985948785095211
    outer loop
      vertex -23.362499999999997 0 -20
      vertex -12.25 0 -20.58971444071809
      vertex -11.50555561153741 -3.7425746738094574 -20.629220367034215
    endloop
  endfacet
  facet normal -0.05652862885362352 -0.011244243389999587 -0.9983376588662354
    outer loop
      vertex -21.584135578294934 -8.94044168862941 -20
      vertex -8.662058069535208 -8.662058069535208 -20.734819056623017
      vertex -4.68787204647235 -11.317524273263263 -20.929939992565235
    endloop
  endfacet
  facet normal -0.056528628853623905 -0.011244243390002531 -0.9983376588662354
    outer loop
      vertex -21.584135578294934 -8.94044168862941 -20
      vertex -4.68787204647235 -11.317524273263263 -20.929939992565235
      vertex 0 -12.25 -21.18487778113935
    endloop
  endfacet
  facet normal -0.9807852804032304 -0.19509032201612833 -2.1797283832504538e-18
    outer loop
      vertex -21.584135578294934 -8.94044168862941 -20
      vertex -23.362499999999997 0 20
      vertex -23.362499999999997 0 -20
    endloop
  endfacet
  facet normal -0.06508024761818083 -0.09739947362106646 -0.9931152520771673
    outer loop
      vertex -16.519782175470716 -16.519782175470716 -20
      vertex 40 -20 -23.362499999999997
      vertex -8.94044168862941 -21.584135578294934 -20
    endloop
  endfacet
  facet normal -0.06187315929014459 -0.0413423232982526 -0.9972274186281478
    outer loop
      vertex -16.519782175470716 -16.519782175470716 -20
      vertex -21.584135578294934 -8.94044168862941 -20
      vertex 40 -20 -23.362499999999997
    endloop
  endfacet
  facet normal -0.056528628853624065 -0.01124424339000345 -0.9983376588662354
    outer loop
      vertex -21.584135578294934 -8.94044168862941 -20
      vertex 0 -12.25 -21.18487778113935
      vertex 40 -20 -23.362499999999997
    endloop
  endfacet
  facet normal -0.056553113095198816 -0.2843116988661524 -0.9570624866157298
    outer loop
      vertex -8.94044168862941 -21.584135578294934 -20
      vertex 40 -20 -23.362499999999997
      vertex 0 -23.362499999999997 -20
    endloop
  endfacet
  facet normal -0.05652862885362332 -0.011244243389999348 -0.9983376588662355
    outer loop
      vertex 40 -20 -23.362499999999997
      vertex 0 -12.25 -21.18487778113935
      vertex 4.68787204647235 -11.317524273263263 -21.46082045505176
    endloop
  endfacet
  facet normal -0.056528628853623426 -0.011244243390000018 -0.9983376588662354
    outer loop
      vertex 40 -20 -23.362499999999997
      vertex 4.68787204647235 -11.317524273263263 -21.46082045505176
      vertex 7.191971001348389 -9.644338844379053 -21.621454468211226
    endloop
  endfacet
  facet normal -0.05299309968811612 4.208204316481712e-16 -0.9985948785095211
    outer loop
      vertex 40 -20 -23.362499999999997
      vertex 7.191971001348389 -9.644338844379053 -21.621454468211226
      vertex 8.662058069535208 -8.662058069535208 -21.69946855804004
    endloop
  endfacet
  facet normal 0.05299309968811618 -0.9985948785095212 0
    outer loop
      vertex 0 -23.362499999999997 -20
      vertex 28.682475726736737 -21.84038795216173 -4.68787204647235
      vertex 0 -23.362499999999997 -3.675
    endloop
  endfacet
  facet normal 0.05299309968811607 -0.9985948785095212 -2.8027420287830676e-15
    outer loop
      vertex 1.8375 -23.264988163345826 -3.1826433589078116
      vertex 0 -23.362499999999997 -3.675
      vertex 28.682475726736737 -21.84038795216173 -4.68787204647235
    endloop
  endfacet
  facet normal 0.052993099688116274 -0.9985948785095211 1.034424001022521e-15
    outer loop
      vertex 3.1826433589078116 -23.193604544575614 -1.8375
      vertex 1.8375 -23.264988163345826 -3.1826433589078116
      vertex 28.682475726736737 -21.84038795216173 -4.68787204647235
    endloop
  endfacet
  facet normal 0.05299309968811616 -0.9985948785095213 2.41084331931197e-16
    outer loop
      vertex 3.1826433589078116 -23.193604544575614 -1.8375
      vertex 27.75 -21.88987226277372 0
      vertex 3.675 -23.167476326691652 0
    endloop
  endfacet
  facet normal 0.05299309968811618 -0.9985948785095212 2.908351283535774e-17
    outer loop
      vertex 3.1826433589078116 -23.193604544575614 -1.8375
      vertex 28.682475726736737 -21.84038795216173 -4.68787204647235
      vertex 27.75 -21.88987226277372 0
    endloop
  endfacet
  facet normal -0.05299309968811637 -3.5917334487455407e-16 -0.9985948785095213
    outer loop
      vertex 40 -20 -23.362499999999997
      vertex 8.662058069535208 -8.662058069535208 -21.69946855804004
      vertex 11.317524273263263 -4.68787204647235 -21.84038795216173
    endloop
  endfacet
  facet normal -0.19509032201612977 -0.9807852804032302 3.0533820984072033e-16
    outer loop
      vertex -8.94044168862941 -21.584135578294934 -20
      vertex -3.675 -22.631497049879755 0
      vertex 0 -23.362499999999997 20
    endloop
  endfacet
  facet normal -0.5555702330196021 -0.8314696123025453 0
    outer loop
      vertex -8.94044168862941 -21.584135578294934 -20
      vertex -8.94044168862941 -21.584135578294934 20
      vertex -16.519782175470716 -16.519782175470716 20
    endloop
  endfacet
  facet normal -0.19509032201612833 -0.9807852804032304 0
    outer loop
      vertex -8.94044168862941 -21.584135578294934 -20
      vertex 0 -23.362499999999997 20
      vertex -8.94044168862941 -21.584135578294934 20
    endloop
  endfacet
  facet normal -0.19509032201612092 -0.980785280403232 -1.4564105570854607e-15
    outer loop
      vertex 0 -23.362499999999997 20
      vertex -3.675 -22.631497049879755 0
      vertex -3.1826433589078116 -22.729432874954497 1.8375
    endloop
  endfacet
  facet normal -0.8314696123025453 -0.5555702330196021 0
    outer loop
      vertex -21.584135578294934 -8.94044168862941 -20
      vertex -16.519782175470716 -16.519782175470716 20
      vertex -21.584135578294934 -8.94044168862941 20
    endloop
  endfacet
  facet normal -0.9807852804032304 -0.19509032201612833 0
    outer loop
      vertex -21.584135578294934 -8.94044168862941 -20
      vertex -21.584135578294934 -8.94044168862941 20
      vertex -23.362499999999997 0 20
    endloop
  endfacet
  facet normal -0.0565286288536235 -0.011244243390000365 0.9983376588662354
    outer loop
      vertex -21.584135578294934 -8.94044168862941 20
      vertex -8.662058069535208 -8.662058069535208 20.734819056623017
      vertex -11.317524273263263 -4.68787204647235 20.629220367034215
    endloop
  endfacet
  facet normal -0.05652862885362352 -0.0112442433900003 0.9983376588662353
    outer loop
      vertex -21.584135578294934 -8.94044168862941 20
      vertex -11.50555561153741 -3.7425746738094574 20.629220367034215
      vertex -23.362499999999997 0 20
    endloop
  endfacet
  facet normal -0.056528628853623517 -0.011244243390000292 0.9983376588662354
    outer loop
      vertex -21.584135578294934 -8.94044168862941 20
      vertex -11.317524273263263 -4.68787204647235 20.629220367034215
      vertex -11.50555561153741 -3.7425746738094574 20.629220367034215
    endloop
  endfacet
  facet normal -0.05299309968811625 -1.1331526288465698e-16 0.9985948785095211
    outer loop
      vertex -23.362499999999997 0 20
      vertex -11.50555561153741 -3.7425746738094574 20.629220367034215
      vertex -12.25 0 20.58971444071809
    endloop
  endfacet
  facet normal -0.05652862885362352 -0.011244243389999619 0.9983376588662354
    outer loop
      vertex -21.584135578294934 -8.94044168862941 20
      vertex -4.68787204647235 -11.317524273263263 20.929939992565235
      vertex -8.662058069535208 -8.662058069535208 20.734819056623017
    endloop
  endfacet
  facet normal -0.05652862885362388 -0.011244243390002082 0.9983376588662354
    outer loop
      vertex -21.584135578294934 -8.94044168862941 20
      vertex 0 -12.25 21.18487778113935
      vertex -4.68787204647235 -11.317524273263263 20.929939992565235
    endloop
  endfacet
  facet normal -0.19509032201612903 -0.9807852804032302 1.0635868068821577e-16
    outer loop
      vertex 0 -23.362499999999997 20
      vertex -3.1826433589078116 -22.729432874954497 1.8375
      vertex -1.8375 -22.996998524939876 3.1826433589078116
    endloop
  endfacet
  facet normal -0.195090322016128 -0.9807852804032304 0
    outer loop
      vertex 0 -23.362499999999997 20
      vertex -1.8375 -22.996998524939876 3.1826433589078116
      vertex 0 -23.362499999999997 3.675
    endloop
  endfacet
  facet normal 0.052993099688115324 -0.9985948785095212 0
    outer loop
      vertex 0 -23.362499999999997 20
      vertex 0 -23.362499999999997 3.675
      vertex 1.8375 -23.264988163345826 3.1826433589078116
    endloop
  endfacet
  facet normal 0.0529930996881162 -0.9985948785095212 -2.285079665927381e-16
    outer loop
      vertex 3.1826433589078116 -23.193604544575614 1.8375
      vertex 3.675 -23.167476326691652 0
      vertex 28.682475726736737 -21.84038795216173 4.68787204647235
    endloop
  endfacet
  facet normal 0.05299309968811629 -0.9985948785095211 -1.0347374289966439e-15
    outer loop
      vertex 1.8375 -23.264988163345826 3.1826433589078116
      vertex 3.1826433589078116 -23.193604544575614 1.8375
      vertex 28.682475726736737 -21.84038795216173 4.68787204647235
    endloop
  endfacet
  facet normal 0.05299309968811623 -0.9985948785095211 9.879791324062481e-17
    outer loop
      vertex 0 -23.362499999999997 20
      vertex 1.8375 -23.264988163345826 3.1826433589078116
      vertex 28.682475726736737 -21.84038795216173 4.68787204647235
    endloop
  endfacet
  facet normal -0.06508024761818083 -0.09739947362106646 0.9931152520771673
    outer loop
      vertex -16.519782175470716 -16.519782175470716 20
      vertex -8.94044168862941 -21.584135578294934 20
      vertex 40 -20 23.362499999999997
    endloop
  endfacet
  facet normal -0.06187315929014459 -0.0413423232982526 0.9972274186281478
    outer loop
      vertex -16.519782175470716 -16.519782175470716 20
      vertex 40 -20 23.362499999999997
      vertex -21.584135578294934 -8.94044168862941 20
    endloop
  endfacet
  facet normal -0.05652862885362409 -0.011244243390003603 0.9983376588662354
    outer loop
      vertex -21.584135578294934 -8.94044168862941 20
      vertex 40 -20 23.362499999999997
      vertex 0 -12.25 21.18487778113935
    endloop
  endfacet
  facet normal -0.05655311309519881 -0.2843116988661523 0.9570624866157298
    outer loop
      vertex -8.94044168862941 -21.584135578294934 20
      vertex 0 -23.362499999999997 20
      vertex 40 -20 23.362499999999997
    endloop
  endfacet
  facet normal -0.05652862885362327 -0.011244243389999247 0.9983376588662355
    outer loop
      vertex 40 -20 23.362499999999997
      vertex 4.68787204647235 -11.317524273263263 21.46082045505176
      vertex 0 -12.25 21.18487778113935
    endloop
  endfacet
  facet normal -0.056528628853623426 -0.01124424338999994 0.9983376588662354
    outer loop
      vertex 40 -20 23.362499999999997
      vertex 7.191971001348389 -9.644338844379051 21.621454468211226
      vertex 4.68787204647235 -11.317524273263263 21.46082045505176
    endloop
  endfacet
  facet normal -0.052993099688116066 3.941862871191066e-16 0.9985948785095213
    outer loop
      vertex 40 -20 23.362499999999997
      vertex 8.662058069535208 -8.662058069535208 21.69946855804004
      vertex 7.191971001348389 -9.644338844379051 21.621454468211226
    endloop
  endfacet
  facet normal -0.05299309968811637 -3.734237959096814e-16 0.9985948785095213
    outer loop
      vertex 40 -20 23.362499999999997
      vertex 11.317524273263263 -4.68787204647235 21.84038795216173
      vertex 8.662058069535208 -8.662058069535208 21.69946855804004
    endloop
  endfacet
  facet normal -0.052993099688116156 1.3068528580214747e-18 0.9985948785095212
    outer loop
      vertex 11.317524273263263 -4.68787204647235 21.84038795216173
      vertex 36.325 0 23.167476326691652
      vertex 12.25 0 21.88987226277372
    endloop
  endfacet
  facet normal -0.05652862885362352 0.0112442433900003 -0.9983376588662353
    outer loop
      vertex -23.362499999999997 0 -20
      vertex -21.584135578294934 8.94044168862941 -20
      vertex -11.50555561153741 3.7425746738094574 -20.629220367034215
    endloop
  endfacet
  facet normal -0.05299309968811625 1.1331526288465698e-16 -0.9985948785095211
    outer loop
      vertex -23.362499999999997 0 -20
      vertex -11.50555561153741 3.7425746738094574 -20.629220367034215
      vertex -12.25 0 -20.58971444071809
    endloop
  endfacet
  facet normal -0.056528628853623517 0.011244243390000292 -0.9983376588662354
    outer loop
      vertex -21.584135578294934 8.94044168862941 -20
      vertex -11.317524273263263 4.68787204647235 -20.629220367034215
      vertex -11.50555561153741 3.7425746738094574 -20.629220367034215
    endloop
  endfacet
  facet normal -0.0565286288536235 0.011244243390000365 -0.9983376588662354
    outer loop
      vertex -21.584135578294934 8.94044168862941 -20
      vertex -8.662058069535208 8.662058069535208 -20.734819056623017
      vertex -11.317524273263263 4.68787204647235 -20.629220367034215
    endloop
  endfacet
  facet normal -0.05652862885362352 0.011244243389999619 -0.9983376588662354
    outer loop
      vertex -21.584135578294934 8.94044168862941 -20
      vertex -4.68787204647235 11.317524273263263 -20.929939992565235
      vertex -8.662058069535208 8.662058069535208 -20.734819056623017
    endloop
  endfacet
  facet normal -0.05652862885362388 0.011244243390002082 -0.9983376588662354
    outer loop
      vertex -21.584135578294934 8.94044168862941 -20
      vertex 0 12.25 -21.18487778113935
      vertex -4.68787204647235 11.317524273263263 -20.929939992565235
    endloop
  endfacet
  facet normal -0.9807852804032304 0.19509032201612833 0
    outer loop
      vertex -23.362499999999997 0 -20
      vertex -23.362499999999997 0 20
      vertex -21.584135578294934 8.94044168862941 -20
    endloop
  endfacet
  facet normal -0.8314696123025453 0.5555702330196021 8.204621414548785e-18
    outer loop
      vertex -21.584135578294934 8.94044168862941 -20
      vertex -16.519782175470716 16.519782175470716 20
      vertex -16.519782175470716 16.519782175470716 -20
    endloop
  endfacet
  facet normal -0.5555702330196021 0.8314696123025453 8.204621414548785e-18
    outer loop
      vertex -16.519782175470716 16.519782175470716 -20
      vertex -8.94044168862941 21.584135578294934 20
      vertex -8.94044168862941 21.584135578294934 -20
    endloop
  endfacet
  facet normal -0.19509032201612833 0.9807852804032304 0
    outer loop
      vertex -8.94044168862941 21.584135578294934 -20
      vertex -8.94044168862941 21.584135578294934 20
      vertex 0 23.362499999999997 -20
    endloop
  endfacet
  facet normal -0.19509032201612092 0.980785280403232 1.4564105570854607e-15
    outer loop
      vertex 0 23.362499999999997 -20
      vertex -3.675 22.631497049879755 0
      vertex -3.1826433589078116 22.729432874954497 -1.8375
    endloop
  endfacet
  facet normal -0.05299309968811615 -1.5061103623838455e-18 -0.9985948785095212
    outer loop
      vertex 12.25 0 -21.88987226277372
      vertex 11.317524273263263 4.68787204647235 -21.84038795216173
      vertex 36.325 0 -23.167476326691652
    endloop
  endfacet
  facet normal -0.05299309968811637 3.734237959096814e-16 -0.9985948785095213
    outer loop
      vertex 40 20 -23.362499999999997
      vertex 11.317524273263263 4.68787204647235 -21.84038795216173
      vertex 8.662058069535208 8.662058069535208 -21.69946855804004
    endloop
  endfacet
  facet normal -0.06187315929014459 0.0413423232982526 -0.9972274186281478
    outer loop
      vertex -21.584135578294934 8.94044168862941 -20
      vertex -16.519782175470716 16.519782175470716 -20
      vertex 40 20 -23.362499999999997
    endloop
  endfacet
  facet normal -0.05652862885362409 0.011244243390003603 -0.9983376588662354
    outer loop
      vertex -21.584135578294934 8.94044168862941 -20
      vertex 40 20 -23.362499999999997
      vertex 0 12.25 -21.18487778113935
    endloop
  endfacet
  facet normal -0.06508024761818083 0.09739947362106646 -0.9931152520771673
    outer loop
      vertex -16.519782175470716 16.519782175470716 -20
      vertex -8.94044168862941 21.584135578294934 -20
      vertex 40 20 -23.362499999999997
    endloop
  endfacet
  facet normal -0.05652862885362327 0.011244243389999247 -0.9983376588662355
    outer loop
      vertex 40 20 -23.362499999999997
      vertex 4.68787204647235 11.317524273263263 -21.46082045505176
      vertex 0 12.25 -21.18487778113935
    endloop
  endfacet
  facet normal -0.052993099688116066 -3.941862871191066e-16 -0.9985948785095213
    outer loop
      vertex 40 20 -23.362499999999997
      vertex 8.662058069535208 8.662058069535208 -21.69946855804004
      vertex 7.191971001348389 9.644338844379051 -21.621454468211226
    endloop
  endfacet
  facet normal -0.056528628853623426 0.01124424338999994 -0.9983376588662354
    outer loop
      vertex 40 20 -23.362499999999997
      vertex 7.191971001348389 9.644338844379051 -21.621454468211226
      vertex 4.68787204647235 11.317524273263263 -21.46082045505176
    endloop
  endfacet
  facet normal -0.05655311309519881 0.2843116988661523 -0.9570624866157298
    outer loop
      vertex -8.94044168862941 21.584135578294934 -20
      vertex 0 23.362499999999997 -20
      vertex 40 20 -23.362499999999997
    endloop
  endfacet
  facet normal -0.195090322016128 0.9807852804032304 0
    outer loop
      vertex 0 23.362499999999997 -20
      vertex -1.8375 22.996998524939876 -3.1826433589078116
      vertex 0 23.362499999999997 -3.675
    endloop
  endfacet
  facet normal 0.052993099688115324 0.9985948785095212 0
    outer loop
      vertex 0 23.362499999999997 -20
      vertex 0 23.362499999999997 -3.675
      vertex 1.8375 23.264988163345826 -3.1826433589078116
    endloop
  endfacet
  facet normal -0.19509032201612903 0.9807852804032302 -1.0635868068821577e-16
    outer loop
      vertex 0 23.362499999999997 -20
      vertex -3.1826433589078116 22.729432874954497 -1.8375
      vertex -1.8375 22.996998524939876 -3.1826433589078116
    endloop
  endfacet
  facet normal 0.05299309968811623 0.9985948785095211 -9.879791324062481e-17
    outer loop
      vertex 0 23.362499999999997 -20
      vertex 1.8375 23.264988163345826 -3.1826433589078116
      vertex 28.682475726736737 21.84038795216173 -4.68787204647235
    endloop
  endfacet
  facet normal 0.05299309968811629 0.9985948785095211 1.0347374289966439e-15
    outer loop
      vertex 1.8375 23.264988163345826 -3.1826433589078116
      vertex 3.1826433589078116 23.193604544575614 -1.8375
      vertex 28.682475726736737 21.84038795216173 -4.68787204647235
    endloop
  endfacet
  facet normal 0.0529930996881162 0.9985948785095212 2.285079665927381e-16
    outer loop
      vertex 3.1826433589078116 23.193604544575614 -1.8375
      vertex 3.675 23.167476326691652 0
      vertex 28.682475726736737 21.84038795216173 -4.68787204647235
    endloop
  endfacet
  facet normal -0.9807852804032304 0.19509032201612833 0
    outer loop
      vertex -21.584135578294934 8.94044168862941 -20
      vertex -23.362499999999997 0 20
      vertex -21.584135578294934 8.94044168862941 20
    endloop
  endfacet
  facet normal -0.8314696123025453 0.5555702330196021 0
    outer loop
      vertex -21.584135578294934 8.94044168862941 -20
      vertex -21.584135578294934 8.94044168862941 20
      vertex -16.519782175470716 16.519782175470716 20
    endloop
  endfacet
  facet normal -0.05652862885362352 0.0112442433900003 0.9983376588662353
    outer loop
      vertex -23.362499999999997 0 20
      vertex -11.50555561153741 3.7425746738094574 20.629220367034215
      vertex -21.584135578294934 8.94044168862941 20
    endloop
  endfacet
  facet normal -0.05299309968811625 1.1091377297822176e-16 0.9985948785095211
    outer loop
      vertex -23.362499999999997 0 20
      vertex -12.25 0 20.58971444071809
      vertex -11.50555561153741 3.7425746738094574 20.629220367034215
    endloop
  endfacet
  facet normal -0.056528628853623517 0.01124424339000027 0.9983376588662354
    outer loop
      vertex -21.584135578294934 8.94044168862941 20
      vertex -11.50555561153741 3.7425746738094574 20.629220367034215
      vertex -11.317524273263263 4.68787204647235 20.629220367034215
    endloop
  endfacet
  facet normal -0.0565286288536235 0.011244243390000365 0.9983376588662354
    outer loop
      vertex -21.584135578294934 8.94044168862941 20
      vertex -11.317524273263263 4.68787204647235 20.629220367034215
      vertex -8.662058069535208 8.662058069535208 20.734819056623017
    endloop
  endfacet
  facet normal -0.05652862885362352 0.011244243389999587 0.9983376588662354
    outer loop
      vertex -21.584135578294934 8.94044168862941 20
      vertex -8.662058069535208 8.662058069535208 20.734819056623017
      vertex -4.68787204647235 11.317524273263263 20.929939992565235
    endloop
  endfacet
  facet normal -0.056528628853623905 0.011244243390002531 0.9983376588662354
    outer loop
      vertex -21.584135578294934 8.94044168862941 20
      vertex -4.68787204647235 11.317524273263263 20.929939992565235
      vertex 0 12.25 21.18487778113935
    endloop
  endfacet
  facet normal -0.5555702330196021 0.8314696123025453 0
    outer loop
      vertex -16.519782175470716 16.519782175470716 -20
      vertex -16.519782175470716 16.519782175470716 20
      vertex -8.94044168862941 21.584135578294934 20
    endloop
  endfacet
  facet normal -0.1950903220161298 0.9807852804032302 -3.1949650451434863e-16
    outer loop
      vertex 0 23.362499999999997 -20
      vertex -8.94044168862941 21.584135578294934 20
      vertex -3.675 22.631497049879755 0
    endloop
  endfacet
  facet normal -0.19509032201612697 0.9807852804032308 3.981610623099362e-16
    outer loop
      vertex -8.94044168862941 21.584135578294934 20
      vertex -3.1826433589078116 22.729432874954497 1.8375
      vertex -3.675 22.631497049879755 0
    endloop
  endfacet
  facet normal -0.19509032201612878 0.9807852804032303 -1.8494516486566688e-16
    outer loop
      vertex -8.94044168862941 21.584135578294934 20
      vertex -1.8375 22.996998524939876 3.1826433589078116
      vertex -3.1826433589078116 22.729432874954497 1.8375
    endloop
  endfacet
  facet normal -0.19509032201612794 0.9807852804032304 1.7038002518070433e-16
    outer loop
      vertex -8.94044168862941 21.584135578294934 20
      vertex 0 23.362499999999997 3.675
      vertex -1.8375 22.996998524939876 3.1826433589078116
    endloop
  endfacet
  facet normal -0.1950903220161283 0.9807852804032303 5.340835242267573e-18
    outer loop
      vertex -8.94044168862941 21.584135578294934 20
      vertex 0 23.362499999999997 20
      vertex 0 23.362499999999997 3.675
    endloop
  endfacet
  facet normal -0.05299309968811637 3.5917334487455407e-16 0.9985948785095213
    outer loop
      vertex 40 20 23.362499999999997
      vertex 8.662058069535208 8.662058069535208 21.69946855804004
      vertex 11.317524273263263 4.68787204647235 21.84038795216173
    endloop
  endfacet
  facet normal 0.05299309968811616 0.9985948785095213 -2.3856457479279557e-16
    outer loop
      vertex 3.675 23.167476326691652 0
      vertex 3.1826433589078116 23.193604544575614 1.8375
      vertex 27.75 21.88987226277372 0
    endloop
  endfacet
  facet normal 0.05299309968811607 0.9985948785095212 2.8027420287830676e-15
    outer loop
      vertex 1.8375 23.264988163345826 3.1826433589078116
      vertex 0 23.362499999999997 3.675
      vertex 28.682475726736737 21.84038795216173 4.68787204647235
    endloop
  endfacet
  facet normal 0.052993099688116274 0.9985948785095211 -1.034424001022521e-15
    outer loop
      vertex 3.1826433589078116 23.193604544575614 1.8375
      vertex 1.8375 23.264988163345826 3.1826433589078116
      vertex 28.682475726736737 21.84038795216173 4.68787204647235
    endloop
  endfacet
  facet normal 0.05299309968811618 0.9985948785095212 -2.908351283535774e-17
    outer loop
      vertex 3.1826433589078116 23.193604544575614 1.8375
      vertex 28.682475726736737 21.84038795216173 4.68787204647235
      vertex 27.75 21.88987226277372 0
    endloop
  endfacet
  facet normal 0.05299309968811618 0.9985948785095212 0
    outer loop
      vertex 0 23.362499999999997 20
      vertex 28.682475726736737 21.84038795216173 4.68787204647235
      vertex 0 23.362499999999997 3.675
    endloop
  endfacet
  facet normal -0.06187315929014459 0.0413423232982526 0.9972274186281478
    outer loop
      vertex -21.584135578294934 8.94044168862941 20
      vertex 40 20 23.362499999999997
      vertex -16.519782175470716 16.519782175470716 20
    endloop
  endfacet
  facet normal -0.056528628853624065 0.01124424339000345 0.9983376588662354
    outer loop
      vertex -21.584135578294934 8.94044168862941 20
      vertex 0 12.25 21.18487778113935
      vertex 40 20 23.362499999999997
    endloop
  endfacet
  facet normal -0.06508024761818083 0.09739947362106646 0.9931152520771673
    outer loop
      vertex -16.519782175470716 16.519782175470716 20
      vertex 40 20 23.362499999999997
      vertex -8.94044168862941 21.584135578294934 20
    endloop
  endfacet
  facet normal -0.05652862885362332 0.011244243389999348 0.9983376588662355
    outer loop
      vertex 40 20 23.362499999999997
      vertex 0 12.25 21.18487778113935
      vertex 4.68787204647235 11.317524273263263 21.46082045505176
    endloop
  endfacet
  facet normal -0.05299309968811612 -4.208204316481712e-16 0.9985948785095211
    outer loop
      vertex 40 20 23.362499999999997
      vertex 7.191971001348389 9.644338844379053 21.621454468211226
      vertex 8.662058069535208 8.662058069535208 21.69946855804004
    endloop
  endfacet
  facet normal -0.056528628853623426 0.011244243390000018 0.9983376588662354
    outer loop
      vertex 40 20 23.362499999999997
      vertex 4.68787204647235 11.317524273263263 21.46082045505176
      vertex 7.191971001348389 9.644338844379053 21.621454468211226
    endloop
  endfacet
  facet normal -0.056553113095198816 0.2843116988661524 0.9570624866157298
    outer loop
      vertex -8.94044168862941 21.584135578294934 20
      vertex 40 20 23.362499999999997
      vertex 0 23.362499999999997 20
    endloop
  endfacet
  facet normal 0.05655311309519881 -0.9570624866157298 -0.28431169886615226
    outer loop
      vertex 0 -23.362499999999997 -20
      vertex 40 -20 -23.362499999999997
      vertex 48.940441688629406 -20 -21.584135578294934
    endloop
  endfacet
  facet normal 0.056528628853623475 -0.9983376588662354 -0.011244243390000134
    outer loop
      vertex 0 -23.362499999999997 -20
      vertex 35.31212795352765 -21.46082045505176 -11.317524273263263
      vertex 32.808028998651615 -21.621454468211226 -9.644338844379053
    endloop
  endfacet
  facet normal 0.05299309968811601 -0.9985948785095211 6.428657612614586e-16
    outer loop
      vertex 0 -23.362499999999997 -20
      vertex 32.808028998651615 -21.621454468211226 -9.644338844379053
      vertex 31.337941930464794 -21.69946855804004 -8.662058069535208
    endloop
  endfacet
  facet normal 0.05652862885362327 -0.9983376588662355 -0.011244243389999247
    outer loop
      vertex 0 -23.362499999999997 -20
      vertex 40 -21.18487778113935 -12.25
      vertex 35.31212795352765 -21.46082045505176 -11.317524273263263
    endloop
  endfacet
  facet normal 0.06508024761818083 -0.9931152520771673 -0.09739947362106646
    outer loop
      vertex 0 -23.362499999999997 -20
      vertex 48.940441688629406 -20 -21.584135578294934
      vertex 56.519782175470716 -20 -16.519782175470716
    endloop
  endfacet
  facet normal 0.05652862885362408 -0.9983376588662354 -0.011244243390003439
    outer loop
      vertex 0 -23.362499999999997 -20
      vertex 61.584135578294934 -20 -8.94044168862941
      vertex 40 -21.18487778113935 -12.25
    endloop
  endfacet
  facet normal 0.06187315929014461 -0.9972274186281478 -0.04134232329825264
    outer loop
      vertex 0 -23.362499999999997 -20
      vertex 56.519782175470716 -20 -16.519782175470716
      vertex 61.584135578294934 -20 -8.94044168862941
    endloop
  endfacet
  facet normal 0.05299309968811637 -0.9985948785095213 -3.734237959096814e-16
    outer loop
      vertex 0 -23.362499999999997 -20
      vertex 31.337941930464794 -21.69946855804004 -8.662058069535208
      vertex 28.682475726736737 -21.84038795216173 -4.68787204647235
    endloop
  endfacet
  facet normal -0.05299309968811618 0 -0.9985948785095212
    outer loop
      vertex 40 -20 -23.362499999999997
      vertex 11.317524273263263 -4.68787204647235 -21.84038795216173
      vertex 40 -3.675 -23.362499999999997
    endloop
  endfacet
  facet normal -0.052993099688116184 4.999225064747263e-18 -0.9985948785095212
    outer loop
      vertex 11.317524273263263 -4.68787204647235 -21.84038795216173
      vertex 12.25 0 -21.88987226277372
      vertex 36.81735664109219 -1.8375 -23.193604544575614
    endloop
  endfacet
  facet normal -0.05299309968811629 1.049529813868685e-15 -0.9985948785095211
    outer loop
      vertex 11.317524273263263 -4.68787204647235 -21.84038795216173
      vertex 36.81735664109219 -1.8375 -23.193604544575614
      vertex 38.1625 -3.1826433589078116 -23.264988163345826
    endloop
  endfacet
  facet normal -0.052993099688116094 -2.891036029791472e-15 -0.9985948785095211
    outer loop
      vertex 11.317524273263263 -4.68787204647235 -21.84038795216173
      vertex 38.1625 -3.1826433589078116 -23.264988163345826
      vertex 40 -3.675 -23.362499999999997
    endloop
  endfacet
  facet normal -0.052993099688116156 3.015564920852379e-16 -0.9985948785095213
    outer loop
      vertex 12.25 0 -21.88987226277372
      vertex 36.325 0 -23.167476326691652
      vertex 36.81735664109219 -1.8375 -23.193604544575614
    endloop
  endfacet
  facet normal 0.1950903220161284 0 -0.9807852804032303
    outer loop
      vertex 40 -20 -23.362499999999997
      vertex 40 -3.675 -23.362499999999997
      vertex 48.940441688629406 -20 -21.584135578294934
    endloop
  endfacet
  facet normal 0.05652862885362388 -0.9983376588662354 -0.011244243390002082
    outer loop
      vertex 61.584135578294934 -20 -8.94044168862941
      vertex 44.68787204647235 -20.929939992565235 -11.317524273263263
      vertex 40 -21.18487778113935 -12.25
    endloop
  endfacet
  facet normal 0.05652862885362352 -0.9983376588662354 -0.011244243389999572
    outer loop
      vertex 61.584135578294934 -20 -8.94044168862941
      vertex 48.662058069535206 -20.734819056623017 -8.662058069535208
      vertex 44.68787204647235 -20.929939992565235 -11.317524273263263
    endloop
  endfacet
  facet normal 0.056528628853623496 -0.9983376588662354 -0.011244243390000314
    outer loop
      vertex 61.584135578294934 -20 -8.94044168862941
      vertex 51.31752427326326 -20.629220367034215 -4.68787204647235
      vertex 48.662058069535206 -20.734819056623017 -8.662058069535208
    endloop
  endfacet
  facet normal 0.05652862885362358 -0.9983376588662353 -0.011244243390000143
    outer loop
      vertex 61.584135578294934 -20 -8.94044168862941
      vertex 51.5055556115374 -20.629220367034215 -3.7425746738094583
      vertex 51.31752427326326 -20.629220367034215 -4.68787204647235
    endloop
  endfacet
  facet normal 0.052993099688116246 -0.9985948785095211 -2.1994474677813746e-16
    outer loop
      vertex 63.3625 -20 0
      vertex 52.25 -20.58971444071809 0
      vertex 51.5055556115374 -20.629220367034215 -3.7425746738094583
    endloop
  endfacet
  facet normal 0.056528628853623496 -0.9983376588662353 -0.011244243390000295
    outer loop
      vertex 61.584135578294934 -20 -8.94044168862941
      vertex 63.3625 -20 0
      vertex 51.5055556115374 -20.629220367034215 -3.7425746738094583
    endloop
  endfacet
  facet normal 0.19509032201612822 -1.411349095281055e-16 -0.9807852804032303
    outer loop
      vertex 48.940441688629406 -20 -21.584135578294934
      vertex 40 -3.675 -23.362499999999997
      vertex 41.8375 -3.1826433589078116 -22.996998524939876
    endloop
  endfacet
  facet normal 0.19509032201612875 1.3703171991419192e-16 -0.9807852804032303
    outer loop
      vertex 48.940441688629406 -20 -21.584135578294934
      vertex 41.8375 -3.1826433589078116 -22.996998524939876
      vertex 43.18264335890781 -1.8375 -22.729432874954497
    endloop
  endfacet
  facet normal 0.19509032201612753 -3.1633889951162305e-16 -0.9807852804032308
    outer loop
      vertex 48.940441688629406 -20 -21.584135578294934
      vertex 43.18264335890781 -1.8375 -22.729432874954497
      vertex 43.675 0 -22.631497049879755
    endloop
  endfacet
  facet normal 0.5555702330196017 -9.118552287647365e-19 -0.8314696123025455
    outer loop
      vertex 48.940441688629406 -20 -21.584135578294934
      vertex 56.519782175470716 20 -16.519782175470716
      vertex 56.519782175470716 -20 -16.519782175470716
    endloop
  endfacet
  facet normal 0.8314696123025453 8.204621414548785e-18 -0.5555702330196021
    outer loop
      vertex 56.519782175470716 -20 -16.519782175470716
      vertex 61.584135578294934 20 -8.94044168862941
      vertex 61.584135578294934 -20 -8.94044168862941
    endloop
  endfacet
  facet normal 0.9807852804032304 0 -0.19509032201612833
    outer loop
      vertex 61.584135578294934 -20 -8.94044168862941
      vertex 61.584135578294934 20 -8.94044168862941
      vertex 63.3625 -20 0
    endloop
  endfacet
  facet normal 0.05299309968811616 -0.9985948785095212 4.23053726065455e-18
    outer loop
      vertex 3.675 -23.167476326691652 0
      vertex 27.75 -21.88987226277372 0
      vertex 28.682475726736737 -21.84038795216173 4.68787204647235
    endloop
  endfacet
  facet normal 0.05299309968811637 -0.9985948785095213 3.5917334487455407e-16
    outer loop
      vertex 0 -23.362499999999997 20
      vertex 28.682475726736737 -21.84038795216173 4.68787204647235
      vertex 31.337941930464794 -21.69946855804004 8.662058069535208
    endloop
  endfacet
  facet normal 0.05299309968811603 -0.9985948785095211 -5.703542695948979e-16
    outer loop
      vertex 0 -23.362499999999997 20
      vertex 31.337941930464794 -21.69946855804004 8.662058069535208
      vertex 32.808028998651615 -21.621454468211226 9.644338844379053
    endloop
  endfacet
  facet normal 0.05652862885362347 -0.9983376588662354 0.011244243390000193
    outer loop
      vertex 0 -23.362499999999997 20
      vertex 32.808028998651615 -21.621454468211226 9.644338844379053
      vertex 35.31212795352765 -21.46082045505176 11.317524273263263
    endloop
  endfacet
  facet normal 0.05652862885362332 -0.9983376588662355 0.011244243389999348
    outer loop
      vertex 0 -23.362499999999997 20
      vertex 35.31212795352765 -21.46082045505176 11.317524273263263
      vertex 40 -21.18487778113935 12.25
    endloop
  endfacet
  facet normal 0.05655311309519881 -0.9570624866157298 0.28431169886615226
    outer loop
      vertex 0 -23.362499999999997 20
      vertex 48.940441688629406 -20 21.584135578294934
      vertex 40 -20 23.362499999999997
    endloop
  endfacet
  facet normal 0.05652862885362411 -0.9983376588662352 0.011244243390003215
    outer loop
      vertex 0 -23.362499999999997 20
      vertex 40 -21.18487778113935 12.25
      vertex 61.584135578294934 -20 8.94044168862941
    endloop
  endfacet
  facet normal 0.06187315929014459 -0.9972274186281478 0.04134232329825264
    outer loop
      vertex 0 -23.362499999999997 20
      vertex 61.584135578294934 -20 8.94044168862941
      vertex 56.519782175470716 -20 16.519782175470716
    endloop
  endfacet
  facet normal 0.06508024761818083 -0.9931152520771673 0.09739947362106652
    outer loop
      vertex 0 -23.362499999999997 20
      vertex 56.519782175470716 -20 16.519782175470716
      vertex 48.940441688629406 -20 21.584135578294934
    endloop
  endfacet
  facet normal -0.052993099688116226 -9.479455653431525e-17 0.9985948785095213
    outer loop
      vertex 40 -20 23.362499999999997
      vertex 38.1625 -3.1826433589078116 23.264988163345826
      vertex 11.317524273263263 -4.68787204647235 21.84038795216173
    endloop
  endfacet
  facet normal -0.0529930996881163 1.0874327450118744e-15 0.9985948785095211
    outer loop
      vertex 11.317524273263263 -4.68787204647235 21.84038795216173
      vertex 38.1625 -3.1826433589078116 23.264988163345826
      vertex 36.81735664109219 -1.8375 23.193604544575614
    endloop
  endfacet
  facet normal -0.05299309968811621 2.975248981127472e-16 0.9985948785095212
    outer loop
      vertex 11.317524273263263 -4.68787204647235 21.84038795216173
      vertex 36.81735664109219 -1.8375 23.193604544575614
      vertex 36.325 0 23.167476326691652
    endloop
  endfacet
  facet normal -0.052993099688115365 0 0.9985948785095212
    outer loop
      vertex 40 -20 23.362499999999997
      vertex 40 -3.675 23.362499999999997
      vertex 38.1625 -3.1826433589078116 23.264988163345826
    endloop
  endfacet
  facet normal 0.19509032201612816 0 0.9807852804032304
    outer loop
      vertex 40 -20 23.362499999999997
      vertex 41.8375 -3.1826433589078116 22.996998524939876
      vertex 40 -3.675 23.362499999999997
    endloop
  endfacet
  facet normal 0.19509032201612891 -8.158139716316115e-17 0.9807852804032303
    outer loop
      vertex 40 -20 23.362499999999997
      vertex 43.18264335890781 -1.8375 22.729432874954497
      vertex 41.8375 -3.1826433589078116 22.996998524939876
    endloop
  endfacet
  facet normal 0.056528628853623905 -0.9983376588662354 0.011244243390002531
    outer loop
      vertex 61.584135578294934 -20 8.94044168862941
      vertex 40 -21.18487778113935 12.25
      vertex 44.68787204647235 -20.929939992565235 11.317524273263263
    endloop
  endfacet
  facet normal 0.05652862885362352 -0.9983376588662354 0.011244243389999537
    outer loop
      vertex 61.584135578294934 -20 8.94044168862941
      vertex 44.68787204647235 -20.929939992565235 11.317524273263263
      vertex 48.662058069535206 -20.734819056623017 8.662058069535208
    endloop
  endfacet
  facet normal 0.052993099688116246 -0.9985948785095211 1.1091377297822173e-16
    outer loop
      vertex 63.3625 -20 0
      vertex 51.50555561153741 -20.629220367034215 3.7425746738094583
      vertex 52.25 -20.58971444071809 0
    endloop
  endfacet
  facet normal 0.056528628853623426 -0.9983376588662354 0.011244243390000474
    outer loop
      vertex 61.584135578294934 -20 8.94044168862941
      vertex 51.31752427326326 -20.629220367034215 4.68787204647235
      vertex 51.50555561153741 -20.629220367034215 3.7425746738094583
    endloop
  endfacet
  facet normal 0.05652862885362352 -0.9983376588662353 0.0112442433900003
    outer loop
      vertex 63.3625 -20 0
      vertex 61.584135578294934 -20 8.94044168862941
      vertex 51.50555561153741 -20.629220367034215 3.7425746738094583
    endloop
  endfacet
  facet normal 0.0565286288536235 -0.9983376588662354 0.011244243390000335
    outer loop
      vertex 61.584135578294934 -20 8.94044168862941
      vertex 48.662058069535206 -20.734819056623017 8.662058069535208
      vertex 51.31752427326326 -20.629220367034215 4.68787204647235
    endloop
  endfacet
  facet normal 0.9807852804032304 -2.1797283832504538e-18 0.19509032201612833
    outer loop
      vertex 63.3625 -20 0
      vertex 61.584135578294934 20 8.94044168862941
      vertex 61.584135578294934 -20 8.94044168862941
    endloop
  endfacet
  facet normal 0.8314696123025453 0 0.5555702330196021
    outer loop
      vertex 61.584135578294934 -20 8.94044168862941
      vertex 61.584135578294934 20 8.94044168862941
      vertex 56.519782175470716 -20 16.519782175470716
    endloop
  endfacet
  facet normal 0.19509032201612223 1.1687166427751655e-15 0.9807852804032317
    outer loop
      vertex 40 -20 23.362499999999997
      vertex 43.675 0 22.631497049879755
      vertex 43.18264335890781 -1.8375 22.729432874954497
    endloop
  endfacet
  facet normal 0.1950903220161284 5.325165567339982e-19 0.9807852804032304
    outer loop
      vertex 40 -20 23.362499999999997
      vertex 48.940441688629406 -20 21.584135578294934
      vertex 48.940441688629406 20 21.584135578294934
    endloop
  endfacet
  facet normal 0.5555702330196017 9.118552287647365e-19 0.8314696123025455
    outer loop
      vertex 48.940441688629406 -20 21.584135578294934
      vertex 56.519782175470716 -20 16.519782175470716
      vertex 56.519782175470716 20 16.519782175470716
    endloop
  endfacet
  facet normal -0.05299309968811621 -2.975248981127472e-16 -0.9985948785095212
    outer loop
      vertex 11.317524273263263 4.68787204647235 -21.84038795216173
      vertex 36.81735664109219 1.8375 -23.193604544575614
      vertex 36.325 0 -23.167476326691652
    endloop
  endfacet
  facet normal -0.0529930996881163 -1.0874327450118744e-15 -0.9985948785095211
    outer loop
      vertex 11.317524273263263 4.68787204647235 -21.84038795216173
      vertex 38.1625 3.1826433589078116 -23.264988163345826
      vertex 36.81735664109219 1.8375 -23.193604544575614
    endloop
  endfacet
  facet normal -0.052993099688116226 9.479455653431525e-17 -0.9985948785095213
    outer loop
      vertex 40 20 -23.362499999999997
      vertex 38.1625 3.1826433589078116 -23.264988163345826
      vertex 11.317524273263263 4.68787204647235 -21.84038795216173
    endloop
  endfacet
  facet normal 0.19509032201612891 8.158139716316115e-17 -0.9807852804032303
    outer loop
      vertex 40 20 -23.362499999999997
      vertex 43.18264335890781 1.8375 -22.729432874954497
      vertex 41.8375 3.1826433589078116 -22.996998524939876
    endloop
  endfacet
  facet normal -0.052993099688115365 0 -0.9985948785095212
    outer loop
      vertex 40 20 -23.362499999999997
      vertex 40 3.675 -23.362499999999997
      vertex 38.1625 3.1826433589078116 -23.264988163345826
    endloop
  endfacet
  facet normal 0.19509032201612816 0 -0.9807852804032304
    outer loop
      vertex 40 20 -23.362499999999997
      vertex 41.8375 3.1826433589078116 -22.996998524939876
      vertex 40 3.675 -23.362499999999997
    endloop
  endfacet
  facet normal 0.05655311309519881 0.9570624866157298 -0.28431169886615226
    outer loop
      vertex 0 23.362499999999997 -20
      vertex 48.940441688629406 20 -21.584135578294934
      vertex 40 20 -23.362499999999997
    endloop
  endfacet
  facet normal 0.05652862885362347 0.9983376588662354 -0.011244243390000193
    outer loop
      vertex 0 23.362499999999997 -20
      vertex 32.808028998651615 21.621454468211226 -9.644338844379053
      vertex 35.31212795352765 21.46082045505176 -11.317524273263263
    endloop
  endfacet
  facet normal 0.05299309968811603 0.9985948785095211 5.703542695948979e-16
    outer loop
      vertex 0 23.362499999999997 -20
      vertex 31.337941930464794 21.69946855804004 -8.662058069535208
      vertex 32.808028998651615 21.621454468211226 -9.644338844379053
    endloop
  endfacet
  facet normal 0.05652862885362332 0.9983376588662355 -0.011244243389999348
    outer loop
      vertex 0 23.362499999999997 -20
      vertex 35.31212795352765 21.46082045505176 -11.317524273263263
      vertex 40 21.18487778113935 -12.25
    endloop
  endfacet
  facet normal 0.06508024761818083 0.9931152520771673 -0.09739947362106652
    outer loop
      vertex 0 23.362499999999997 -20
      vertex 56.519782175470716 20 -16.519782175470716
      vertex 48.940441688629406 20 -21.584135578294934
    endloop
  endfacet
  facet normal 0.05652862885362411 0.9983376588662352 -0.011244243390003215
    outer loop
      vertex 0 23.362499999999997 -20
      vertex 40 21.18487778113935 -12.25
      vertex 61.584135578294934 20 -8.94044168862941
    endloop
  endfacet
  facet normal 0.06187315929014459 0.9972274186281478 -0.04134232329825264
    outer loop
      vertex 0 23.362499999999997 -20
      vertex 61.584135578294934 20 -8.94044168862941
      vertex 56.519782175470716 20 -16.519782175470716
    endloop
  endfacet
  facet normal 0.05299309968811637 0.9985948785095213 -3.5917334487455407e-16
    outer loop
      vertex 0 23.362499999999997 -20
      vertex 28.682475726736737 21.84038795216173 -4.68787204647235
      vertex 31.337941930464794 21.69946855804004 -8.662058069535208
    endloop
  endfacet
  facet normal 0.05299309968811616 0.9985948785095212 -4.23053726065455e-18
    outer loop
      vertex 3.675 23.167476326691652 0
      vertex 27.75 21.88987226277372 0
      vertex 28.682475726736737 21.84038795216173 -4.68787204647235
    endloop
  endfacet
  facet normal 0.1950903220161295 2.2927098516601607e-16 -0.9807852804032303
    outer loop
      vertex 48.940441688629406 -20 -21.584135578294934
      vertex 43.675 0 -22.631497049879755
      vertex 40 20 -23.362499999999997
    endloop
  endfacet
  facet normal 0.19509032201612223 -1.1687166427751655e-15 -0.9807852804032317
    outer loop
      vertex 40 20 -23.362499999999997
      vertex 43.675 0 -22.631497049879755
      vertex 43.18264335890781 1.8375 -22.729432874954497
    endloop
  endfacet
  facet normal 0.1950903220161284 0 -0.9807852804032304
    outer loop
      vertex 48.940441688629406 -20 -21.584135578294934
      vertex 40 20 -23.362499999999997
      vertex 48.940441688629406 20 -21.584135578294934
    endloop
  endfacet
  facet normal 0.5555702330196017 0 -0.8314696123025455
    outer loop
      vertex 48.940441688629406 -20 -21.584135578294934
      vertex 48.940441688629406 20 -21.584135578294934
      vertex 56.519782175470716 20 -16.519782175470716
    endloop
  endfacet
  facet normal 0.8314696123025453 0 -0.5555702330196021
    outer loop
      vertex 56.519782175470716 -20 -16.519782175470716
      vertex 56.519782175470716 20 -16.519782175470716
      vertex 61.584135578294934 20 -8.94044168862941
    endloop
  endfacet
  facet normal 0.9807852804032304 0 -0.19509032201612833
    outer loop
      vertex 63.3625 -20 0
      vertex 61.584135578294934 20 -8.94044168862941
      vertex 63.3625 20 0
    endloop
  endfacet
  facet normal 0.056528628853623905 0.9983376588662354 -0.011244243390002531
    outer loop
      vertex 61.584135578294934 20 -8.94044168862941
      vertex 40 21.18487778113935 -12.25
      vertex 44.68787204647235 20.929939992565235 -11.317524273263263
    endloop
  endfacet
  facet normal 0.05652862885362352 0.9983376588662354 -0.011244243389999537
    outer loop
      vertex 61.584135578294934 20 -8.94044168862941
      vertex 44.68787204647235 20.929939992565235 -11.317524273263263
      vertex 48.662058069535206 20.734819056623017 -8.662058069535208
    endloop
  endfacet
  facet normal 0.0565286288536235 0.9983376588662354 -0.011244243390000335
    outer loop
      vertex 61.584135578294934 20 -8.94044168862941
      vertex 48.662058069535206 20.734819056623017 -8.662058069535208
      vertex 51.31752427326326 20.629220367034215 -4.68787204647235
    endloop
  endfacet
  facet normal 0.056528628853623426 0.9983376588662354 -0.011244243390000474
    outer loop
      vertex 61.584135578294934 20 -8.94044168862941
      vertex 51.31752427326326 20.629220367034215 -4.68787204647235
      vertex 51.50555561153741 20.629220367034215 -3.7425746738094583
    endloop
  endfacet
  facet normal 0.052993099688116246 0.9985948785095211 -1.1091377297822173e-16
    outer loop
      vertex 63.3625 20 0
      vertex 51.50555561153741 20.629220367034215 -3.7425746738094583
      vertex 52.25 20.58971444071809 0
    endloop
  endfacet
  facet normal 0.05652862885362352 0.9983376588662353 -0.0112442433900003
    outer loop
      vertex 61.584135578294934 20 -8.94044168862941
      vertex 51.50555561153741 20.629220367034215 -3.7425746738094583
      vertex 63.3625 20 0
    endloop
  endfacet
  facet normal -0.05299309968811618 -4.544594464859024e-18 0.9985948785095212
    outer loop
      vertex 12.25 0 21.88987226277372
      vertex 36.81735664109219 1.8375 23.193604544575614
      vertex 11.317524273263263 4.68787204647235 21.84038795216173
    endloop
  endfacet
  facet normal -0.052993099688116156 -3.015564920852379e-16 0.9985948785095213
    outer loop
      vertex 12.25 0 21.88987226277372
      vertex 36.325 0 23.167476326691652
      vertex 36.81735664109219 1.8375 23.193604544575614
    endloop
  endfacet
  facet normal -0.05299309968811629 -1.049529813868685e-15 0.9985948785095211
    outer loop
      vertex 11.317524273263263 4.68787204647235 21.84038795216173
      vertex 36.81735664109219 1.8375 23.193604544575614
      vertex 38.1625 3.1826433589078116 23.264988163345826
    endloop
  endfacet
  facet normal -0.052993099688116094 2.891036029791472e-15 0.9985948785095211
    outer loop
      vertex 11.317524273263263 4.68787204647235 21.84038795216173
      vertex 38.1625 3.1826433589078116 23.264988163345826
      vertex 40 3.675 23.362499999999997
    endloop
  endfacet
  facet normal -0.05299309968811618 0 0.9985948785095212
    outer loop
      vertex 40 20 23.362499999999997
      vertex 11.317524273263263 4.68787204647235 21.84038795216173
      vertex 40 3.675 23.362499999999997
    endloop
  endfacet
  facet normal 0.05299309968811637 0.9985948785095213 3.734237959096814e-16
    outer loop
      vertex 0 23.362499999999997 20
      vertex 31.337941930464794 21.69946855804004 8.662058069535208
      vertex 28.682475726736737 21.84038795216173 4.68787204647235
    endloop
  endfacet
  facet normal 0.05299309968811601 0.9985948785095211 -6.428657612614586e-16
    outer loop
      vertex 0 23.362499999999997 20
      vertex 32.808028998651615 21.621454468211226 9.644338844379053
      vertex 31.337941930464794 21.69946855804004 8.662058069535208
    endloop
  endfacet
  facet normal 0.056528628853623475 0.9983376588662354 0.011244243390000134
    outer loop
      vertex 0 23.362499999999997 20
      vertex 35.31212795352765 21.46082045505176 11.317524273263263
      vertex 32.808028998651615 21.621454468211226 9.644338844379053
    endloop
  endfacet
  facet normal 0.05652862885362327 0.9983376588662355 0.011244243389999247
    outer loop
      vertex 0 23.362499999999997 20
      vertex 40 21.18487778113935 12.25
      vertex 35.31212795352765 21.46082045505176 11.317524273263263
    endloop
  endfacet
  facet normal 0.05655311309519881 0.9570624866157298 0.28431169886615226
    outer loop
      vertex 0 23.362499999999997 20
      vertex 40 20 23.362499999999997
      vertex 48.940441688629406 20 21.584135578294934
    endloop
  endfacet
  facet normal 0.05652862885362408 0.9983376588662354 0.011244243390003439
    outer loop
      vertex 0 23.362499999999997 20
      vertex 61.584135578294934 20 8.94044168862941
      vertex 40 21.18487778113935 12.25
    endloop
  endfacet
  facet normal 0.06187315929014461 0.9972274186281478 0.04134232329825264
    outer loop
      vertex 0 23.362499999999997 20
      vertex 56.519782175470716 20 16.519782175470716
      vertex 61.584135578294934 20 8.94044168862941
    endloop
  endfacet
  facet normal 0.06508024761818083 0.9931152520771673 0.09739947362106646
    outer loop
      vertex 0 23.362499999999997 20
      vertex 48.940441688629406 20 21.584135578294934
      vertex 56.519782175470716 20 16.519782175470716
    endloop
  endfacet
  facet normal 0.9807852804032304 0 0.19509032201612833
    outer loop
      vertex 63.3625 -20 0
      vertex 63.3625 20 0
      vertex 61.584135578294934 20 8.94044168862941
    endloop
  endfacet
  facet normal 0.1950903220161295 -2.658957347966331e-16 0.9807852804032303
    outer loop
      vertex 40 -20 23.362499999999997
      vertex 48.940441688629406 20 21.584135578294934
      vertex 43.675 0 22.631497049879755
    endloop
  endfacet
  facet normal 0.19509032201612753 3.1633889951162305e-16 0.9807852804032308
    outer loop
      vertex 48.940441688629406 20 21.584135578294934
      vertex 43.18264335890781 1.8375 22.729432874954497
      vertex 43.675 0 22.631497049879755
    endloop
  endfacet
  facet normal 0.19509032201612875 -1.3703171991419192e-16 0.9807852804032303
    outer loop
      vertex 48.940441688629406 20 21.584135578294934
      vertex 41.8375 3.1826433589078116 22.996998524939876
      vertex 43.18264335890781 1.8375 22.729432874954497
    endloop
  endfacet
  facet normal 0.19509032201612822 1.411349095281055e-16 0.9807852804032303
    outer loop
      vertex 48.940441688629406 20 21.584135578294934
      vertex 40 3.675 23.362499999999997
      vertex 41.8375 3.1826433589078116 22.996998524939876
    endloop
  endfacet
  facet normal 0.5555702330196017 0 0.8314696123025455
    outer loop
      vertex 48.940441688629406 -20 21.584135578294934
      vertex 56.519782175470716 20 16.519782175470716
      vertex 48.940441688629406 20 21.584135578294934
    endloop
  endfacet
  facet normal 0.8314696123025453 0 0.5555702330196021
    outer loop
      vertex 56.519782175470716 -20 16.519782175470716
      vertex 61.584135578294934 20 8.94044168862941
      vertex 56.519782175470716 20 16.519782175470716
    endloop
  endfacet
  facet normal 0.05652862885362388 0.9983376588662354 0.011244243390002082
    outer loop
      vertex 61.584135578294934 20 8.94044168862941
      vertex 44.68787204647235 20.929939992565235 11.317524273263263
      vertex 40 21.18487778113935 12.25
    endloop
  endfacet
  facet normal 0.05652862885362352 0.9983376588662354 0.011244243389999572
    outer loop
      vertex 61.584135578294934 20 8.94044168862941
      vertex 48.662058069535206 20.734819056623017 8.662058069535208
      vertex 44.68787204647235 20.929939992565235 11.317524273263263
    endloop
  endfacet
  facet normal 0.052993099688116246 0.9985948785095211 2.1994474677813746e-16
    outer loop
      vertex 63.3625 20 0
      vertex 52.25 20.58971444071809 0
      vertex 51.5055556115374 20.629220367034215 3.7425746738094583
    endloop
  endfacet
  facet normal 0.05652862885362358 0.9983376588662353 0.011244243390000143
    outer loop
      vertex 61.584135578294934 20 8.94044168862941
      vertex 51.5055556115374 20.629220367034215 3.7425746738094583
      vertex 51.31752427326326 20.629220367034215 4.68787204647235
    endloop
  endfacet
  facet normal 0.056528628853623496 0.9983376588662353 0.011244243390000295
    outer loop
      vertex 63.3625 20 0
      vertex 51.5055556115374 20.629220367034215 3.7425746738094583
      vertex 61.584135578294934 20 8.94044168862941
    endloop
  endfacet
  facet normal 0.056528628853623496 0.9983376588662354 0.011244243390000314
    outer loop
      vertex 61.584135578294934 20 8.94044168862941
      vertex 51.31752427326326 20.629220367034215 4.68787204647235
      vertex 48.662058069535206 20.734819056623017 8.662058069535208
    endloop
  endfacet
  facet normal 0.1950903220161284 0 0.9807852804032303
    outer loop
      vertex 40 20 23.362499999999997
      vertex 40 3.675 23.362499999999997
      vertex 48.940441688629406 20 21.584135578294934
    endloop
  endfacet
endsolid OpenSCAD_Model
