solid OpenSCAD_Model
  facet normal -0.19509032201612822 -0.9807852804032304 -5.32504317180273e-18
    outer loop
      vertex -8.864502945019462 -21.40080323356223 -20
      vertex 0 -23.1640625 -20
      vertex 0 -23.1640625 -5.6720999999999995
    endloop
  endfacet
  facet normal -0.555570233019602 -0.8314696123025455 0
    outer loop
      vertex -16.379465673579013 -16.379465673579013 -20
      vertex -8.864502945019462 -21.40080323356223 -20
      vertex -16.379465673579013 -16.379465673579013 20
    endloop
  endfacet
  facet normal -0.8314696123025455 -0.555570233019602 0
    outer loop
      vertex -16.379465673579013 -16.379465673579013 -20
      vertex -16.379465673579013 -16.379465673579013 20
      vertex -21.40080323356223 -8.864502945019462 -20
    endloop
  endfacet
  facet normal -0.19509032201612853 -0.9807852804032304 1.6327035801921195e-16
    outer loop
      vertex -8.864502945019462 -21.40080323356223 -20
      vertex -3.6459556009030187 -22.438836840063257 -4.345080685815155
      vertex -4.912182692805714 -22.18696861157263 -2.8360499999999997
    endloop
  endfacet
  facet normal -0.19509032201612916 -0.9807852804032301 3.6883618117668193e-16
    outer loop
      vertex -8.864502945019462 -21.40080323356223 -20
      vertex -1.9399724549575252 -22.778177986333073 -5.330030514359751
      vertex -3.6459556009030187 -22.438836840063257 -4.345080685815155
    endloop
  endfacet
  facet normal -0.19509032201612758 -0.9807852804032305 -4.0339825375536246e-16
    outer loop
      vertex -8.864502945019462 -21.40080323356223 -20
      vertex 0 -23.1640625 -5.6720999999999995
      vertex -1.9399724549575252 -22.778177986333073 -5.330030514359751
    endloop
  endfacet
  facet normal -0.19509032201612606 -0.9807852804032309 -4.4193897379702945e-16
    outer loop
      vertex -8.864502945019462 -21.40080323356223 -20
      vertex -4.912182692805714 -22.18696861157263 -2.8360499999999997
      vertex -5.585928055860545 -22.05295232639633 -0.9849498285445955
    endloop
  endfacet
  facet normal -0.1950903220161285 -0.9807852804032303 0
    outer loop
      vertex -8.864502945019462 -21.40080323356223 -20
      vertex -5.585928055860545 -22.05295232639633 -0.9849498285445955
      vertex -8.864502945019462 -21.40080323356223 20
    endloop
  endfacet
  facet normal -0.05338057232083654 -0.010618056012419214 -0.9985177872152389
    outer loop
      vertex -21.40080323356223 -8.864502945019462 -20
      vertex -11.317524273263263 -4.68787204647235 -20.583463719980582
      vertex -8.662058069535208 -8.662058069535208 -20.683163672461777
    endloop
  endfacet
  facet normal -0.053380572320836435 -0.010618056012418617 -0.998517787215239
    outer loop
      vertex -21.40080323356223 -8.864502945019462 -20
      vertex -23.1640625 0 -20
      vertex -11.516397867795096 -3.6880669707414415 -20.58346371998058
    endloop
  endfacet
  facet normal -0.053380572320838135 -0.010618056012415404 -0.9985177872152389
    outer loop
      vertex -21.40080323356223 -8.864502945019462 -20
      vertex -11.516397867795096 -3.6880669707414415 -20.58346371998058
      vertex -11.317524273263263 -4.68787204647235 -20.583463719980582
    endloop
  endfacet
  facet normal -0.050030033898104426 1.4519489600408016e-16 -0.9987477137436435
    outer loop
      vertex -23.1640625 0 -20
      vertex -12.25 0 -20.546715561224488
      vertex -11.516397867795096 -3.6880669707414415 -20.58346371998058
    endloop
  endfacet
  facet normal -0.05338057232083655 -0.010618056012418444 -0.9985177872152389
    outer loop
      vertex -21.40080323356223 -8.864502945019462 -20
      vertex -8.662058069535208 -8.662058069535208 -20.683163672461777
      vertex -4.68787204647235 -11.317524273263263 -20.86738516344123
    endloop
  endfacet
  facet normal -0.05338057232083703 -0.010618056012422364 -0.9985177872152389
    outer loop
      vertex -21.40080323356223 -8.864502945019462 -20
      vertex -4.68787204647235 -11.317524273263263 -20.86738516344123
      vertex 0 -12.25 -21.10808214088929
    endloop
  endfacet
  facet normal -0.9807852804032305 -0.19509032201612825 -1.9074171515318088e-18
    outer loop
      vertex -21.40080323356223 -8.864502945019462 -20
      vertex -23.1640625 0 20
      vertex -23.1640625 0 -20
    endloop
  endfacet
  facet normal -0.061703854821409866 -0.09234634470439677 -0.9938132555565533
    outer loop
      vertex -16.379465673579013 -16.379465673579013 -20
      vertex 40 -20 -23.1640625
      vertex -8.864502945019462 -21.40080323356223 -20
    endloop
  endfacet
  facet normal -0.0584915877666018 -0.039082829443625094 -0.9975225644581794
    outer loop
      vertex -16.379465673579013 -16.379465673579013 -20
      vertex -21.40080323356223 -8.864502945019462 -20
      vertex 40 -20 -23.1640625
    endloop
  endfacet
  facet normal -0.053380572320836525 -0.010618056012418359 -0.9985177872152389
    outer loop
      vertex -21.40080323356223 -8.864502945019462 -20
      vertex 0 -12.25 -21.10808214088929
      vertex 40 -20 -23.1640625
    endloop
  endfacet
  facet normal -0.054354342392377915 -0.27325773207773174 -0.9604039865196451
    outer loop
      vertex -8.864502945019462 -21.40080323356223 -20
      vertex 40 -20 -23.1640625
      vertex 0 -23.1640625 -20
    endloop
  endfacet
  facet normal -0.053380572320836824 -0.010618056012420038 -0.9985177872152389
    outer loop
      vertex 40 -20 -23.1640625
      vertex 0 -12.25 -21.10808214088929
      vertex 4.68787204647235 -11.317524273263263 -21.36861067191303
    endloop
  endfacet
  facet normal -0.05338057232083621 -0.010618056012417639 -0.9985177872152389
    outer loop
      vertex 40 -20 -23.1640625
      vertex 4.68787204647235 -11.317524273263263 -21.36861067191303
      vertex 7.225006216616456 -9.622265419237864 -21.522272458902865
    endloop
  endfacet
  facet normal -0.05003003389810453 -5.830247980660198e-19 -0.9987477137436434
    outer loop
      vertex 40 -20 -23.1640625
      vertex 7.225006216616456 -9.622265419237864 -21.522272458902865
      vertex 8.662058069535208 -8.662058069535208 -21.59425835877078
    endloop
  endfacet
  facet normal 0.05003003389810443 -0.9987477137436432 0
    outer loop
      vertex 0 -23.1640625 -20
      vertex 1.9399724549575252 -23.066883916913074 -5.330030514359751
      vertex 0 -23.1640625 -5.6720999999999995
    endloop
  endfacet
  facet normal 0.050030033898104516 -0.9987477137436434 -1.1834166028914392e-17
    outer loop
      vertex 0 -23.1640625 -20
      vertex 28.682475726736737 -21.727278001629145 -4.68787204647235
      vertex 1.9399724549575252 -23.066883916913074 -5.330030514359751
    endloop
  endfacet
  facet normal 0.05003003389810454 -0.9987477137436432 -1.0737972402913001e-16
    outer loop
      vertex 1.9399724549575252 -23.066883916913074 -5.330030514359751
      vertex 28.682475726736737 -21.727278001629145 -4.68787204647235
      vertex 3.6459556009030187 -22.98142650514957 -4.345080685815155
    endloop
  endfacet
  facet normal 0.050030033898104544 -0.9987477137436434 7.236785648604532e-16
    outer loop
      vertex 3.6459556009030187 -22.98142650514957 -4.345080685815155
      vertex 28.682475726736737 -21.727278001629145 -4.68787204647235
      vertex 4.912182692805714 -22.917997689785242 -2.8360499999999997
    endloop
  endfacet
  facet normal 0.05003003389810443 -0.9987477137436434 -6.73091557084277e-16
    outer loop
      vertex 4.912182692805714 -22.917997689785242 -2.8360499999999997
      vertex 28.682475726736737 -21.727278001629145 -4.68787204647235
      vertex 5.585928055860545 -22.884247922062645 -0.9849498285445955
    endloop
  endfacet
  facet normal -0.050030033898104724 -3.923252341588813e-16 -0.9987477137436434
    outer loop
      vertex 40 -20 -23.1640625
      vertex 8.662058069535208 -8.662058069535208 -21.59425835877078
      vertex 11.317524273263263 -4.68787204647235 -21.727278001629145
    endloop
  endfacet
  facet normal -0.05003003389810456 1.3930531875263974e-16 -0.9987477137436432
    outer loop
      vertex 11.317524273263263 -4.68787204647235 -21.727278001629145
      vertex 12.25 0 -21.77398828849722
      vertex 34.41407194413946 -0.9849498285445955 -22.884247922062645
    endloop
  endfacet
  facet normal -0.555570233019602 -0.8314696123025455 0
    outer loop
      vertex -8.864502945019462 -21.40080323356223 -20
      vertex -8.864502945019462 -21.40080323356223 20
      vertex -16.379465673579013 -16.379465673579013 20
    endloop
  endfacet
  facet normal -0.1950903220161285 -0.9807852804032304 -2.840758706386479e-17
    outer loop
      vertex -8.864502945019462 -21.40080323356223 20
      vertex -5.585928055860545 -22.05295232639633 -0.9849498285445955
      vertex -5.585928055860545 -22.05295232639633 0.9849498285445955
    endloop
  endfacet
  facet normal -0.19509032201612608 -0.9807852804032309 4.426877045526272e-16
    outer loop
      vertex -8.864502945019462 -21.40080323356223 20
      vertex -5.585928055860545 -22.05295232639633 0.9849498285445955
      vertex -4.912182692805714 -22.18696861157263 2.8360499999999997
    endloop
  endfacet
  facet normal -0.19509032201612858 -0.9807852804032304 -1.551308477110717e-16
    outer loop
      vertex -8.864502945019462 -21.40080323356223 20
      vertex -4.912182692805714 -22.18696861157263 2.8360499999999997
      vertex -3.6459556009030187 -22.438836840063257 4.345080685815155
    endloop
  endfacet
  facet normal -0.19509032201612916 -0.9807852804032301 -3.6155527640245276e-16
    outer loop
      vertex -8.864502945019462 -21.40080323356223 20
      vertex -3.6459556009030187 -22.438836840063257 4.345080685815155
      vertex -1.9399724549575252 -22.778177986333073 5.330030514359751
    endloop
  endfacet
  facet normal -0.19509032201612822 -0.9807852804032304 9.879398440588882e-17
    outer loop
      vertex -8.864502945019462 -21.40080323356223 20
      vertex -1.9399724549575252 -22.778177986333073 5.330030514359751
      vertex 0 -23.1640625 20
    endloop
  endfacet
  facet normal -0.8314696123025455 -0.555570233019602 0
    outer loop
      vertex -21.40080323356223 -8.864502945019462 -20
      vertex -16.379465673579013 -16.379465673579013 20
      vertex -21.40080323356223 -8.864502945019462 20
    endloop
  endfacet
  facet normal -0.9807852804032305 -0.19509032201612825 0
    outer loop
      vertex -21.40080323356223 -8.864502945019462 -20
      vertex -21.40080323356223 -8.864502945019462 20
      vertex -23.1640625 0 20
    endloop
  endfacet
  facet normal -0.05338057232083654 -0.010618056012419202 0.9985177872152389
    outer loop
      vertex -21.40080323356223 -8.864502945019462 20
      vertex -8.662058069535208 -8.662058069535208 20.683163672461777
      vertex -11.317524273263263 -4.68787204647235 20.583463719980582
    endloop
  endfacet
  facet normal -0.053380572320836435 -0.010618056012418617 0.998517787215239
    outer loop
      vertex -21.40080323356223 -8.864502945019462 20
      vertex -11.516397867795096 -3.6880669707414415 20.58346371998058
      vertex -23.1640625 0 20
    endloop
  endfacet
  facet normal -0.05338057232083809 -0.010618056012415401 0.9985177872152389
    outer loop
      vertex -21.40080323356223 -8.864502945019462 20
      vertex -11.317524273263263 -4.68787204647235 20.583463719980582
      vertex -11.516397867795096 -3.6880669707414415 20.58346371998058
    endloop
  endfacet
  facet normal -0.050030033898104426 1.6390709702921014e-16 0.9987477137436435
    outer loop
      vertex -23.1640625 0 20
      vertex -11.516397867795096 -3.6880669707414415 20.58346371998058
      vertex -12.25 0 20.546715561224488
    endloop
  endfacet
  facet normal -0.05338057232083655 -0.010618056012418454 0.9985177872152389
    outer loop
      vertex -21.40080323356223 -8.864502945019462 20
      vertex -4.68787204647235 -11.317524273263263 20.86738516344123
      vertex -8.662058069535208 -8.662058069535208 20.683163672461777
    endloop
  endfacet
  facet normal -0.053380572320836976 -0.010618056012421719 0.9985177872152389
    outer loop
      vertex -21.40080323356223 -8.864502945019462 20
      vertex 0 -12.25 21.10808214088929
      vertex -4.68787204647235 -11.317524273263263 20.86738516344123
    endloop
  endfacet
  facet normal -0.1950903220161275 -0.9807852804032307 0
    outer loop
      vertex 0 -23.1640625 20
      vertex -1.9399724549575252 -22.778177986333073 5.330030514359751
      vertex 0 -23.1640625 5.6720999999999995
    endloop
  endfacet
  facet normal 0.05003003389810443 -0.9987477137436432 0
    outer loop
      vertex 0 -23.1640625 20
      vertex 0 -23.1640625 5.6720999999999995
      vertex 1.9399724549575252 -23.066883916913074 5.330030514359751
    endloop
  endfacet
  facet normal 0.05003003389810457 -0.9987477137436434 0
    outer loop
      vertex 5.585928055860545 -22.884247922062645 -0.9849498285445955
      vertex 27.75 -21.77398828849722 0
      vertex 5.585928055860545 -22.884247922062645 0.9849498285445955
    endloop
  endfacet
  facet normal 0.05003003389810443 -0.9987477137436434 6.746483085480571e-16
    outer loop
      vertex 4.912182692805714 -22.917997689785242 2.8360499999999997
      vertex 5.585928055860545 -22.884247922062645 0.9849498285445955
      vertex 28.682475726736737 -21.727278001629145 4.68787204647235
    endloop
  endfacet
  facet normal 0.05003003389810454 -0.9987477137436434 -7.23128986716328e-16
    outer loop
      vertex 3.6459556009030187 -22.98142650514957 4.345080685815155
      vertex 4.912182692805714 -22.917997689785242 2.8360499999999997
      vertex 28.682475726736737 -21.727278001629145 4.68787204647235
    endloop
  endfacet
  facet normal 0.05003003389810458 -0.9987477137436434 1.8529773523616522e-16
    outer loop
      vertex 1.9399724549575252 -23.066883916913074 5.330030514359751
      vertex 3.6459556009030187 -22.98142650514957 4.345080685815155
      vertex 31.337941930464794 -21.59425835877078 8.662058069535208
    endloop
  endfacet
  facet normal 0.05003003389810459 -0.9987477137436434 2.092427198671454e-17
    outer loop
      vertex 0 -23.1640625 20
      vertex 1.9399724549575252 -23.066883916913074 5.330030514359751
      vertex 31.337941930464794 -21.59425835877078 8.662058069535208
    endloop
  endfacet
  facet normal -0.06170385482140985 -0.09234634470439676 0.9938132555565532
    outer loop
      vertex -16.379465673579013 -16.379465673579013 20
      vertex -8.864502945019462 -21.40080323356223 20
      vertex 40 -20 23.1640625
    endloop
  endfacet
  facet normal -0.05849158776660178 -0.03908282944362509 0.9975225644581792
    outer loop
      vertex -16.379465673579013 -16.379465673579013 20
      vertex 40 -20 23.1640625
      vertex -21.40080323356223 -8.864502945019462 20
    endloop
  endfacet
  facet normal -0.05338057232083656 -0.010618056012418295 0.9985177872152389
    outer loop
      vertex -21.40080323356223 -8.864502945019462 20
      vertex 40 -20 23.1640625
      vertex 0 -12.25 21.10808214088929
    endloop
  endfacet
  facet normal -0.054354342392377915 -0.27325773207773174 0.9604039865196452
    outer loop
      vertex -8.864502945019462 -21.40080323356223 20
      vertex 0 -23.1640625 20
      vertex 40 -20 23.1640625
    endloop
  endfacet
  facet normal -0.05338057232083678 -0.010618056012420033 0.9985177872152389
    outer loop
      vertex 40 -20 23.1640625
      vertex 4.68787204647235 -11.317524273263263 21.36861067191303
      vertex 0 -12.25 21.10808214088929
    endloop
  endfacet
  facet normal -0.05338057232083624 -0.010618056012417637 0.998517787215239
    outer loop
      vertex 40 -20 23.1640625
      vertex 7.225006216616456 -9.622265419237864 21.522272458902865
      vertex 4.68787204647235 -11.317524273263263 21.36861067191303
    endloop
  endfacet
  facet normal -0.05003003389810455 3.53875628929666e-17 0.9987477137436434
    outer loop
      vertex 40 -20 23.1640625
      vertex 8.662058069535208 -8.662058069535208 21.59425835877078
      vertex 7.225006216616456 -9.622265419237864 21.522272458902865
    endloop
  endfacet
  facet normal -0.05003003389810452 -5.55247216845362e-16 0.9987477137436434
    outer loop
      vertex 8.662058069535208 -8.662058069535208 21.59425835877078
      vertex 36.35404439909698 -4.345080685815155 22.98142650514957
      vertex 11.317524273263263 -4.68787204647235 21.727278001629145
    endloop
  endfacet
  facet normal -0.05003003389810455 1.4064313819469587e-16 0.9987477137436432
    outer loop
      vertex 11.317524273263263 -4.68787204647235 21.727278001629145
      vertex 34.41407194413946 -0.9849498285445955 22.884247922062645
      vertex 12.25 0 21.77398828849722
    endloop
  endfacet
  facet normal -0.053380572320836435 0.010618056012418617 -0.998517787215239
    outer loop
      vertex -23.1640625 0 -20
      vertex -21.40080323356223 8.864502945019462 -20
      vertex -11.516397867795096 3.6880669707414415 -20.58346371998058
    endloop
  endfacet
  facet normal -0.050030033898104426 -1.6390709702921014e-16 -0.9987477137436435
    outer loop
      vertex -23.1640625 0 -20
      vertex -11.516397867795096 3.6880669707414415 -20.58346371998058
      vertex -12.25 0 -20.546715561224488
    endloop
  endfacet
  facet normal -0.05338057232083809 0.010618056012415401 -0.9985177872152389
    outer loop
      vertex -21.40080323356223 8.864502945019462 -20
      vertex -11.317524273263263 4.68787204647235 -20.583463719980582
      vertex -11.516397867795096 3.6880669707414415 -20.58346371998058
    endloop
  endfacet
  facet normal -0.05338057232083654 0.010618056012419202 -0.9985177872152389
    outer loop
      vertex -21.40080323356223 8.864502945019462 -20
      vertex -8.662058069535208 8.662058069535208 -20.683163672461777
      vertex -11.317524273263263 4.68787204647235 -20.583463719980582
    endloop
  endfacet
  facet normal -0.05338057232083655 0.010618056012418454 -0.9985177872152389
    outer loop
      vertex -21.40080323356223 8.864502945019462 -20
      vertex -4.68787204647235 11.317524273263263 -20.86738516344123
      vertex -8.662058069535208 8.662058069535208 -20.683163672461777
    endloop
  endfacet
  facet normal -0.053380572320836976 0.010618056012421719 -0.9985177872152389
    outer loop
      vertex -21.40080323356223 8.864502945019462 -20
      vertex 0 12.25 -21.10808214088929
      vertex -4.68787204647235 11.317524273263263 -20.86738516344123
    endloop
  endfacet
  facet normal -0.9807852804032305 0.19509032201612825 0
    outer loop
      vertex -23.1640625 0 -20
      vertex -23.1640625 0 20
      vertex -21.40080323356223 8.864502945019462 -20
    endloop
  endfacet
  facet normal -0.19509032201612822 0.9807852804032304 -9.879398440588882e-17
    outer loop
      vertex -8.864502945019462 21.40080323356223 -20
      vertex -1.9399724549575252 22.778177986333073 -5.330030514359751
      vertex 0 23.1640625 -20
    endloop
  endfacet
  facet normal -0.8314696123025455 0.555570233019602 -2.0650992690306117e-18
    outer loop
      vertex -21.40080323356223 8.864502945019462 -20
      vertex -16.379465673579013 16.379465673579013 20
      vertex -16.379465673579013 16.379465673579013 -20
    endloop
  endfacet
  facet normal -0.555570233019602 0.8314696123025455 -2.0650992690306117e-18
    outer loop
      vertex -16.379465673579013 16.379465673579013 -20
      vertex -8.864502945019462 21.40080323356223 20
      vertex -8.864502945019462 21.40080323356223 -20
    endloop
  endfacet
  facet normal -0.19509032201612858 0.9807852804032304 1.551308477110717e-16
    outer loop
      vertex -8.864502945019462 21.40080323356223 -20
      vertex -4.912182692805714 22.18696861157263 -2.8360499999999997
      vertex -3.6459556009030187 22.438836840063257 -4.345080685815155
    endloop
  endfacet
  facet normal -0.19509032201612916 0.9807852804032301 3.6155527640245276e-16
    outer loop
      vertex -8.864502945019462 21.40080323356223 -20
      vertex -3.6459556009030187 22.438836840063257 -4.345080685815155
      vertex -1.9399724549575252 22.778177986333073 -5.330030514359751
    endloop
  endfacet
  facet normal -0.19509032201612608 0.9807852804032309 -4.426877045526272e-16
    outer loop
      vertex -8.864502945019462 21.40080323356223 -20
      vertex -5.585928055860545 22.05295232639633 -0.9849498285445955
      vertex -4.912182692805714 22.18696861157263 -2.8360499999999997
    endloop
  endfacet
  facet normal -0.1950903220161285 0.9807852804032304 2.840758706386479e-17
    outer loop
      vertex -8.864502945019462 21.40080323356223 -20
      vertex -5.585928055860545 22.05295232639633 0.9849498285445955
      vertex -5.585928055860545 22.05295232639633 -0.9849498285445955
    endloop
  endfacet
  facet normal -0.05003003389810455 -1.3997119045721295e-16 -0.9987477137436432
    outer loop
      vertex 12.25 0 -21.77398828849722
      vertex 11.317524273263263 4.68787204647235 -21.727278001629145
      vertex 34.41407194413946 0.9849498285445955 -22.884247922062645
    endloop
  endfacet
  facet normal -0.05003003389810452 5.55247216845362e-16 -0.9987477137436434
    outer loop
      vertex 8.662058069535208 8.662058069535208 -21.59425835877078
      vertex 36.35404439909698 4.345080685815155 -22.98142650514957
      vertex 11.317524273263263 4.68787204647235 -21.727278001629145
    endloop
  endfacet
  facet normal -0.0584915877666018 0.039082829443625094 -0.9975225644581794
    outer loop
      vertex -21.40080323356223 8.864502945019462 -20
      vertex -16.379465673579013 16.379465673579013 -20
      vertex 40 20 -23.1640625
    endloop
  endfacet
  facet normal -0.05338057232083656 0.010618056012418295 -0.9985177872152389
    outer loop
      vertex -21.40080323356223 8.864502945019462 -20
      vertex 40 20 -23.1640625
      vertex 0 12.25 -21.10808214088929
    endloop
  endfacet
  facet normal -0.06170385482140985 0.09234634470439676 -0.9938132555565532
    outer loop
      vertex -16.379465673579013 16.379465673579013 -20
      vertex -8.864502945019462 21.40080323356223 -20
      vertex 40 20 -23.1640625
    endloop
  endfacet
  facet normal -0.05003003389810455 -3.53875628929666e-17 -0.9987477137436434
    outer loop
      vertex 40 20 -23.1640625
      vertex 8.662058069535208 8.662058069535208 -21.59425835877078
      vertex 7.225006216616456 9.622265419237864 -21.522272458902865
    endloop
  endfacet
  facet normal -0.05338057232083624 0.010618056012417637 -0.998517787215239
    outer loop
      vertex 40 20 -23.1640625
      vertex 7.225006216616456 9.622265419237864 -21.522272458902865
      vertex 4.68787204647235 11.317524273263263 -21.36861067191303
    endloop
  endfacet
  facet normal -0.05338057232083678 0.010618056012420033 -0.9985177872152389
    outer loop
      vertex 40 20 -23.1640625
      vertex 4.68787204647235 11.317524273263263 -21.36861067191303
      vertex 0 12.25 -21.10808214088929
    endloop
  endfacet
  facet normal -0.054354342392377915 0.27325773207773174 -0.9604039865196452
    outer loop
      vertex -8.864502945019462 21.40080323356223 -20
      vertex 0 23.1640625 -20
      vertex 40 20 -23.1640625
    endloop
  endfacet
  facet normal -0.1950903220161275 0.9807852804032307 0
    outer loop
      vertex 0 23.1640625 -20
      vertex -1.9399724549575252 22.778177986333073 -5.330030514359751
      vertex 0 23.1640625 -5.6720999999999995
    endloop
  endfacet
  facet normal 0.05003003389810443 0.9987477137436432 0
    outer loop
      vertex 0 23.1640625 -20
      vertex 0 23.1640625 -5.6720999999999995
      vertex 1.9399724549575252 23.066883916913074 -5.330030514359751
    endloop
  endfacet
  facet normal 0.05003003389810459 0.9987477137436434 -2.092427198671454e-17
    outer loop
      vertex 0 23.1640625 -20
      vertex 1.9399724549575252 23.066883916913074 -5.330030514359751
      vertex 31.337941930464794 21.59425835877078 -8.662058069535208
    endloop
  endfacet
  facet normal 0.05003003389810458 0.9987477137436434 -1.8529773523616522e-16
    outer loop
      vertex 1.9399724549575252 23.066883916913074 -5.330030514359751
      vertex 3.6459556009030187 22.98142650514957 -4.345080685815155
      vertex 31.337941930464794 21.59425835877078 -8.662058069535208
    endloop
  endfacet
  facet normal 0.05003003389810454 0.9987477137436434 7.23128986716328e-16
    outer loop
      vertex 3.6459556009030187 22.98142650514957 -4.345080685815155
      vertex 4.912182692805714 22.917997689785242 -2.8360499999999997
      vertex 28.682475726736737 21.727278001629145 -4.68787204647235
    endloop
  endfacet
  facet normal 0.05003003389810443 0.9987477137436434 -6.746483085480571e-16
    outer loop
      vertex 4.912182692805714 22.917997689785242 -2.8360499999999997
      vertex 5.585928055860545 22.884247922062645 -0.9849498285445955
      vertex 28.682475726736737 21.727278001629145 -4.68787204647235
    endloop
  endfacet
  facet normal -0.9807852804032305 0.19509032201612825 0
    outer loop
      vertex -21.40080323356223 8.864502945019462 -20
      vertex -23.1640625 0 20
      vertex -21.40080323356223 8.864502945019462 20
    endloop
  endfacet
  facet normal -0.8314696123025455 0.555570233019602 0
    outer loop
      vertex -21.40080323356223 8.864502945019462 -20
      vertex -21.40080323356223 8.864502945019462 20
      vertex -16.379465673579013 16.379465673579013 20
    endloop
  endfacet
  facet normal -0.053380572320836435 0.010618056012418617 0.998517787215239
    outer loop
      vertex -23.1640625 0 20
      vertex -11.516397867795096 3.6880669707414415 20.58346371998058
      vertex -21.40080323356223 8.864502945019462 20
    endloop
  endfacet
  facet normal -0.050030033898104426 -1.4519489600408016e-16 0.9987477137436435
    outer loop
      vertex -23.1640625 0 20
      vertex -12.25 0 20.546715561224488
      vertex -11.516397867795096 3.6880669707414415 20.58346371998058
    endloop
  endfacet
  facet normal -0.053380572320838135 0.010618056012415404 0.9985177872152389
    outer loop
      vertex -21.40080323356223 8.864502945019462 20
      vertex -11.516397867795096 3.6880669707414415 20.58346371998058
      vertex -11.317524273263263 4.68787204647235 20.583463719980582
    endloop
  endfacet
  facet normal -0.05338057232083654 0.010618056012419214 0.9985177872152389
    outer loop
      vertex -21.40080323356223 8.864502945019462 20
      vertex -11.317524273263263 4.68787204647235 20.583463719980582
      vertex -8.662058069535208 8.662058069535208 20.683163672461777
    endloop
  endfacet
  facet normal -0.05338057232083655 0.010618056012418444 0.9985177872152389
    outer loop
      vertex -21.40080323356223 8.864502945019462 20
      vertex -8.662058069535208 8.662058069535208 20.683163672461777
      vertex -4.68787204647235 11.317524273263263 20.86738516344123
    endloop
  endfacet
  facet normal -0.05338057232083703 0.010618056012422364 0.9985177872152389
    outer loop
      vertex -21.40080323356223 8.864502945019462 20
      vertex -4.68787204647235 11.317524273263263 20.86738516344123
      vertex 0 12.25 21.10808214088929
    endloop
  endfacet
  facet normal -0.555570233019602 0.8314696123025455 0
    outer loop
      vertex -16.379465673579013 16.379465673579013 -20
      vertex -16.379465673579013 16.379465673579013 20
      vertex -8.864502945019462 21.40080323356223 20
    endloop
  endfacet
  facet normal -0.1950903220161285 0.9807852804032303 0
    outer loop
      vertex -8.864502945019462 21.40080323356223 -20
      vertex -8.864502945019462 21.40080323356223 20
      vertex -5.585928055860545 22.05295232639633 0.9849498285445955
    endloop
  endfacet
  facet normal -0.19509032201612606 0.9807852804032309 4.4193897379702945e-16
    outer loop
      vertex -8.864502945019462 21.40080323356223 20
      vertex -4.912182692805714 22.18696861157263 2.8360499999999997
      vertex -5.585928055860545 22.05295232639633 0.9849498285445955
    endloop
  endfacet
  facet normal -0.19509032201612853 0.9807852804032304 -1.6327035801921195e-16
    outer loop
      vertex -8.864502945019462 21.40080323356223 20
      vertex -3.6459556009030187 22.438836840063257 4.345080685815155
      vertex -4.912182692805714 22.18696861157263 2.8360499999999997
    endloop
  endfacet
  facet normal -0.19509032201612916 0.9807852804032301 -3.6883618117668193e-16
    outer loop
      vertex -8.864502945019462 21.40080323356223 20
      vertex -1.9399724549575252 22.778177986333073 5.330030514359751
      vertex -3.6459556009030187 22.438836840063257 4.345080685815155
    endloop
  endfacet
  facet normal -0.19509032201612758 0.9807852804032305 4.0339825375536246e-16
    outer loop
      vertex -8.864502945019462 21.40080323356223 20
      vertex 0 23.1640625 5.6720999999999995
      vertex -1.9399724549575252 22.778177986333073 5.330030514359751
    endloop
  endfacet
  facet normal -0.19509032201612822 0.9807852804032304 5.32504317180273e-18
    outer loop
      vertex -8.864502945019462 21.40080323356223 20
      vertex 0 23.1640625 20
      vertex 0 23.1640625 5.6720999999999995
    endloop
  endfacet
  facet normal -0.050030033898104544 -1.3997726649012266e-16 0.9987477137436432
    outer loop
      vertex 12.25 0 21.77398828849722
      vertex 34.41407194413946 0.9849498285445955 22.884247922062645
      vertex 11.317524273263263 4.68787204647235 21.727278001629145
    endloop
  endfacet
  facet normal -0.050030033898104724 3.923252341588813e-16 0.9987477137436434
    outer loop
      vertex 40 20 23.1640625
      vertex 8.662058069535208 8.662058069535208 21.59425835877078
      vertex 11.317524273263263 4.68787204647235 21.727278001629145
    endloop
  endfacet
  facet normal 0.05003003389810443 0.9987477137436432 0
    outer loop
      vertex 0 23.1640625 20
      vertex 1.9399724549575252 23.066883916913074 5.330030514359751
      vertex 0 23.1640625 5.6720999999999995
    endloop
  endfacet
  facet normal 0.05003003389810457 0.9987477137436434 0
    outer loop
      vertex 5.585928055860545 22.884247922062645 -0.9849498285445955
      vertex 5.585928055860545 22.884247922062645 0.9849498285445955
      vertex 27.75 21.77398828849722 0
    endloop
  endfacet
  facet normal 0.05003003389810443 0.9987477137436434 6.731930580419907e-16
    outer loop
      vertex 5.585928055860545 22.884247922062645 0.9849498285445955
      vertex 4.912182692805714 22.917997689785242 2.8360499999999997
      vertex 28.682475726736737 21.727278001629145 4.68787204647235
    endloop
  endfacet
  facet normal 0.05003003389810454 0.9987477137436432 1.0737972402913001e-16
    outer loop
      vertex 1.9399724549575252 23.066883916913074 5.330030514359751
      vertex 28.682475726736737 21.727278001629145 4.68787204647235
      vertex 3.6459556009030187 22.98142650514957 4.345080685815155
    endloop
  endfacet
  facet normal 0.05003003389810455 0.9987477137436434 -7.225184146482028e-16
    outer loop
      vertex 4.912182692805714 22.917997689785242 2.8360499999999997
      vertex 3.6459556009030187 22.98142650514957 4.345080685815155
      vertex 28.682475726736737 21.727278001629145 4.68787204647235
    endloop
  endfacet
  facet normal 0.050030033898104516 0.9987477137436434 1.1834166028914392e-17
    outer loop
      vertex 0 23.1640625 20
      vertex 28.682475726736737 21.727278001629145 4.68787204647235
      vertex 1.9399724549575252 23.066883916913074 5.330030514359751
    endloop
  endfacet
  facet normal -0.05849158776660178 0.03908282944362509 0.9975225644581792
    outer loop
      vertex -21.40080323356223 8.864502945019462 20
      vertex 40 20 23.1640625
      vertex -16.379465673579013 16.379465673579013 20
    endloop
  endfacet
  facet normal -0.053380572320836525 0.010618056012418359 0.9985177872152389
    outer loop
      vertex -21.40080323356223 8.864502945019462 20
      vertex 0 12.25 21.10808214088929
      vertex 40 20 23.1640625
    endloop
  endfacet
  facet normal -0.061703854821409866 0.09234634470439677 0.9938132555565533
    outer loop
      vertex -16.379465673579013 16.379465673579013 20
      vertex 40 20 23.1640625
      vertex -8.864502945019462 21.40080323356223 20
    endloop
  endfacet
  facet normal -0.05003003389810453 5.830247980660198e-19 0.9987477137436434
    outer loop
      vertex 40 20 23.1640625
      vertex 7.225006216616456 9.622265419237864 21.522272458902865
      vertex 8.662058069535208 8.662058069535208 21.59425835877078
    endloop
  endfacet
  facet normal -0.05338057232083621 0.010618056012417639 0.9985177872152389
    outer loop
      vertex 40 20 23.1640625
      vertex 4.68787204647235 11.317524273263263 21.36861067191303
      vertex 7.225006216616456 9.622265419237864 21.522272458902865
    endloop
  endfacet
  facet normal -0.053380572320836824 0.010618056012420038 0.9985177872152389
    outer loop
      vertex 40 20 23.1640625
      vertex 0 12.25 21.10808214088929
      vertex 4.68787204647235 11.317524273263263 21.36861067191303
    endloop
  endfacet
  facet normal -0.054354342392377915 0.27325773207773174 0.9604039865196451
    outer loop
      vertex -8.864502945019462 21.40080323356223 20
      vertex 40 20 23.1640625
      vertex 0 23.1640625 20
    endloop
  endfacet
  facet normal 0.054354342392377915 -0.9604039865196451 -0.2732577320777318
    outer loop
      vertex 0 -23.1640625 -20
      vertex 40 -20 -23.1640625
      vertex 48.86450294501946 -20 -21.40080323356223
    endloop
  endfacet
  facet normal 0.05338057232083678 -0.9985177872152389 -0.010618056012420033
    outer loop
      vertex 0 -23.1640625 -20
      vertex 40 -21.10808214088929 -12.25
      vertex 35.31212795352765 -21.36861067191303 -11.317524273263263
    endloop
  endfacet
  facet normal 0.05338057232083624 -0.998517787215239 -0.010618056012417637
    outer loop
      vertex 0 -23.1640625 -20
      vertex 35.31212795352765 -21.36861067191303 -11.317524273263263
      vertex 32.77499378338354 -21.522272458902865 -9.622265419237864
    endloop
  endfacet
  facet normal 0.05003003389810455 -0.9987477137436434 3.53875628929666e-17
    outer loop
      vertex 0 -23.1640625 -20
      vertex 32.77499378338354 -21.522272458902865 -9.622265419237864
      vertex 31.337941930464794 -21.59425835877078 -8.662058069535208
    endloop
  endfacet
  facet normal 0.061703854821409866 -0.9938132555565533 -0.09234634470439677
    outer loop
      vertex 0 -23.1640625 -20
      vertex 48.86450294501946 -20 -21.40080323356223
      vertex 56.37946567357901 -20 -16.379465673579013
    endloop
  endfacet
  facet normal 0.05338057232083653 -0.9985177872152388 -0.010618056012418435
    outer loop
      vertex 0 -23.1640625 -20
      vertex 61.40080323356223 -20 -8.864502945019462
      vertex 40 -21.10808214088929 -12.25
    endloop
  endfacet
  facet normal 0.0584915877666018 -0.9975225644581794 -0.0390828294436251
    outer loop
      vertex 0 -23.1640625 -20
      vertex 56.37946567357901 -20 -16.379465673579013
      vertex 61.40080323356223 -20 -8.864502945019462
    endloop
  endfacet
  facet normal 0.050030033898104724 -0.9987477137436434 -4.1748608335831865e-16
    outer loop
      vertex 0 -23.1640625 -20
      vertex 31.337941930464794 -21.59425835877078 -8.662058069535208
      vertex 28.682475726736737 -21.727278001629145 -4.68787204647235
    endloop
  endfacet
  facet normal 0.050030033898104564 -0.9987477137436432 1.4181315144890517e-16
    outer loop
      vertex 5.585928055860545 -22.884247922062645 -0.9849498285445955
      vertex 28.682475726736737 -21.727278001629145 -4.68787204647235
      vertex 27.75 -21.77398828849722 0
    endloop
  endfacet
  facet normal -0.05003003389810452 -1.6886562771442266e-17 -0.9987477137436434
    outer loop
      vertex 40 -20 -23.1640625
      vertex 11.317524273263263 -4.68787204647235 -21.727278001629145
      vertex 38.06002754504247 -5.330030514359751 -23.066883916913074
    endloop
  endfacet
  facet normal -0.050030033898104544 8.08578569111955e-16 -0.9987477137436434
    outer loop
      vertex 11.317524273263263 -4.68787204647235 -21.727278001629145
      vertex 35.087817307194285 -2.8360499999999997 -22.917997689785242
      vertex 36.35404439909698 -4.345080685815155 -22.98142650514957
    endloop
  endfacet
  facet normal -0.05003003389810454 -2.305534426866795e-16 -0.9987477137436432
    outer loop
      vertex 11.317524273263263 -4.68787204647235 -21.727278001629145
      vertex 36.35404439909698 -4.345080685815155 -22.98142650514957
      vertex 38.06002754504247 -5.330030514359751 -23.066883916913074
    endloop
  endfacet
  facet normal -0.05003003389810444 -5.577146649663594e-16 -0.9987477137436434
    outer loop
      vertex 11.317524273263263 -4.68787204647235 -21.727278001629145
      vertex 34.41407194413946 -0.9849498285445955 -22.884247922062645
      vertex 35.087817307194285 -2.8360499999999997 -22.917997689785242
    endloop
  endfacet
  facet normal -0.05003003389810439 0 -0.9987477137436432
    outer loop
      vertex 40 -20 -23.1640625
      vertex 38.06002754504247 -5.330030514359751 -23.066883916913074
      vertex 40 -5.6720999999999995 -23.1640625
    endloop
  endfacet
  facet normal 0.19509032201612825 0 -0.9807852804032304
    outer loop
      vertex 40 -20 -23.1640625
      vertex 40 -5.6720999999999995 -23.1640625
      vertex 48.86450294501946 -20 -21.40080323356223
    endloop
  endfacet
  facet normal 0.053380572320836976 -0.9985177872152389 -0.010618056012421719
    outer loop
      vertex 61.40080323356223 -20 -8.864502945019462
      vertex 44.68787204647235 -20.86738516344123 -11.317524273263263
      vertex 40 -21.10808214088929 -12.25
    endloop
  endfacet
  facet normal 0.05338057232083654 -0.9985177872152389 -0.010618056012418407
    outer loop
      vertex 61.40080323356223 -20 -8.864502945019462
      vertex 48.662058069535206 -20.683163672461777 -8.662058069535208
      vertex 44.68787204647235 -20.86738516344123 -11.317524273263263
    endloop
  endfacet
  facet normal 0.053380572320836525 -0.9985177872152389 -0.010618056012419188
    outer loop
      vertex 61.40080323356223 -20 -8.864502945019462
      vertex 51.31752427326326 -20.583463719980582 -4.68787204647235
      vertex 48.662058069535206 -20.683163672461777 -8.662058069535208
    endloop
  endfacet
  facet normal 0.05338057232083811 -0.9985177872152389 -0.010618056012415377
    outer loop
      vertex 61.40080323356223 -20 -8.864502945019462
      vertex 51.51639786779509 -20.58346371998058 -3.6880669707414424
      vertex 51.31752427326326 -20.583463719980582 -4.68787204647235
    endloop
  endfacet
  facet normal 0.05003003389810442 -0.9987477137436432 9.779330999221778e-17
    outer loop
      vertex 63.1640625 -20 0
      vertex 52.25 -20.546715561224488 0
      vertex 51.51639786779509 -20.58346371998058 -3.6880669707414424
    endloop
  endfacet
  facet normal 0.053380572320836414 -0.998517787215239 -0.010618056012418614
    outer loop
      vertex 61.40080323356223 -20 -8.864502945019462
      vertex 63.1640625 -20 0
      vertex 51.51639786779509 -20.58346371998058 -3.6880669707414424
    endloop
  endfacet
  facet normal 0.19509032201612905 4.57730350462299e-16 -0.9807852804032303
    outer loop
      vertex 48.86450294501946 -20 -21.40080323356223
      vertex 40 -5.6720999999999995 -23.1640625
      vertex 41.93997245495753 -5.330030514359751 -22.77817798633307
    endloop
  endfacet
  facet normal 0.19509032201612744 -2.987036804341179e-16 -0.9807852804032305
    outer loop
      vertex 48.86450294501946 -20 -21.40080323356223
      vertex 41.93997245495753 -5.330030514359751 -22.77817798633307
      vertex 43.64595560090302 -4.345080685815155 -22.438836840063257
    endloop
  endfacet
  facet normal 0.1950903220161289 2.1444386293333092e-16 -0.9807852804032302
    outer loop
      vertex 48.86450294501946 -20 -21.40080323356223
      vertex 43.64595560090302 -4.345080685815155 -22.438836840063257
      vertex 44.912182692805715 -2.8360499999999997 -22.18696861157263
    endloop
  endfacet
  facet normal 0.19509032201612675 -3.1413749439619124e-16 -0.9807852804032309
    outer loop
      vertex 48.86450294501946 -20 -21.40080323356223
      vertex 44.912182692805715 -2.8360499999999997 -22.18696861157263
      vertex 45.58592805586054 -0.9849498285445955 -22.05295232639633
    endloop
  endfacet
  facet normal 0.19509032201612847 0 -0.9807852804032303
    outer loop
      vertex 48.86450294501946 -20 -21.40080323356223
      vertex 45.58592805586054 -0.9849498285445955 -22.05295232639633
      vertex 48.86450294501946 20 -21.40080323356223
    endloop
  endfacet
  facet normal 0.555570233019602 2.9532290981707906e-18 -0.8314696123025455
    outer loop
      vertex 48.86450294501946 -20 -21.40080323356223
      vertex 56.37946567357901 20 -16.379465673579013
      vertex 56.37946567357901 -20 -16.379465673579013
    endloop
  endfacet
  facet normal 0.8314696123025455 0 -0.555570233019602
    outer loop
      vertex 56.37946567357901 -20 -16.379465673579013
      vertex 56.37946567357901 20 -16.379465673579013
      vertex 61.40080323356223 -20 -8.864502945019462
    endloop
  endfacet
  facet normal 0.9807852804032305 0 -0.19509032201612825
    outer loop
      vertex 61.40080323356223 -20 -8.864502945019462
      vertex 61.40080323356223 20 -8.864502945019462
      vertex 63.1640625 -20 0
    endloop
  endfacet
  facet normal 0.050030033898104564 -0.9987477137436432 -1.3548513789194748e-16
    outer loop
      vertex 5.585928055860545 -22.884247922062645 0.9849498285445955
      vertex 27.75 -21.77398828849722 0
      vertex 28.682475726736737 -21.727278001629145 4.68787204647235
    endloop
  endfacet
  facet normal 0.050030033898104516 -0.9987477137436434 5.115136586913961e-16
    outer loop
      vertex 3.6459556009030187 -22.98142650514957 4.345080685815155
      vertex 28.682475726736737 -21.727278001629145 4.68787204647235
      vertex 31.337941930464794 -21.59425835877078 8.662058069535208
    endloop
  endfacet
  facet normal 0.050030033898104447 -0.9987477137436434 -3.05406499069916e-16
    outer loop
      vertex 0 -23.1640625 20
      vertex 31.337941930464794 -21.59425835877078 8.662058069535208
      vertex 32.77499378338355 -21.522272458902865 9.622265419237864
    endloop
  endfacet
  facet normal 0.05338057232083625 -0.9985177872152389 0.010618056012417802
    outer loop
      vertex 0 -23.1640625 20
      vertex 32.77499378338355 -21.522272458902865 9.622265419237864
      vertex 35.31212795352765 -21.36861067191303 11.317524273263263
    endloop
  endfacet
  facet normal 0.053380572320836824 -0.9985177872152389 0.010618056012420038
    outer loop
      vertex 0 -23.1640625 20
      vertex 35.31212795352765 -21.36861067191303 11.317524273263263
      vertex 40 -21.10808214088929 12.25
    endloop
  endfacet
  facet normal 0.054354342392377915 -0.9604039865196452 0.2732577320777317
    outer loop
      vertex 0 -23.1640625 20
      vertex 48.86450294501946 -20 21.40080323356223
      vertex 40 -20 23.1640625
    endloop
  endfacet
  facet normal 0.05338057232083653 -0.9985177872152389 0.010618056012418227
    outer loop
      vertex 0 -23.1640625 20
      vertex 40 -21.10808214088929 12.25
      vertex 61.40080323356223 -20 8.864502945019462
    endloop
  endfacet
  facet normal 0.05849158776660178 -0.9975225644581792 0.039082829443625094
    outer loop
      vertex 0 -23.1640625 20
      vertex 61.40080323356223 -20 8.864502945019462
      vertex 56.37946567357901 -20 16.379465673579013
    endloop
  endfacet
  facet normal 0.061703854821409866 -0.9938132555565533 0.09234634470439675
    outer loop
      vertex 0 -23.1640625 20
      vertex 56.37946567357901 -20 16.379465673579013
      vertex 48.86450294501946 -20 21.40080323356223
    endloop
  endfacet
  facet normal -0.0500300338981046 -2.6299411870517265e-17 0.9987477137436434
    outer loop
      vertex 40 -20 23.1640625
      vertex 38.06002754504247 -5.330030514359751 23.066883916913074
      vertex 8.662058069535208 -8.662058069535208 21.59425835877078
    endloop
  endfacet
  facet normal -0.05003003389810456 -2.3351008548274916e-16 0.9987477137436434
    outer loop
      vertex 8.662058069535208 -8.662058069535208 21.59425835877078
      vertex 38.06002754504247 -5.330030514359751 23.066883916913074
      vertex 36.35404439909698 -4.345080685815155 22.98142650514957
    endloop
  endfacet
  facet normal -0.050030033898104544 8.299352187545507e-16 0.9987477137436434
    outer loop
      vertex 11.317524273263263 -4.68787204647235 21.727278001629145
      vertex 36.35404439909698 -4.345080685815155 22.98142650514957
      vertex 35.087817307194285 -2.8360499999999997 22.917997689785242
    endloop
  endfacet
  facet normal -0.050030033898104447 -5.716763277725575e-16 0.9987477137436434
    outer loop
      vertex 11.317524273263263 -4.68787204647235 21.727278001629145
      vertex 35.087817307194285 -2.8360499999999997 22.917997689785242
      vertex 34.41407194413946 -0.9849498285445955 22.884247922062645
    endloop
  endfacet
  facet normal -0.05003003389810439 0 0.9987477137436432
    outer loop
      vertex 40 -20 23.1640625
      vertex 40 -5.6720999999999995 23.1640625
      vertex 38.06002754504247 -5.330030514359751 23.066883916913074
    endloop
  endfacet
  facet normal 0.05338057232083703 -0.9985177872152389 0.010618056012422364
    outer loop
      vertex 61.40080323356223 -20 8.864502945019462
      vertex 40 -21.10808214088929 12.25
      vertex 44.68787204647235 -20.86738516344123 11.317524273263263
    endloop
  endfacet
  facet normal 0.05338057232083654 -0.9985177872152389 0.01061805601241839
    outer loop
      vertex 61.40080323356223 -20 8.864502945019462
      vertex 44.68787204647235 -20.86738516344123 11.317524273263263
      vertex 48.662058069535206 -20.683163672461777 8.662058069535208
    endloop
  endfacet
  facet normal 0.05003003389810442 -0.9987477137436432 -1.0666698576338266e-15
    outer loop
      vertex 63.1640625 -20 0
      vertex 51.51639786779509 -20.583463719980582 3.6880669707414424
      vertex 52.25 -20.546715561224488 0
    endloop
  endfacet
  facet normal 0.05338057232083672 -0.9985177872152389 0.01061805601241862
    outer loop
      vertex 61.40080323356223 -20 8.864502945019462
      vertex 51.31752427326326 -20.583463719980582 4.68787204647235
      vertex 51.51639786779509 -20.583463719980582 3.6880669707414424
    endloop
  endfacet
  facet normal 0.05338057232083674 -0.998517787215239 0.010618056012418678
    outer loop
      vertex 63.1640625 -20 0
      vertex 61.40080323356223 -20 8.864502945019462
      vertex 51.51639786779509 -20.583463719980582 3.6880669707414424
    endloop
  endfacet
  facet normal 0.053380572320836525 -0.9985177872152389 0.010618056012419183
    outer loop
      vertex 61.40080323356223 -20 8.864502945019462
      vertex 48.662058069535206 -20.683163672461777 8.662058069535208
      vertex 51.31752427326326 -20.583463719980582 4.68787204647235
    endloop
  endfacet
  facet normal 0.19509032201612825 0 0.9807852804032304
    outer loop
      vertex 40 -20 23.1640625
      vertex 48.86450294501946 -20 21.40080323356223
      vertex 40 -5.6720999999999995 23.1640625
    endloop
  endfacet
  facet normal 0.9807852804032305 -1.9074171515318088e-18 0.19509032201612825
    outer loop
      vertex 63.1640625 -20 0
      vertex 61.40080323356223 20 8.864502945019462
      vertex 61.40080323356223 -20 8.864502945019462
    endloop
  endfacet
  facet normal 0.8314696123025455 0 0.555570233019602
    outer loop
      vertex 61.40080323356223 -20 8.864502945019462
      vertex 61.40080323356223 20 8.864502945019462
      vertex 56.37946567357901 -20 16.379465673579013
    endloop
  endfacet
  facet normal 0.195090322016129 4.503289538871325e-16 0.9807852804032303
    outer loop
      vertex 48.86450294501946 -20 21.40080323356223
      vertex 41.93997245495753 -5.330030514359751 22.77817798633307
      vertex 40 -5.6720999999999995 23.1640625
    endloop
  endfacet
  facet normal 0.19509032201612742 -3.108277588083401e-16 0.9807852804032305
    outer loop
      vertex 48.86450294501946 -20 21.40080323356223
      vertex 43.64595560090302 -4.345080685815155 22.438836840063257
      vertex 41.93997245495753 -5.330030514359751 22.77817798633307
    endloop
  endfacet
  facet normal 0.19509032201612894 2.1727111775508162e-16 0.9807852804032303
    outer loop
      vertex 48.86450294501946 -20 21.40080323356223
      vertex 44.912182692805715 -2.8360499999999997 22.18696861157263
      vertex 43.64595560090302 -4.345080685815155 22.438836840063257
    endloop
  endfacet
  facet normal 0.1950903220161268 -3.2860154724585645e-16 0.9807852804032309
    outer loop
      vertex 48.86450294501946 -20 21.40080323356223
      vertex 45.58592805586054 -0.9849498285445955 22.05295232639633
      vertex 44.912182692805715 -2.8360499999999997 22.18696861157263
    endloop
  endfacet
  facet normal 0.19509032201612855 1.851026089769874e-17 0.9807852804032304
    outer loop
      vertex 48.86450294501946 -20 21.40080323356223
      vertex 45.58592805586054 0.9849498285445955 22.05295232639633
      vertex 45.58592805586054 -0.9849498285445955 22.05295232639633
    endloop
  endfacet
  facet normal 0.555570233019602 -2.9532290981707906e-18 0.8314696123025455
    outer loop
      vertex 48.86450294501946 -20 21.40080323356223
      vertex 56.37946567357901 -20 16.379465673579013
      vertex 56.37946567357901 20 16.379465673579013
    endloop
  endfacet
  facet normal -0.05003003389810456 -8.288924290109033e-18 -0.9987477137436434
    outer loop
      vertex 12.25 0 -21.77398828849722
      vertex 34.41407194413946 0.9849498285445955 -22.884247922062645
      vertex 34.41407194413946 -0.9849498285445955 -22.884247922062645
    endloop
  endfacet
  facet normal -0.050030033898104447 5.716763277725575e-16 -0.9987477137436434
    outer loop
      vertex 11.317524273263263 4.68787204647235 -21.727278001629145
      vertex 35.087817307194285 2.8360499999999997 -22.917997689785242
      vertex 34.41407194413946 0.9849498285445955 -22.884247922062645
    endloop
  endfacet
  facet normal -0.050030033898104544 -8.299352187545507e-16 -0.9987477137436434
    outer loop
      vertex 11.317524273263263 4.68787204647235 -21.727278001629145
      vertex 36.35404439909698 4.345080685815155 -22.98142650514957
      vertex 35.087817307194285 2.8360499999999997 -22.917997689785242
    endloop
  endfacet
  facet normal -0.05003003389810456 2.3351008548274916e-16 -0.9987477137436434
    outer loop
      vertex 8.662058069535208 8.662058069535208 -21.59425835877078
      vertex 38.06002754504247 5.330030514359751 -23.066883916913074
      vertex 36.35404439909698 4.345080685815155 -22.98142650514957
    endloop
  endfacet
  facet normal -0.0500300338981046 2.6299411870517265e-17 -0.9987477137436434
    outer loop
      vertex 40 20 -23.1640625
      vertex 38.06002754504247 5.330030514359751 -23.066883916913074
      vertex 8.662058069535208 8.662058069535208 -21.59425835877078
    endloop
  endfacet
  facet normal -0.05003003389810439 0 -0.9987477137436432
    outer loop
      vertex 40 20 -23.1640625
      vertex 40 5.6720999999999995 -23.1640625
      vertex 38.06002754504247 5.330030514359751 -23.066883916913074
    endloop
  endfacet
  facet normal 0.19509032201612903 0 -0.9807852804032303
    outer loop
      vertex 40 20 -23.1640625
      vertex 41.93997245495753 5.330030514359751 -22.77817798633307
      vertex 40 5.6720999999999995 -23.1640625
    endloop
  endfacet
  facet normal 0.054354342392377915 0.9604039865196452 -0.2732577320777317
    outer loop
      vertex 0 23.1640625 -20
      vertex 48.86450294501946 20 -21.40080323356223
      vertex 40 20 -23.1640625
    endloop
  endfacet
  facet normal 0.053380572320836824 0.9985177872152389 -0.010618056012420038
    outer loop
      vertex 0 23.1640625 -20
      vertex 35.31212795352765 21.36861067191303 -11.317524273263263
      vertex 40 21.10808214088929 -12.25
    endloop
  endfacet
  facet normal 0.05338057232083625 0.9985177872152389 -0.010618056012417802
    outer loop
      vertex 0 23.1640625 -20
      vertex 32.77499378338355 21.522272458902865 -9.622265419237864
      vertex 35.31212795352765 21.36861067191303 -11.317524273263263
    endloop
  endfacet
  facet normal 0.050030033898104447 0.9987477137436434 3.05406499069916e-16
    outer loop
      vertex 0 23.1640625 -20
      vertex 31.337941930464794 21.59425835877078 -8.662058069535208
      vertex 32.77499378338355 21.522272458902865 -9.622265419237864
    endloop
  endfacet
  facet normal 0.061703854821409866 0.9938132555565533 -0.09234634470439675
    outer loop
      vertex 0 23.1640625 -20
      vertex 56.37946567357901 20 -16.379465673579013
      vertex 48.86450294501946 20 -21.40080323356223
    endloop
  endfacet
  facet normal 0.05338057232083653 0.9985177872152389 -0.010618056012418227
    outer loop
      vertex 0 23.1640625 -20
      vertex 40 21.10808214088929 -12.25
      vertex 61.40080323356223 20 -8.864502945019462
    endloop
  endfacet
  facet normal 0.05849158776660178 0.9975225644581792 -0.039082829443625094
    outer loop
      vertex 0 23.1640625 -20
      vertex 61.40080323356223 20 -8.864502945019462
      vertex 56.37946567357901 20 -16.379465673579013
    endloop
  endfacet
  facet normal 0.050030033898104516 0.9987477137436434 -5.115136586913961e-16
    outer loop
      vertex 3.6459556009030187 22.98142650514957 -4.345080685815155
      vertex 28.682475726736737 21.727278001629145 -4.68787204647235
      vertex 31.337941930464794 21.59425835877078 -8.662058069535208
    endloop
  endfacet
  facet normal 0.050030033898104564 0.9987477137436432 1.3548513789194748e-16
    outer loop
      vertex 5.585928055860545 22.884247922062645 -0.9849498285445955
      vertex 27.75 21.77398828849722 0
      vertex 28.682475726736737 21.727278001629145 -4.68787204647235
    endloop
  endfacet
  facet normal 0.19509032201612855 -1.851026089769874e-17 -0.9807852804032304
    outer loop
      vertex 48.86450294501946 20 -21.40080323356223
      vertex 45.58592805586054 -0.9849498285445955 -22.05295232639633
      vertex 45.58592805586054 0.9849498285445955 -22.05295232639633
    endloop
  endfacet
  facet normal 0.1950903220161268 3.2860154724585645e-16 -0.9807852804032309
    outer loop
      vertex 48.86450294501946 20 -21.40080323356223
      vertex 45.58592805586054 0.9849498285445955 -22.05295232639633
      vertex 44.912182692805715 2.8360499999999997 -22.18696861157263
    endloop
  endfacet
  facet normal 0.19509032201612742 3.108277588083401e-16 -0.9807852804032305
    outer loop
      vertex 48.86450294501946 20 -21.40080323356223
      vertex 43.64595560090302 4.345080685815155 -22.438836840063257
      vertex 41.93997245495753 5.330030514359751 -22.77817798633307
    endloop
  endfacet
  facet normal 0.19509032201612894 -2.1727111775508162e-16 -0.9807852804032303
    outer loop
      vertex 48.86450294501946 20 -21.40080323356223
      vertex 44.912182692805715 2.8360499999999997 -22.18696861157263
      vertex 43.64595560090302 4.345080685815155 -22.438836840063257
    endloop
  endfacet
  facet normal 0.555570233019602 0 -0.8314696123025455
    outer loop
      vertex 48.86450294501946 -20 -21.40080323356223
      vertex 48.86450294501946 20 -21.40080323356223
      vertex 56.37946567357901 20 -16.379465673579013
    endloop
  endfacet
  facet normal 0.8314696123025455 0 -0.555570233019602
    outer loop
      vertex 61.40080323356223 -20 -8.864502945019462
      vertex 56.37946567357901 20 -16.379465673579013
      vertex 61.40080323356223 20 -8.864502945019462
    endloop
  endfacet
  facet normal 0.9807852804032305 0 -0.19509032201612825
    outer loop
      vertex 63.1640625 -20 0
      vertex 61.40080323356223 20 -8.864502945019462
      vertex 63.1640625 20 0
    endloop
  endfacet
  facet normal 0.19509032201612828 -1.0683656419751619e-16 -0.9807852804032304
    outer loop
      vertex 40 20 -23.1640625
      vertex 48.86450294501946 20 -21.40080323356223
      vertex 41.93997245495753 5.330030514359751 -22.77817798633307
    endloop
  endfacet
  facet normal 0.05338057232083703 0.9985177872152389 -0.010618056012422364
    outer loop
      vertex 61.40080323356223 20 -8.864502945019462
      vertex 40 21.10808214088929 -12.25
      vertex 44.68787204647235 20.86738516344123 -11.317524273263263
    endloop
  endfacet
  facet normal 0.05338057232083654 0.9985177872152389 -0.01061805601241839
    outer loop
      vertex 61.40080323356223 20 -8.864502945019462
      vertex 44.68787204647235 20.86738516344123 -11.317524273263263
      vertex 48.662058069535206 20.683163672461777 -8.662058069535208
    endloop
  endfacet
  facet normal 0.053380572320836525 0.9985177872152389 -0.010618056012419183
    outer loop
      vertex 61.40080323356223 20 -8.864502945019462
      vertex 48.662058069535206 20.683163672461777 -8.662058069535208
      vertex 51.31752427326326 20.583463719980582 -4.68787204647235
    endloop
  endfacet
  facet normal 0.05338057232083672 0.9985177872152389 -0.01061805601241862
    outer loop
      vertex 61.40080323356223 20 -8.864502945019462
      vertex 51.31752427326326 20.583463719980582 -4.68787204647235
      vertex 51.51639786779509 20.583463719980582 -3.6880669707414424
    endloop
  endfacet
  facet normal 0.05003003389810442 0.9987477137436432 1.0666698576338266e-15
    outer loop
      vertex 63.1640625 20 0
      vertex 51.51639786779509 20.583463719980582 -3.6880669707414424
      vertex 52.25 20.546715561224488 0
    endloop
  endfacet
  facet normal 0.05338057232083674 0.998517787215239 -0.010618056012418678
    outer loop
      vertex 61.40080323356223 20 -8.864502945019462
      vertex 51.51639786779509 20.583463719980582 -3.6880669707414424
      vertex 63.1640625 20 0
    endloop
  endfacet
  facet normal -0.05003003389810456 8.288924290109033e-18 0.9987477137436434
    outer loop
      vertex 12.25 0 21.77398828849722
      vertex 34.41407194413946 -0.9849498285445955 22.884247922062645
      vertex 34.41407194413946 0.9849498285445955 22.884247922062645
    endloop
  endfacet
  facet normal -0.05003003389810444 5.577146649663594e-16 0.9987477137436434
    outer loop
      vertex 11.317524273263263 4.68787204647235 21.727278001629145
      vertex 34.41407194413946 0.9849498285445955 22.884247922062645
      vertex 35.087817307194285 2.8360499999999997 22.917997689785242
    endloop
  endfacet
  facet normal -0.050030033898104544 -8.08578569111955e-16 0.9987477137436434
    outer loop
      vertex 11.317524273263263 4.68787204647235 21.727278001629145
      vertex 35.087817307194285 2.8360499999999997 22.917997689785242
      vertex 36.35404439909698 4.345080685815155 22.98142650514957
    endloop
  endfacet
  facet normal -0.05003003389810454 2.305534426866795e-16 0.9987477137436432
    outer loop
      vertex 11.317524273263263 4.68787204647235 21.727278001629145
      vertex 36.35404439909698 4.345080685815155 22.98142650514957
      vertex 38.06002754504247 5.330030514359751 23.066883916913074
    endloop
  endfacet
  facet normal -0.05003003389810452 1.6886562771442266e-17 0.9987477137436434
    outer loop
      vertex 40 20 23.1640625
      vertex 11.317524273263263 4.68787204647235 21.727278001629145
      vertex 38.06002754504247 5.330030514359751 23.066883916913074
    endloop
  endfacet
  facet normal -0.05003003389810439 0 0.9987477137436432
    outer loop
      vertex 40 20 23.1640625
      vertex 38.06002754504247 5.330030514359751 23.066883916913074
      vertex 40 5.6720999999999995 23.1640625
    endloop
  endfacet
  facet normal 0.19509032201612903 0 0.9807852804032303
    outer loop
      vertex 40 20 23.1640625
      vertex 40 5.6720999999999995 23.1640625
      vertex 41.93997245495753 5.330030514359751 22.77817798633307
    endloop
  endfacet
  facet normal 0.050030033898104564 0.9987477137436432 -1.4181315144890517e-16
    outer loop
      vertex 5.585928055860545 22.884247922062645 0.9849498285445955
      vertex 28.682475726736737 21.727278001629145 4.68787204647235
      vertex 27.75 21.77398828849722 0
    endloop
  endfacet
  facet normal 0.050030033898104724 0.9987477137436434 4.1748608335831865e-16
    outer loop
      vertex 0 23.1640625 20
      vertex 31.337941930464794 21.59425835877078 8.662058069535208
      vertex 28.682475726736737 21.727278001629145 4.68787204647235
    endloop
  endfacet
  facet normal 0.05003003389810455 0.9987477137436434 -3.53875628929666e-17
    outer loop
      vertex 0 23.1640625 20
      vertex 32.77499378338354 21.522272458902865 9.622265419237864
      vertex 31.337941930464794 21.59425835877078 8.662058069535208
    endloop
  endfacet
  facet normal 0.05338057232083624 0.998517787215239 0.010618056012417637
    outer loop
      vertex 0 23.1640625 20
      vertex 35.31212795352765 21.36861067191303 11.317524273263263
      vertex 32.77499378338354 21.522272458902865 9.622265419237864
    endloop
  endfacet
  facet normal 0.05338057232083678 0.9985177872152389 0.010618056012420033
    outer loop
      vertex 0 23.1640625 20
      vertex 40 21.10808214088929 12.25
      vertex 35.31212795352765 21.36861067191303 11.317524273263263
    endloop
  endfacet
  facet normal 0.054354342392377915 0.9604039865196451 0.2732577320777318
    outer loop
      vertex 0 23.1640625 20
      vertex 40 20 23.1640625
      vertex 48.86450294501946 20 21.40080323356223
    endloop
  endfacet
  facet normal 0.05338057232083653 0.9985177872152388 0.010618056012418435
    outer loop
      vertex 0 23.1640625 20
      vertex 61.40080323356223 20 8.864502945019462
      vertex 40 21.10808214088929 12.25
    endloop
  endfacet
  facet normal 0.0584915877666018 0.9975225644581794 0.0390828294436251
    outer loop
      vertex 0 23.1640625 20
      vertex 56.37946567357901 20 16.379465673579013
      vertex 61.40080323356223 20 8.864502945019462
    endloop
  endfacet
  facet normal 0.061703854821409866 0.9938132555565533 0.09234634470439677
    outer loop
      vertex 0 23.1640625 20
      vertex 48.86450294501946 20 21.40080323356223
      vertex 56.37946567357901 20 16.379465673579013
    endloop
  endfacet
  facet normal 0.9807852804032305 0 0.19509032201612825
    outer loop
      vertex 63.1640625 -20 0
      vertex 63.1640625 20 0
      vertex 61.40080323356223 20 8.864502945019462
    endloop
  endfacet
  facet normal 0.19509032201612847 0 0.9807852804032303
    outer loop
      vertex 48.86450294501946 -20 21.40080323356223
      vertex 48.86450294501946 20 21.40080323356223
      vertex 45.58592805586054 0.9849498285445955 22.05295232639633
    endloop
  endfacet
  facet normal 0.19509032201612675 3.1413749439619124e-16 0.9807852804032309
    outer loop
      vertex 48.86450294501946 20 21.40080323356223
      vertex 44.912182692805715 2.8360499999999997 22.18696861157263
      vertex 45.58592805586054 0.9849498285445955 22.05295232639633
    endloop
  endfacet
  facet normal 0.1950903220161271 -2.720241012592762e-16 0.9807852804032307
    outer loop
      vertex 40 20 23.1640625
      vertex 41.93997245495753 5.330030514359751 22.77817798633307
      vertex 43.64595560090302 4.345080685815155 22.438836840063257
    endloop
  endfacet
  facet normal 0.1950903220161289 -2.1444386293333092e-16 0.9807852804032302
    outer loop
      vertex 48.86450294501946 20 21.40080323356223
      vertex 43.64595560090302 4.345080685815155 22.438836840063257
      vertex 44.912182692805715 2.8360499999999997 22.18696861157263
    endloop
  endfacet
  facet normal 0.555570233019602 0 0.8314696123025455
    outer loop
      vertex 48.86450294501946 -20 21.40080323356223
      vertex 56.37946567357901 20 16.379465673579013
      vertex 48.86450294501946 20 21.40080323356223
    endloop
  endfacet
  facet normal 0.8314696123025455 0 0.555570233019602
    outer loop
      vertex 56.37946567357901 -20 16.379465673579013
      vertex 61.40080323356223 20 8.864502945019462
      vertex 56.37946567357901 20 16.379465673579013
    endloop
  endfacet
  facet normal 0.053380572320836976 0.9985177872152389 0.010618056012421719
    outer loop
      vertex 61.40080323356223 20 8.864502945019462
      vertex 44.68787204647235 20.86738516344123 11.317524273263263
      vertex 40 21.10808214088929 12.25
    endloop
  endfacet
  facet normal 0.05338057232083654 0.9985177872152389 0.010618056012418407
    outer loop
      vertex 61.40080323356223 20 8.864502945019462
      vertex 48.662058069535206 20.683163672461777 8.662058069535208
      vertex 44.68787204647235 20.86738516344123 11.317524273263263
    endloop
  endfacet
  facet normal 0.05003003389810442 0.9987477137436432 -9.779330999221778e-17
    outer loop
      vertex 63.1640625 20 0
      vertex 52.25 20.546715561224488 0
      vertex 51.51639786779509 20.58346371998058 3.6880669707414424
    endloop
  endfacet
  facet normal 0.05338057232083811 0.9985177872152389 0.010618056012415377
    outer loop
      vertex 61.40080323356223 20 8.864502945019462
      vertex 51.51639786779509 20.58346371998058 3.6880669707414424
      vertex 51.31752427326326 20.583463719980582 4.68787204647235
    endloop
  endfacet
  facet normal 0.053380572320836414 0.998517787215239 0.010618056012418614
    outer loop
      vertex 63.1640625 20 0
      vertex 51.51639786779509 20.58346371998058 3.6880669707414424
      vertex 61.40080323356223 20 8.864502945019462
    endloop
  endfacet
  facet normal 0.053380572320836525 0.9985177872152389 0.010618056012419188
    outer loop
      vertex 61.40080323356223 20 8.864502945019462
      vertex 51.31752427326326 20.583463719980582 4.68787204647235
      vertex 48.662058069535206 20.683163672461777 8.662058069535208
    endloop
  endfacet
  facet normal 0.19509032201612825 1.6213723647390838e-17 0.9807852804032304
    outer loop
      vertex 40 20 23.1640625
      vertex 43.64595560090302 4.345080685815155 22.438836840063257
      vertex 48.86450294501946 20 21.40080323356223
    endloop
  endfacet
  facet normal 1 0 0
    outer loop
      vertex 35.334375 -2.6936998496878477 12.25
      vertex 35.334375 2.6936998496878477 12.25
      vertex 35.334375 -2.6936998496878477 15.228125
    endloop
  endfacet
  facet normal 0.5000000000000001 0.8660254037844385 3.203383129762791e-17
    outer loop
      vertex 35.334375 -2.6936998496878477 15.228125
      vertex 40 -5.387399699375695 15.228125
      vertex 40 -5.387399699375695 12.25
    endloop
  endfacet
  facet normal 0.5000000000000001 0.8660254037844385 0
    outer loop
      vertex 35.334375 -2.6936998496878477 12.25
      vertex 35.334375 -2.6936998496878477 15.228125
      vertex 40 -5.387399699375695 12.25
    endloop
  endfacet
  facet normal -0.5000000000000001 0.8660254037844385 0
    outer loop
      vertex 40 -5.387399699375695 12.25
      vertex 40 -5.387399699375695 15.228125
      vertex 44.665625 -2.6936998496878477 12.25
    endloop
  endfacet
  facet normal 0 0 -1
    outer loop
      vertex 35.334375 -2.6936998496878477 15.228125
      vertex 38.30644374183231 -2.330980215042817 15.228125
      vertex 40 -5.387399699375695 15.228125
    endloop
  endfacet
  facet normal 0 0 -1
    outer loop
      vertex 40 -5.387399699375695 15.228125
      vertex 38.30644374183231 -2.330980215042817 15.228125
      vertex 40 -2.8812499999999996 15.228125
    endloop
  endfacet
  facet normal 0 0 -1
    outer loop
      vertex 40 -5.387399699375695 15.228125
      vertex 40 -2.8812499999999996 15.228125
      vertex 44.665625 -2.6936998496878477 15.228125
    endloop
  endfacet
  facet normal 0 0 -1
    outer loop
      vertex 35.334375 -2.6936998496878477 15.228125
      vertex 37.25976841242459 -0.8903552150428171 15.228125
      vertex 38.30644374183231 -2.330980215042817 15.228125
    endloop
  endfacet
  facet normal 0 0 -1
    outer loop
      vertex 35.334375 -2.6936998496878477 15.228125
      vertex 37.25976841242459 0.8903552150428171 15.228125
      vertex 37.25976841242459 -0.8903552150428171 15.228125
    endloop
  endfacet
  facet normal -0.5000000000000001 0.8660254037844385 -3.203383129762791e-17
    outer loop
      vertex 40 -5.387399699375695 15.228125
      vertex 44.665625 -2.6936998496878477 15.228125
      vertex 44.665625 -2.6936998496878477 12.25
    endloop
  endfacet
  facet normal -1 0 0
    outer loop
      vertex 44.665625 -2.6936998496878477 12.25
      vertex 44.665625 -2.6936998496878477 15.228125
      vertex 44.665625 2.6936998496878477 15.228125
    endloop
  endfacet
  facet normal 0 0 -1
    outer loop
      vertex 40 -2.8812499999999996 15.228125
      vertex 41.69355625816769 -2.330980215042817 15.228125
      vertex 44.665625 -2.6936998496878477 15.228125
    endloop
  endfacet
  facet normal 0 0 -1
    outer loop
      vertex 41.69355625816769 -2.330980215042817 15.228125
      vertex 42.74023158757541 -0.8903552150428171 15.228125
      vertex 44.665625 -2.6936998496878477 15.228125
    endloop
  endfacet
  facet normal 0 0 -1
    outer loop
      vertex 42.74023158757541 -0.8903552150428171 15.228125
      vertex 44.665625 2.6936998496878477 15.228125
      vertex 44.665625 -2.6936998496878477 15.228125
    endloop
  endfacet
  facet normal 1 0 0
    outer loop
      vertex 35.334375 -2.6936998496878477 15.228125
      vertex 35.334375 2.6936998496878477 12.25
      vertex 35.334375 2.6936998496878477 15.228125
    endloop
  endfacet
  facet normal 0 0 -1
    outer loop
      vertex 35.334375 -2.6936998496878477 15.228125
      vertex 35.334375 2.6936998496878477 15.228125
      vertex 37.25976841242459 0.8903552150428171 15.228125
    endloop
  endfacet
  facet normal 0 0 -1
    outer loop
      vertex 35.334375 2.6936998496878477 15.228125
      vertex 38.30644374183231 2.330980215042817 15.228125
      vertex 37.25976841242459 0.8903552150428171 15.228125
    endloop
  endfacet
  facet normal 0 0 -1
    outer loop
      vertex 35.334375 2.6936998496878477 15.228125
      vertex 40 2.8812499999999996 15.228125
      vertex 38.30644374183231 2.330980215042817 15.228125
    endloop
  endfacet
  facet normal 0.5000000000000001 -0.8660254037844385 0
    outer loop
      vertex 35.334375 2.6936998496878477 12.25
      vertex 40 5.387399699375695 15.228125
      vertex 35.334375 2.6936998496878477 15.228125
    endloop
  endfacet
  facet normal 0.5000000000000001 -0.8660254037844385 -3.203383129762791e-17
    outer loop
      vertex 35.334375 2.6936998496878477 12.25
      vertex 40 5.387399699375695 12.25
      vertex 40 5.387399699375695 15.228125
    endloop
  endfacet
  facet normal -0.5000000000000001 -0.8660254037844385 0
    outer loop
      vertex 40 5.387399699375695 12.25
      vertex 44.665625 2.6936998496878477 15.228125
      vertex 40 5.387399699375695 15.228125
    endloop
  endfacet
  facet normal 0 0 -1
    outer loop
      vertex 35.334375 2.6936998496878477 15.228125
      vertex 40 5.387399699375695 15.228125
      vertex 40 2.8812499999999996 15.228125
    endloop
  endfacet
  facet normal 0 0 -1
    outer loop
      vertex 40 2.8812499999999996 15.228125
      vertex 40 5.387399699375695 15.228125
      vertex 41.69355625816769 2.330980215042817 15.228125
    endloop
  endfacet
  facet normal -1 0 0
    outer loop
      vertex 44.665625 -2.6936998496878477 12.25
      vertex 44.665625 2.6936998496878477 15.228125
      vertex 44.665625 2.6936998496878477 12.25
    endloop
  endfacet
  facet normal 0 0 -1
    outer loop
      vertex 42.74023158757541 -0.8903552150428171 15.228125
      vertex 42.74023158757541 0.8903552150428171 15.228125
      vertex 44.665625 2.6936998496878477 15.228125
    endloop
  endfacet
  facet normal 0 0 -1
    outer loop
      vertex 41.69355625816769 2.330980215042817 15.228125
      vertex 44.665625 2.6936998496878477 15.228125
      vertex 42.74023158757541 0.8903552150428171 15.228125
    endloop
  endfacet
  facet normal -0.5000000000000001 -0.8660254037844385 3.203383129762791e-17
    outer loop
      vertex 40 5.387399699375695 12.25
      vertex 44.665625 2.6936998496878477 12.25
      vertex 44.665625 2.6936998496878477 15.228125
    endloop
  endfacet
  facet normal 0 0 -1
    outer loop
      vertex 40 5.387399699375695 15.228125
      vertex 44.665625 2.6936998496878477 15.228125
      vertex 41.69355625816769 2.330980215042817 15.228125
    endloop
  endfacet
  facet normal 0 0 1
    outer loop
      vertex 35.334375 -2.6936998496878477 -15.228125
      vertex 37.25976841242459 -0.8903552150428171 -15.228125
      vertex 35.334375 2.6936998496878477 -15.228125
    endloop
  endfacet
  facet normal 1 0 0
    outer loop
      vertex 35.334375 -2.6936998496878477 -15.228125
      vertex 35.334375 2.6936998496878477 -15.228125
      vertex 35.334375 -2.6936998496878477 -12.25
    endloop
  endfacet
  facet normal 0 0 1
    outer loop
      vertex 35.334375 -2.6936998496878477 -15.228125
      vertex 40 -5.387399699375695 -15.228125
      vertex 40 -2.8812499999999996 -15.228125
    endloop
  endfacet
  facet normal 0 0 1
    outer loop
      vertex 40 -5.387399699375695 -15.228125
      vertex 41.69355625816769 -2.330980215042817 -15.228125
      vertex 40 -2.8812499999999996 -15.228125
    endloop
  endfacet
  facet normal 0.5000000000000001 0.8660254037844385 3.203383129762791e-17
    outer loop
      vertex 35.334375 -2.6936998496878477 -12.25
      vertex 40 -5.387399699375695 -12.25
      vertex 40 -5.387399699375695 -15.228125
    endloop
  endfacet
  facet normal 0.5000000000000001 0.8660254037844385 0
    outer loop
      vertex 35.334375 -2.6936998496878477 -15.228125
      vertex 35.334375 -2.6936998496878477 -12.25
      vertex 40 -5.387399699375695 -15.228125
    endloop
  endfacet
  facet normal -0.5000000000000001 0.8660254037844385 0
    outer loop
      vertex 40 -5.387399699375695 -15.228125
      vertex 40 -5.387399699375695 -12.25
      vertex 44.665625 -2.6936998496878477 -15.228125
    endloop
  endfacet
  facet normal 0 0 1
    outer loop
      vertex 35.334375 -2.6936998496878477 -15.228125
      vertex 38.30644374183231 -2.330980215042817 -15.228125
      vertex 37.25976841242459 -0.8903552150428171 -15.228125
    endloop
  endfacet
  facet normal 0 0 1
    outer loop
      vertex 35.334375 -2.6936998496878477 -15.228125
      vertex 40 -2.8812499999999996 -15.228125
      vertex 38.30644374183231 -2.330980215042817 -15.228125
    endloop
  endfacet
  facet normal 0 0 1
    outer loop
      vertex 40 -5.387399699375695 -15.228125
      vertex 44.665625 -2.6936998496878477 -15.228125
      vertex 41.69355625816769 -2.330980215042817 -15.228125
    endloop
  endfacet
  facet normal -0.5000000000000001 0.8660254037844385 -3.203383129762791e-17
    outer loop
      vertex 40 -5.387399699375695 -12.25
      vertex 44.665625 -2.6936998496878477 -12.25
      vertex 44.665625 -2.6936998496878477 -15.228125
    endloop
  endfacet
  facet normal 0 0 1
    outer loop
      vertex 41.69355625816769 -2.330980215042817 -15.228125
      vertex 44.665625 -2.6936998496878477 -15.228125
      vertex 42.74023158757541 -0.8903552150428171 -15.228125
    endloop
  endfacet
  facet normal 0 0 1
    outer loop
      vertex 42.74023158757541 -0.8903552150428171 -15.228125
      vertex 44.665625 -2.6936998496878477 -15.228125
      vertex 42.74023158757541 0.8903552150428171 -15.228125
    endloop
  endfacet
  facet normal -1 0 0
    outer loop
      vertex 44.665625 -2.6936998496878477 -15.228125
      vertex 44.665625 -2.6936998496878477 -12.25
      vertex 44.665625 2.6936998496878477 -12.25
    endloop
  endfacet
  facet normal 1 0 0
    outer loop
      vertex 35.334375 -2.6936998496878477 -12.25
      vertex 35.334375 2.6936998496878477 -15.228125
      vertex 35.334375 2.6936998496878477 -12.25
    endloop
  endfacet
  facet normal 0 0 1
    outer loop
      vertex 37.25976841242459 -0.8903552150428171 -15.228125
      vertex 37.25976841242459 0.8903552150428171 -15.228125
      vertex 35.334375 2.6936998496878477 -15.228125
    endloop
  endfacet
  facet normal 0 0 1
    outer loop
      vertex 35.334375 2.6936998496878477 -15.228125
      vertex 37.25976841242459 0.8903552150428171 -15.228125
      vertex 38.30644374183231 2.330980215042817 -15.228125
    endloop
  endfacet
  facet normal 0 0 1
    outer loop
      vertex 35.334375 2.6936998496878477 -15.228125
      vertex 38.30644374183231 2.330980215042817 -15.228125
      vertex 40 5.387399699375695 -15.228125
    endloop
  endfacet
  facet normal 0 0 1
    outer loop
      vertex 38.30644374183231 2.330980215042817 -15.228125
      vertex 40 2.8812499999999996 -15.228125
      vertex 40 5.387399699375695 -15.228125
    endloop
  endfacet
  facet normal 0 0 1
    outer loop
      vertex 40 2.8812499999999996 -15.228125
      vertex 44.665625 2.6936998496878477 -15.228125
      vertex 40 5.387399699375695 -15.228125
    endloop
  endfacet
  facet normal 0.5000000000000001 -0.8660254037844385 0
    outer loop
      vertex 35.334375 2.6936998496878477 -15.228125
      vertex 40 5.387399699375695 -12.25
      vertex 35.334375 2.6936998496878477 -12.25
    endloop
  endfacet
  facet normal 0.5000000000000001 -0.8660254037844385 -3.203383129762791e-17
    outer loop
      vertex 35.334375 2.6936998496878477 -15.228125
      vertex 40 5.387399699375695 -15.228125
      vertex 40 5.387399699375695 -12.25
    endloop
  endfacet
  facet normal -0.5000000000000001 -0.8660254037844385 0
    outer loop
      vertex 40 5.387399699375695 -15.228125
      vertex 44.665625 2.6936998496878477 -12.25
      vertex 40 5.387399699375695 -12.25
    endloop
  endfacet
  facet normal 0 0 1
    outer loop
      vertex 44.665625 -2.6936998496878477 -15.228125
      vertex 44.665625 2.6936998496878477 -15.228125
      vertex 42.74023158757541 0.8903552150428171 -15.228125
    endloop
  endfacet
  facet normal 0 0 1
    outer loop
      vertex 40 2.8812499999999996 -15.228125
      vertex 41.69355625816769 2.330980215042817 -15.228125
      vertex 44.665625 2.6936998496878477 -15.228125
    endloop
  endfacet
  facet normal 0 0 1
    outer loop
      vertex 41.69355625816769 2.330980215042817 -15.228125
      vertex 42.74023158757541 0.8903552150428171 -15.228125
      vertex 44.665625 2.6936998496878477 -15.228125
    endloop
  endfacet
  facet normal -1 0 0
    outer loop
      vertex 44.665625 -2.6936998496878477 -15.228125
      vertex 44.665625 2.6936998496878477 -12.25
      vertex 44.665625 2.6936998496878477 -15.228125
    endloop
  endfacet
  facet normal -0.5000000000000001 -0.8660254037844385 3.203383129762791e-17
    outer loop
      vertex 40 5.387399699375695 -15.228125
      vertex 44.665625 2.6936998496878477 -15.228125
      vertex 44.665625 2.6936998496878477 -12.25
    endloop
  endfacet
  facet normal 0.5 0 0.8660254037844386
    outer loop
      vertex -4.6656249999999995 12.25 -2.6936998496878477
      vertex 0 15.228125 -5.387399699375695
      vertex -4.6656249999999995 15.228125 -2.6936998496878477
    endloop
  endfacet
  facet normal 1 0 0
    outer loop
      vertex -4.6656249999999995 12.25 -2.6936998496878477
      vertex -4.6656249999999995 15.228125 -2.6936998496878477
      vertex -4.6656249999999995 15.228125 2.6936998496878477
    endloop
  endfacet
  facet normal 0 -1 0
    outer loop
      vertex -4.6656249999999995 15.228125 -2.6936998496878477
      vertex -1.693556258167688 15.228125 -2.330980215042817
      vertex -2.7402315875754106 15.228125 -0.8903552150428171
    endloop
  endfacet
  facet normal 0 -1 0
    outer loop
      vertex -4.6656249999999995 15.228125 -2.6936998496878477
      vertex 0 15.228125 -2.8812499999999996
      vertex -1.693556258167688 15.228125 -2.330980215042817
    endloop
  endfacet
  facet normal 0 -1 0
    outer loop
      vertex -4.6656249999999995 15.228125 -2.6936998496878477
      vertex -2.7402315875754106 15.228125 -0.8903552150428171
      vertex -4.6656249999999995 15.228125 2.6936998496878477
    endloop
  endfacet
  facet normal 0.5 -6.36780208869213e-18 0.8660254037844386
    outer loop
      vertex -4.6656249999999995 12.25 -2.6936998496878477
      vertex 0 12.25 -5.387399699375695
      vertex 0 15.228125 -5.387399699375695
    endloop
  endfacet
  facet normal -0.5 0 0.8660254037844386
    outer loop
      vertex 0 12.25 -5.387399699375695
      vertex 4.6656249999999995 15.228125 -2.6936998496878477
      vertex 0 15.228125 -5.387399699375695
    endloop
  endfacet
  facet normal -0.5 6.36780208869213e-18 0.8660254037844386
    outer loop
      vertex 0 12.25 -5.387399699375695
      vertex 4.6656249999999995 12.25 -2.6936998496878477
      vertex 4.6656249999999995 15.228125 -2.6936998496878477
    endloop
  endfacet
  facet normal 0 -1 0
    outer loop
      vertex -4.6656249999999995 15.228125 -2.6936998496878477
      vertex 0 15.228125 -5.387399699375695
      vertex 0 15.228125 -2.8812499999999996
    endloop
  endfacet
  facet normal 0 -1 0
    outer loop
      vertex 0 15.228125 -5.387399699375695
      vertex 1.693556258167688 15.228125 -2.330980215042817
      vertex 0 15.228125 -2.8812499999999996
    endloop
  endfacet
  facet normal 0 -1 0
    outer loop
      vertex 0 15.228125 -5.387399699375695
      vertex 4.6656249999999995 15.228125 -2.6936998496878477
      vertex 1.693556258167688 15.228125 -2.330980215042817
    endloop
  endfacet
  facet normal 0 -1 0
    outer loop
      vertex 1.693556258167688 15.228125 -2.330980215042817
      vertex 4.6656249999999995 15.228125 -2.6936998496878477
      vertex 2.7402315875754106 15.228125 -0.8903552150428171
    endloop
  endfacet
  facet normal 0 -1 0
    outer loop
      vertex 2.7402315875754106 15.228125 -0.8903552150428171
      vertex 4.6656249999999995 15.228125 -2.6936998496878477
      vertex 2.7402315875754106 15.228125 0.8903552150428171
    endloop
  endfacet
  facet normal -1 0 0
    outer loop
      vertex 4.6656249999999995 12.25 -2.6936998496878477
      vertex 4.6656249999999995 12.25 2.6936998496878477
      vertex 4.6656249999999995 15.228125 -2.6936998496878477
    endloop
  endfacet
  facet normal 1 0 0
    outer loop
      vertex -4.6656249999999995 12.25 -2.6936998496878477
      vertex -4.6656249999999995 15.228125 2.6936998496878477
      vertex -4.6656249999999995 12.25 2.6936998496878477
    endloop
  endfacet
  facet normal 0.5 0 -0.8660254037844386
    outer loop
      vertex -4.6656249999999995 12.25 2.6936998496878477
      vertex -4.6656249999999995 15.228125 2.6936998496878477
      vertex 0 12.25 5.387399699375695
    endloop
  endfacet
  facet normal 0 -1 0
    outer loop
      vertex -2.7402315875754106 15.228125 -0.8903552150428171
      vertex -2.7402315875754106 15.228125 0.8903552150428171
      vertex -4.6656249999999995 15.228125 2.6936998496878477
    endloop
  endfacet
  facet normal 0 -1 0
    outer loop
      vertex -4.6656249999999995 15.228125 2.6936998496878477
      vertex -2.7402315875754106 15.228125 0.8903552150428171
      vertex -1.693556258167688 15.228125 2.330980215042817
    endloop
  endfacet
  facet normal 0 -1 0
    outer loop
      vertex -4.6656249999999995 15.228125 2.6936998496878477
      vertex -1.693556258167688 15.228125 2.330980215042817
      vertex 0 15.228125 5.387399699375695
    endloop
  endfacet
  facet normal 0.5 6.36780208869213e-18 -0.8660254037844386
    outer loop
      vertex -4.6656249999999995 15.228125 2.6936998496878477
      vertex 0 15.228125 5.387399699375695
      vertex 0 12.25 5.387399699375695
    endloop
  endfacet
  facet normal -0.5 -6.36780208869213e-18 -0.8660254037844386
    outer loop
      vertex 0 15.228125 5.387399699375695
      vertex 4.6656249999999995 15.228125 2.6936998496878477
      vertex 4.6656249999999995 12.25 2.6936998496878477
    endloop
  endfacet
  facet normal -0.5 0 -0.8660254037844386
    outer loop
      vertex 0 12.25 5.387399699375695
      vertex 0 15.228125 5.387399699375695
      vertex 4.6656249999999995 12.25 2.6936998496878477
    endloop
  endfacet
  facet normal 0 -1 0
    outer loop
      vertex 0 15.228125 2.8812499999999996
      vertex 1.693556258167688 15.228125 2.330980215042817
      vertex 4.6656249999999995 15.228125 2.6936998496878477
    endloop
  endfacet
  facet normal 0 -1 0
    outer loop
      vertex 1.693556258167688 15.228125 2.330980215042817
      vertex 2.7402315875754106 15.228125 0.8903552150428171
      vertex 4.6656249999999995 15.228125 2.6936998496878477
    endloop
  endfacet
  facet normal 0 -1 0
    outer loop
      vertex -1.693556258167688 15.228125 2.330980215042817
      vertex 0 15.228125 2.8812499999999996
      vertex 0 15.228125 5.387399699375695
    endloop
  endfacet
  facet normal 0 -1 0
    outer loop
      vertex 0 15.228125 2.8812499999999996
      vertex 4.6656249999999995 15.228125 2.6936998496878477
      vertex 0 15.228125 5.387399699375695
    endloop
  endfacet
  facet normal -1 0 0
    outer loop
      vertex 4.6656249999999995 15.228125 -2.6936998496878477
      vertex 4.6656249999999995 12.25 2.6936998496878477
      vertex 4.6656249999999995 15.228125 2.6936998496878477
    endloop
  endfacet
  facet normal 0 -1 0
    outer loop
      vertex 4.6656249999999995 15.228125 -2.6936998496878477
      vertex 4.6656249999999995 15.228125 2.6936998496878477
      vertex 2.7402315875754106 15.228125 0.8903552150428171
    endloop
  endfacet
  facet normal 0 1 0
    outer loop
      vertex -4.6656249999999995 -15.228125 -2.6936998496878477
      vertex -1.693556258167688 -15.228125 -2.330980215042817
      vertex 0 -15.228125 -5.387399699375695
    endloop
  endfacet
  facet normal 0 1 0
    outer loop
      vertex -4.6656249999999995 -15.228125 -2.6936998496878477
      vertex -2.7402315875754106 -15.228125 -0.8903552150428171
      vertex -1.693556258167688 -15.228125 -2.330980215042817
    endloop
  endfacet
  facet normal 0 1 0
    outer loop
      vertex -4.6656249999999995 -15.228125 -2.6936998496878477
      vertex -2.7402315875754106 -15.228125 0.8903552150428171
      vertex -2.7402315875754106 -15.228125 -0.8903552150428171
    endloop
  endfacet
  facet normal 0.5 0 0.8660254037844386
    outer loop
      vertex -4.6656249999999995 -15.228125 -2.6936998496878477
      vertex 0 -12.25 -5.387399699375695
      vertex -4.6656249999999995 -12.25 -2.6936998496878477
    endloop
  endfacet
  facet normal 1 0 0
    outer loop
      vertex -4.6656249999999995 -15.228125 -2.6936998496878477
      vertex -4.6656249999999995 -12.25 -2.6936998496878477
      vertex -4.6656249999999995 -12.25 2.6936998496878477
    endloop
  endfacet
  facet normal 0 1 0
    outer loop
      vertex -1.693556258167688 -15.228125 -2.330980215042817
      vertex 0 -15.228125 -2.8812499999999996
      vertex 0 -15.228125 -5.387399699375695
    endloop
  endfacet
  facet normal 0 1 0
    outer loop
      vertex 0 -15.228125 -5.387399699375695
      vertex 0 -15.228125 -2.8812499999999996
      vertex 4.6656249999999995 -15.228125 -2.6936998496878477
    endloop
  endfacet
  facet normal 0 1 0
    outer loop
      vertex 0 -15.228125 -2.8812499999999996
      vertex 1.693556258167688 -15.228125 -2.330980215042817
      vertex 4.6656249999999995 -15.228125 -2.6936998496878477
    endloop
  endfacet
  facet normal 0 1 0
    outer loop
      vertex 1.693556258167688 -15.228125 -2.330980215042817
      vertex 2.7402315875754106 -15.228125 -0.8903552150428171
      vertex 4.6656249999999995 -15.228125 -2.6936998496878477
    endloop
  endfacet
  facet normal 0.5 -6.36780208869213e-18 0.8660254037844386
    outer loop
      vertex -4.6656249999999995 -15.228125 -2.6936998496878477
      vertex 0 -15.228125 -5.387399699375695
      vertex 0 -12.25 -5.387399699375695
    endloop
  endfacet
  facet normal -0.5 0 0.8660254037844386
    outer loop
      vertex 0 -15.228125 -5.387399699375695
      vertex 4.6656249999999995 -12.25 -2.6936998496878477
      vertex 0 -12.25 -5.387399699375695
    endloop
  endfacet
  facet normal -0.5 6.36780208869213e-18 0.8660254037844386
    outer loop
      vertex 0 -15.228125 -5.387399699375695
      vertex 4.6656249999999995 -15.228125 -2.6936998496878477
      vertex 4.6656249999999995 -12.25 -2.6936998496878477
    endloop
  endfacet
  facet normal 0 1 0
    outer loop
      vertex 2.7402315875754106 -15.228125 -0.8903552150428171
      vertex 4.6656249999999995 -15.228125 2.6936998496878477
      vertex 4.6656249999999995 -15.228125 -2.6936998496878477
    endloop
  endfacet
  facet normal -1 0 0
    outer loop
      vertex 4.6656249999999995 -15.228125 -2.6936998496878477
      vertex 4.6656249999999995 -15.228125 2.6936998496878477
      vertex 4.6656249999999995 -12.25 -2.6936998496878477
    endloop
  endfacet
  facet normal 0 1 0
    outer loop
      vertex -4.6656249999999995 -15.228125 -2.6936998496878477
      vertex -4.6656249999999995 -15.228125 2.6936998496878477
      vertex -2.7402315875754106 -15.228125 0.8903552150428171
    endloop
  endfacet
  facet normal 0 1 0
    outer loop
      vertex -4.6656249999999995 -15.228125 2.6936998496878477
      vertex -1.693556258167688 -15.228125 2.330980215042817
      vertex -2.7402315875754106 -15.228125 0.8903552150428171
    endloop
  endfacet
  facet normal 0 1 0
    outer loop
      vertex -4.6656249999999995 -15.228125 2.6936998496878477
      vertex 0 -15.228125 2.8812499999999996
      vertex -1.693556258167688 -15.228125 2.330980215042817
    endloop
  endfacet
  facet normal 1 0 0
    outer loop
      vertex -4.6656249999999995 -15.228125 -2.6936998496878477
      vertex -4.6656249999999995 -12.25 2.6936998496878477
      vertex -4.6656249999999995 -15.228125 2.6936998496878477
    endloop
  endfacet
  facet normal 0.5 0 -0.8660254037844386
    outer loop
      vertex -4.6656249999999995 -15.228125 2.6936998496878477
      vertex -4.6656249999999995 -12.25 2.6936998496878477
      vertex 0 -15.228125 5.387399699375695
    endloop
  endfacet
  facet normal 0 1 0
    outer loop
      vertex 2.7402315875754106 -15.228125 -0.8903552150428171
      vertex 2.7402315875754106 -15.228125 0.8903552150428171
      vertex 4.6656249999999995 -15.228125 2.6936998496878477
    endloop
  endfacet
  facet normal 0 1 0
    outer loop
      vertex 1.693556258167688 -15.228125 2.330980215042817
      vertex 4.6656249999999995 -15.228125 2.6936998496878477
      vertex 2.7402315875754106 -15.228125 0.8903552150428171
    endloop
  endfacet
  facet normal 0 1 0
    outer loop
      vertex -4.6656249999999995 -15.228125 2.6936998496878477
      vertex 0 -15.228125 5.387399699375695
      vertex 0 -15.228125 2.8812499999999996
    endloop
  endfacet
  facet normal 0 1 0
    outer loop
      vertex 0 -15.228125 2.8812499999999996
      vertex 0 -15.228125 5.387399699375695
      vertex 1.693556258167688 -15.228125 2.330980215042817
    endloop
  endfacet
  facet normal 0 1 0
    outer loop
      vertex 1.693556258167688 -15.228125 2.330980215042817
      vertex 0 -15.228125 5.387399699375695
      vertex 4.6656249999999995 -15.228125 2.6936998496878477
    endloop
  endfacet
  facet normal 0.5 6.36780208869213e-18 -0.8660254037844386
    outer loop
      vertex -4.6656249999999995 -12.25 2.6936998496878477
      vertex 0 -12.25 5.387399699375695
      vertex 0 -15.228125 5.387399699375695
    endloop
  endfacet
  facet normal -0.5 -6.36780208869213e-18 -0.8660254037844386
    outer loop
      vertex 0 -12.25 5.387399699375695
      vertex 4.6656249999999995 -12.25 2.6936998496878477
      vertex 4.6656249999999995 -15.228125 2.6936998496878477
    endloop
  endfacet
  facet normal -0.5 0 -0.8660254037844386
    outer loop
      vertex 0 -15.228125 5.387399699375695
      vertex 0 -12.25 5.387399699375695
      vertex 4.6656249999999995 -15.228125 2.6936998496878477
    endloop
  endfacet
  facet normal -1 0 0
    outer loop
      vertex 4.6656249999999995 -12.25 -2.6936998496878477
      vertex 4.6656249999999995 -15.228125 2.6936998496878477
      vertex 4.6656249999999995 -12.25 2.6936998496878477
    endloop
  endfacet
  facet normal 1 0 0
    outer loop
      vertex 35.334375 -2.6936998496878477 11.321949485944284
      vertex 35.334375 2.6936998496878477 12.25
      vertex 35.334375 -2.6936998496878477 12.25
    endloop
  endfacet
  facet normal 0.5000000000000001 0.8660254037844386 0
    outer loop
      vertex 35.334375 -2.6936998496878477 11.321949485944284
      vertex 35.334375 -2.6936998496878477 12.25
      vertex 40 -5.387399699375695 12.25
    endloop
  endfacet
  facet normal -0.5000000000000001 0.8660254037844386 -1.0279694088669045e-16
    outer loop
      vertex 40 -5.387399699375695 12.25
      vertex 44.665625 -2.6936998496878477 12.25
      vertex 44.665625 -2.6936998496878477 11.321949485944284
    endloop
  endfacet
  facet normal -1 0 0
    outer loop
      vertex 44.665625 -2.6936998496878477 11.321949485944284
      vertex 44.665625 -2.6936998496878477 12.25
      vertex 44.665625 2.6936998496878477 11.321949485944284
    endloop
  endfacet
  facet normal 1 0 0
    outer loop
      vertex 35.334375 -2.6936998496878477 11.321949485944284
      vertex 35.334375 2.6936998496878477 11.321949485944284
      vertex 35.334375 2.6936998496878477 12.25
    endloop
  endfacet
  facet normal 0.5000000000000001 -0.8660254037844386 0
    outer loop
      vertex 35.334375 2.6936998496878477 11.321949485944284
      vertex 40 5.387399699375695 12.25
      vertex 35.334375 2.6936998496878477 12.25
    endloop
  endfacet
  facet normal -1 0 0
    outer loop
      vertex 44.665625 -2.6936998496878477 12.25
      vertex 44.665625 2.6936998496878477 12.25
      vertex 44.665625 2.6936998496878477 11.321949485944284
    endloop
  endfacet
  facet normal -0.5000000000000001 -0.8660254037844386 1.0279694088669045e-16
    outer loop
      vertex 40 5.387399699375695 12.25
      vertex 44.665625 2.6936998496878477 11.321949485944284
      vertex 44.665625 2.6936998496878477 12.25
    endloop
  endfacet
  facet normal 1 0 0
    outer loop
      vertex 35.334375 -2.6936998496878477 -12.25
      vertex 35.334375 2.6936998496878477 -11.321949485944284
      vertex 35.334375 -2.6936998496878477 -11.321949485944284
    endloop
  endfacet
  facet normal 0.5000000000000001 0.8660254037844386 0
    outer loop
      vertex 35.334375 -2.6936998496878477 -12.25
      vertex 35.334375 -2.6936998496878477 -11.321949485944284
      vertex 40 -5.387399699375695 -12.25
    endloop
  endfacet
  facet normal -0.5000000000000001 0.8660254037844386 -1.0279694088669045e-16
    outer loop
      vertex 40 -5.387399699375695 -12.25
      vertex 44.665625 -2.6936998496878477 -11.321949485944284
      vertex 44.665625 -2.6936998496878477 -12.25
    endloop
  endfacet
  facet normal -1 0 0
    outer loop
      vertex 44.665625 -2.6936998496878477 -12.25
      vertex 44.665625 -2.6936998496878477 -11.321949485944284
      vertex 44.665625 2.6936998496878477 -12.25
    endloop
  endfacet
  facet normal 1 0 0
    outer loop
      vertex 35.334375 -2.6936998496878477 -12.25
      vertex 35.334375 2.6936998496878477 -12.25
      vertex 35.334375 2.6936998496878477 -11.321949485944284
    endloop
  endfacet
  facet normal 0.5000000000000001 -0.8660254037844386 0
    outer loop
      vertex 35.334375 2.6936998496878477 -12.25
      vertex 40 5.387399699375695 -12.25
      vertex 35.334375 2.6936998496878477 -11.321949485944284
    endloop
  endfacet
  facet normal -1 0 0
    outer loop
      vertex 44.665625 -2.6936998496878477 -11.321949485944284
      vertex 44.665625 2.6936998496878477 -11.321949485944284
      vertex 44.665625 2.6936998496878477 -12.25
    endloop
  endfacet
  facet normal -0.5000000000000001 -0.8660254037844386 1.0279694088669045e-16
    outer loop
      vertex 40 5.387399699375695 -12.25
      vertex 44.665625 2.6936998496878477 -12.25
      vertex 44.665625 2.6936998496878477 -11.321949485944284
    endloop
  endfacet
  facet normal 0.5 0 0.8660254037844386
    outer loop
      vertex -4.6656249999999995 11.321949485944284 -2.6936998496878477
      vertex 0 12.25 -5.387399699375695
      vertex -4.6656249999999995 12.25 -2.6936998496878477
    endloop
  endfacet
  facet normal 1 0 0
    outer loop
      vertex -4.6656249999999995 11.321949485944284 -2.6936998496878477
      vertex -4.6656249999999995 12.25 -2.6936998496878477
      vertex -4.6656249999999995 11.321949485944284 2.6936998496878477
    endloop
  endfacet
  facet normal -0.5 2.0434351695480803e-17 0.8660254037844386
    outer loop
      vertex 0 12.25 -5.387399699375695
      vertex 4.6656249999999995 11.321949485944284 -2.6936998496878477
      vertex 4.6656249999999995 12.25 -2.6936998496878477
    endloop
  endfacet
  facet normal -1 0 0
    outer loop
      vertex 4.6656249999999995 11.321949485944284 -2.6936998496878477
      vertex 4.6656249999999995 12.25 2.6936998496878477
      vertex 4.6656249999999995 12.25 -2.6936998496878477
    endloop
  endfacet
  facet normal 1 0 0
    outer loop
      vertex -4.6656249999999995 12.25 -2.6936998496878477
      vertex -4.6656249999999995 12.25 2.6936998496878477
      vertex -4.6656249999999995 11.321949485944284 2.6936998496878477
    endloop
  endfacet
  facet normal 0.5 0 -0.8660254037844386
    outer loop
      vertex -4.6656249999999995 11.321949485944284 2.6936998496878477
      vertex -4.6656249999999995 12.25 2.6936998496878477
      vertex 0 12.25 5.387399699375695
    endloop
  endfacet
  facet normal -0.5 -2.0434351695480803e-17 -0.8660254037844386
    outer loop
      vertex 0 12.25 5.387399699375695
      vertex 4.6656249999999995 12.25 2.6936998496878477
      vertex 4.6656249999999995 11.321949485944284 2.6936998496878477
    endloop
  endfacet
  facet normal -1 0 0
    outer loop
      vertex 4.6656249999999995 11.321949485944284 -2.6936998496878477
      vertex 4.6656249999999995 11.321949485944284 2.6936998496878477
      vertex 4.6656249999999995 12.25 2.6936998496878477
    endloop
  endfacet
  facet normal 0.5 0 0.8660254037844386
    outer loop
      vertex -4.6656249999999995 -12.25 -2.6936998496878477
      vertex 0 -12.25 -5.387399699375695
      vertex -4.6656249999999995 -11.321949485944284 -2.6936998496878477
    endloop
  endfacet
  facet normal 1 0 0
    outer loop
      vertex -4.6656249999999995 -12.25 -2.6936998496878477
      vertex -4.6656249999999995 -11.321949485944284 -2.6936998496878477
      vertex -4.6656249999999995 -12.25 2.6936998496878477
    endloop
  endfacet
  facet normal -0.5 2.0434351695480803e-17 0.8660254037844386
    outer loop
      vertex 0 -12.25 -5.387399699375695
      vertex 4.6656249999999995 -12.25 -2.6936998496878477
      vertex 4.6656249999999995 -11.321949485944284 -2.6936998496878477
    endloop
  endfacet
  facet normal -1 0 0
    outer loop
      vertex 4.6656249999999995 -12.25 -2.6936998496878477
      vertex 4.6656249999999995 -11.321949485944284 2.6936998496878477
      vertex 4.6656249999999995 -11.321949485944284 -2.6936998496878477
    endloop
  endfacet
  facet normal 1 0 0
    outer loop
      vertex -4.6656249999999995 -11.321949485944284 -2.6936998496878477
      vertex -4.6656249999999995 -11.321949485944284 2.6936998496878477
      vertex -4.6656249999999995 -12.25 2.6936998496878477
    endloop
  endfacet
  facet normal 0.5 0 -0.8660254037844386
    outer loop
      vertex -4.6656249999999995 -12.25 2.6936998496878477
      vertex -4.6656249999999995 -11.321949485944284 2.6936998496878477
      vertex 0 -12.25 5.387399699375695
    endloop
  endfacet
  facet normal -0.5 -2.0434351695480803e-17 -0.8660254037844386
    outer loop
      vertex 0 -12.25 5.387399699375695
      vertex 4.6656249999999995 -11.321949485944284 2.6936998496878477
      vertex 4.6656249999999995 -12.25 2.6936998496878477
    endloop
  endfacet
  facet normal -1 0 0
    outer loop
      vertex 4.6656249999999995 -12.25 -2.6936998496878477
      vertex 4.6656249999999995 -12.25 2.6936998496878477
      vertex 4.6656249999999995 -11.321949485944284 2.6936998496878477
    endloop
  endfacet
  facet normal 0.30901699437494723 0.9510565162951538 0
    outer loop
      vertex 38.30644374183231 -2.330980215042817 15.228125
      vertex 38.30644374183231 -2.330980215042817 19.9128625
      vertex 40 -2.8812499999999996 15.228125
    endloop
  endfacet
  facet normal 0.8090169943749485 0.5877852522924718 0
    outer loop
      vertex 37.25976841242459 -0.8903552150428171 15.228125
      vertex 37.25976841242459 -0.8903552150428171 19.9128625
      vertex 38.30644374183231 -2.330980215042817 15.228125
    endloop
  endfacet
  facet normal -0.30901699437494723 0.9510565162951538 0
    outer loop
      vertex 40 -2.8812499999999996 15.228125
      vertex 40 -2.8812499999999996 19.9128625
      vertex 41.69355625816769 -2.330980215042817 15.228125
    endloop
  endfacet
  facet normal 0.8090169943749485 0.5877852522924718 -2.4847291168217477e-19
    outer loop
      vertex 37.25976841242459 -0.8903552150428171 19.9128625
      vertex 38.30644374183231 -2.330980215042817 19.9128625
      vertex 38.30644374183231 -2.330980215042817 15.228125
    endloop
  endfacet
  facet normal 1 0 0
    outer loop
      vertex 37.25976841242459 -0.8903552150428171 15.228125
      vertex 37.25976841242459 0.8903552150428171 19.9128625
      vertex 37.25976841242459 -0.8903552150428171 19.9128625
    endloop
  endfacet
  facet normal 0.30901699437494723 0.9510565162951538 0
    outer loop
      vertex 40 -2.8812499999999996 15.228125
      vertex 38.30644374183231 -2.330980215042817 19.9128625
      vertex 40 -2.8812499999999996 19.9128625
    endloop
  endfacet
  facet normal -0.30901699437494723 0.9510565162951538 -6.53998807986534e-18
    outer loop
      vertex 40 -2.8812499999999996 19.9128625
      vertex 41.69355625816769 -2.330980215042817 19.9128625
      vertex 41.69355625816769 -2.330980215042817 15.228125
    endloop
  endfacet
  facet normal -0.8090169943749485 0.5877852522924718 0
    outer loop
      vertex 41.69355625816769 -2.330980215042817 15.228125
      vertex 41.69355625816769 -2.330980215042817 19.9128625
      vertex 42.74023158757541 -0.8903552150428171 15.228125
    endloop
  endfacet
  facet normal -1 0 0
    outer loop
      vertex 42.74023158757541 -0.8903552150428171 15.228125
      vertex 42.74023158757541 -0.8903552150428171 19.9128625
      vertex 42.74023158757541 0.8903552150428171 15.228125
    endloop
  endfacet
  facet normal -0.8090169943749485 0.5877852522924718 2.4847291168217477e-19
    outer loop
      vertex 41.69355625816769 -2.330980215042817 19.9128625
      vertex 42.74023158757541 -0.8903552150428171 19.9128625
      vertex 42.74023158757541 -0.8903552150428171 15.228125
    endloop
  endfacet
  facet normal 1 0 0
    outer loop
      vertex 37.25976841242459 -0.8903552150428171 15.228125
      vertex 37.25976841242459 0.8903552150428171 15.228125
      vertex 37.25976841242459 0.8903552150428171 19.9128625
    endloop
  endfacet
  facet normal 0.8090169943749485 -0.5877852522924718 2.4847291168217477e-19
    outer loop
      vertex 37.25976841242459 0.8903552150428171 15.228125
      vertex 38.30644374183231 2.330980215042817 15.228125
      vertex 38.30644374183231 2.330980215042817 19.9128625
    endloop
  endfacet
  facet normal 0.30901699437494723 -0.9510565162951538 -6.53998807986534e-18
    outer loop
      vertex 38.30644374183231 2.330980215042817 15.228125
      vertex 40 2.8812499999999996 15.228125
      vertex 40 2.8812499999999996 19.9128625
    endloop
  endfacet
  facet normal -0.30901699437494723 -0.9510565162951538 6.53998807986534e-18
    outer loop
      vertex 40 2.8812499999999996 15.228125
      vertex 41.69355625816769 2.330980215042817 15.228125
      vertex 41.69355625816769 2.330980215042817 19.9128625
    endloop
  endfacet
  facet normal 0.8090169943749485 -0.5877852522924718 0
    outer loop
      vertex 37.25976841242459 0.8903552150428171 15.228125
      vertex 38.30644374183231 2.330980215042817 19.9128625
      vertex 37.25976841242459 0.8903552150428171 19.9128625
    endloop
  endfacet
  facet normal 0.30901699437494723 -0.9510565162951538 0
    outer loop
      vertex 38.30644374183231 2.330980215042817 15.228125
      vertex 40 2.8812499999999996 19.9128625
      vertex 38.30644374183231 2.330980215042817 19.9128625
    endloop
  endfacet
  facet normal -0.30901699437494723 -0.9510565162951538 0
    outer loop
      vertex 40 2.8812499999999996 15.228125
      vertex 41.69355625816769 2.330980215042817 19.9128625
      vertex 40 2.8812499999999996 19.9128625
    endloop
  endfacet
  facet normal -0.8090169943749485 -0.5877852522924718 -2.4847291168217477e-19
    outer loop
      vertex 41.69355625816769 2.330980215042817 15.228125
      vertex 42.74023158757541 0.8903552150428171 15.228125
      vertex 42.74023158757541 0.8903552150428171 19.9128625
    endloop
  endfacet
  facet normal -1 0 0
    outer loop
      vertex 42.74023158757541 -0.8903552150428171 19.9128625
      vertex 42.74023158757541 0.8903552150428171 19.9128625
      vertex 42.74023158757541 0.8903552150428171 15.228125
    endloop
  endfacet
  facet normal -0.8090169943749485 -0.5877852522924718 0
    outer loop
      vertex 41.69355625816769 2.330980215042817 15.228125
      vertex 42.74023158757541 0.8903552150428171 19.9128625
      vertex 41.69355625816769 2.330980215042817 19.9128625
    endloop
  endfacet
  facet normal 0.30901699437494723 0.9510565162951538 0
    outer loop
      vertex 38.30644374183231 -2.330980215042817 -19.9128625
      vertex 38.30644374183231 -2.330980215042817 -15.228125
      vertex 40 -2.8812499999999996 -19.9128625
    endloop
  endfacet
  facet normal 0.8090169943749485 0.5877852522924718 0
    outer loop
      vertex 37.25976841242459 -0.8903552150428171 -19.9128625
      vertex 37.25976841242459 -0.8903552150428171 -15.228125
      vertex 38.30644374183231 -2.330980215042817 -19.9128625
    endloop
  endfacet
  facet normal -0.30901699437494723 0.9510565162951538 0
    outer loop
      vertex 40 -2.8812499999999996 -19.9128625
      vertex 40 -2.8812499999999996 -15.228125
      vertex 41.69355625816769 -2.330980215042817 -19.9128625
    endloop
  endfacet
  facet normal 0.8090169943749485 0.5877852522924718 -2.4847291168217477e-19
    outer loop
      vertex 37.25976841242459 -0.8903552150428171 -15.228125
      vertex 38.30644374183231 -2.330980215042817 -15.228125
      vertex 38.30644374183231 -2.330980215042817 -19.9128625
    endloop
  endfacet
  facet normal 1 0 0
    outer loop
      vertex 37.25976841242459 -0.8903552150428171 -19.9128625
      vertex 37.25976841242459 0.8903552150428171 -15.228125
      vertex 37.25976841242459 -0.8903552150428171 -15.228125
    endloop
  endfacet
  facet normal 0.30901699437494723 0.9510565162951538 0
    outer loop
      vertex 40 -2.8812499999999996 -19.9128625
      vertex 38.30644374183231 -2.330980215042817 -15.228125
      vertex 40 -2.8812499999999996 -15.228125
    endloop
  endfacet
  facet normal -0.30901699437494723 0.9510565162951538 -6.53998807986534e-18
    outer loop
      vertex 40 -2.8812499999999996 -15.228125
      vertex 41.69355625816769 -2.330980215042817 -15.228125
      vertex 41.69355625816769 -2.330980215042817 -19.9128625
    endloop
  endfacet
  facet normal -0.8090169943749485 0.5877852522924718 0
    outer loop
      vertex 41.69355625816769 -2.330980215042817 -19.9128625
      vertex 41.69355625816769 -2.330980215042817 -15.228125
      vertex 42.74023158757541 -0.8903552150428171 -19.9128625
    endloop
  endfacet
  facet normal -1 0 0
    outer loop
      vertex 42.74023158757541 -0.8903552150428171 -19.9128625
      vertex 42.74023158757541 -0.8903552150428171 -15.228125
      vertex 42.74023158757541 0.8903552150428171 -19.9128625
    endloop
  endfacet
  facet normal -0.8090169943749485 0.5877852522924718 2.4847291168217477e-19
    outer loop
      vertex 41.69355625816769 -2.330980215042817 -15.228125
      vertex 42.74023158757541 -0.8903552150428171 -15.228125
      vertex 42.74023158757541 -0.8903552150428171 -19.9128625
    endloop
  endfacet
  facet normal 1 0 0
    outer loop
      vertex 37.25976841242459 -0.8903552150428171 -19.9128625
      vertex 37.25976841242459 0.8903552150428171 -19.9128625
      vertex 37.25976841242459 0.8903552150428171 -15.228125
    endloop
  endfacet
  facet normal 0.8090169943749485 -0.5877852522924718 2.4847291168217477e-19
    outer loop
      vertex 37.25976841242459 0.8903552150428171 -19.9128625
      vertex 38.30644374183231 2.330980215042817 -19.9128625
      vertex 38.30644374183231 2.330980215042817 -15.228125
    endloop
  endfacet
  facet normal 0.30901699437494723 -0.9510565162951538 -6.53998807986534e-18
    outer loop
      vertex 38.30644374183231 2.330980215042817 -19.9128625
      vertex 40 2.8812499999999996 -19.9128625
      vertex 40 2.8812499999999996 -15.228125
    endloop
  endfacet
  facet normal -0.30901699437494723 -0.9510565162951538 6.53998807986534e-18
    outer loop
      vertex 40 2.8812499999999996 -19.9128625
      vertex 41.69355625816769 2.330980215042817 -19.9128625
      vertex 41.69355625816769 2.330980215042817 -15.228125
    endloop
  endfacet
  facet normal 0.8090169943749485 -0.5877852522924718 0
    outer loop
      vertex 37.25976841242459 0.8903552150428171 -19.9128625
      vertex 38.30644374183231 2.330980215042817 -15.228125
      vertex 37.25976841242459 0.8903552150428171 -15.228125
    endloop
  endfacet
  facet normal 0.30901699437494723 -0.9510565162951538 0
    outer loop
      vertex 38.30644374183231 2.330980215042817 -19.9128625
      vertex 40 2.8812499999999996 -15.228125
      vertex 38.30644374183231 2.330980215042817 -15.228125
    endloop
  endfacet
  facet normal -0.30901699437494723 -0.9510565162951538 0
    outer loop
      vertex 40 2.8812499999999996 -19.9128625
      vertex 41.69355625816769 2.330980215042817 -15.228125
      vertex 40 2.8812499999999996 -15.228125
    endloop
  endfacet
  facet normal -0.8090169943749485 -0.5877852522924718 -2.4847291168217477e-19
    outer loop
      vertex 41.69355625816769 2.330980215042817 -19.9128625
      vertex 42.74023158757541 0.8903552150428171 -19.9128625
      vertex 42.74023158757541 0.8903552150428171 -15.228125
    endloop
  endfacet
  facet normal -1 0 0
    outer loop
      vertex 42.74023158757541 -0.8903552150428171 -15.228125
      vertex 42.74023158757541 0.8903552150428171 -15.228125
      vertex 42.74023158757541 0.8903552150428171 -19.9128625
    endloop
  endfacet
  facet normal -0.8090169943749485 -0.5877852522924718 0
    outer loop
      vertex 41.69355625816769 2.330980215042817 -19.9128625
      vertex 42.74023158757541 0.8903552150428171 -15.228125
      vertex 41.69355625816769 2.330980215042817 -15.228125
    endloop
  endfacet
  facet normal 0.8090169943749476 1.0148853937155996e-17 0.587785252292473
    outer loop
      vertex -2.7402315875754106 15.228125 -0.8903552150428171
      vertex -1.693556258167688 15.228125 -2.330980215042817
      vertex -1.693556258167688 19.9128625 -2.330980215042817
    endloop
  endfacet
  facet normal 1 0 0
    outer loop
      vertex -2.7402315875754106 15.228125 -0.8903552150428171
      vertex -2.7402315875754106 19.9128625 -0.8903552150428171
      vertex -2.7402315875754106 15.228125 0.8903552150428171
    endloop
  endfacet
  facet normal 0.8090169943749476 0 0.587785252292473
    outer loop
      vertex -2.7402315875754106 15.228125 -0.8903552150428171
      vertex -1.693556258167688 19.9128625 -2.330980215042817
      vertex -2.7402315875754106 19.9128625 -0.8903552150428171
    endloop
  endfacet
  facet normal 0.3090169943749474 -7.839656094340383e-20 0.9510565162951538
    outer loop
      vertex -1.693556258167688 15.228125 -2.330980215042817
      vertex 0 15.228125 -2.8812499999999996
      vertex 0 19.9128625 -2.8812499999999996
    endloop
  endfacet
  facet normal -0.3090169943749474 7.839656094340383e-20 0.9510565162951538
    outer loop
      vertex 0 15.228125 -2.8812499999999996
      vertex 1.693556258167688 15.228125 -2.330980215042817
      vertex 1.693556258167688 19.9128625 -2.330980215042817
    endloop
  endfacet
  facet normal -0.8090169943749476 -1.0148853937155996e-17 0.587785252292473
    outer loop
      vertex 1.693556258167688 15.228125 -2.330980215042817
      vertex 2.7402315875754106 15.228125 -0.8903552150428171
      vertex 2.7402315875754106 19.9128625 -0.8903552150428171
    endloop
  endfacet
  facet normal 0.3090169943749474 0 0.9510565162951538
    outer loop
      vertex -1.693556258167688 15.228125 -2.330980215042817
      vertex 0 19.9128625 -2.8812499999999996
      vertex -1.693556258167688 19.9128625 -2.330980215042817
    endloop
  endfacet
  facet normal -0.3090169943749474 0 0.9510565162951538
    outer loop
      vertex 0 15.228125 -2.8812499999999996
      vertex 1.693556258167688 19.9128625 -2.330980215042817
      vertex 0 19.9128625 -2.8812499999999996
    endloop
  endfacet
  facet normal -0.8090169943749476 0 0.587785252292473
    outer loop
      vertex 1.693556258167688 15.228125 -2.330980215042817
      vertex 2.7402315875754106 19.9128625 -0.8903552150428171
      vertex 1.693556258167688 19.9128625 -2.330980215042817
    endloop
  endfacet
  facet normal -1 0 0
    outer loop
      vertex 2.7402315875754106 15.228125 -0.8903552150428171
      vertex 2.7402315875754106 19.9128625 0.8903552150428171
      vertex 2.7402315875754106 19.9128625 -0.8903552150428171
    endloop
  endfacet
  facet normal 0.8090169943749476 0 -0.587785252292473
    outer loop
      vertex -2.7402315875754106 15.228125 0.8903552150428171
      vertex -2.7402315875754106 19.9128625 0.8903552150428171
      vertex -1.693556258167688 15.228125 2.330980215042817
    endloop
  endfacet
  facet normal 1 0 0
    outer loop
      vertex -2.7402315875754106 19.9128625 -0.8903552150428171
      vertex -2.7402315875754106 19.9128625 0.8903552150428171
      vertex -2.7402315875754106 15.228125 0.8903552150428171
    endloop
  endfacet
  facet normal 0.8090169943749476 -1.0148853937155996e-17 -0.587785252292473
    outer loop
      vertex -2.7402315875754106 19.9128625 0.8903552150428171
      vertex -1.693556258167688 19.9128625 2.330980215042817
      vertex -1.693556258167688 15.228125 2.330980215042817
    endloop
  endfacet
  facet normal 0.3090169943749474 0 -0.9510565162951538
    outer loop
      vertex -1.693556258167688 15.228125 2.330980215042817
      vertex -1.693556258167688 19.9128625 2.330980215042817
      vertex 0 15.228125 2.8812499999999996
    endloop
  endfacet
  facet normal -0.3090169943749474 0 -0.9510565162951538
    outer loop
      vertex 0 15.228125 2.8812499999999996
      vertex 0 19.9128625 2.8812499999999996
      vertex 1.693556258167688 15.228125 2.330980215042817
    endloop
  endfacet
  facet normal -1 0 0
    outer loop
      vertex 2.7402315875754106 15.228125 -0.8903552150428171
      vertex 2.7402315875754106 15.228125 0.8903552150428171
      vertex 2.7402315875754106 19.9128625 0.8903552150428171
    endloop
  endfacet
  facet normal -0.8090169943749476 0 -0.587785252292473
    outer loop
      vertex 1.693556258167688 15.228125 2.330980215042817
      vertex 1.693556258167688 19.9128625 2.330980215042817
      vertex 2.7402315875754106 15.228125 0.8903552150428171
    endloop
  endfacet
  facet normal 0.3090169943749474 7.839656094340383e-20 -0.9510565162951538
    outer loop
      vertex -1.693556258167688 19.9128625 2.330980215042817
      vertex 0 19.9128625 2.8812499999999996
      vertex 0 15.228125 2.8812499999999996
    endloop
  endfacet
  facet normal -0.8090169943749476 1.0148853937155996e-17 -0.587785252292473
    outer loop
      vertex 1.693556258167688 19.9128625 2.330980215042817
      vertex 2.7402315875754106 19.9128625 0.8903552150428171
      vertex 2.7402315875754106 15.228125 0.8903552150428171
    endloop
  endfacet
  facet normal -0.3090169943749474 0 -0.9510565162951538
    outer loop
      vertex 1.693556258167688 15.228125 2.330980215042817
      vertex 0 19.9128625 2.8812499999999996
      vertex 1.693556258167688 19.9128625 2.330980215042817
    endloop
  endfacet
  facet normal 0.8090169943749476 1.0148853937155996e-17 0.587785252292473
    outer loop
      vertex -2.7402315875754106 -19.9128625 -0.8903552150428171
      vertex -1.693556258167688 -19.9128625 -2.330980215042817
      vertex -1.693556258167688 -15.228125 -2.330980215042817
    endloop
  endfacet
  facet normal 1 0 0
    outer loop
      vertex -2.7402315875754106 -19.9128625 -0.8903552150428171
      vertex -2.7402315875754106 -15.228125 -0.8903552150428171
      vertex -2.7402315875754106 -19.9128625 0.8903552150428171
    endloop
  endfacet
  facet normal 0.8090169943749476 0 0.587785252292473
    outer loop
      vertex -2.7402315875754106 -19.9128625 -0.8903552150428171
      vertex -1.693556258167688 -15.228125 -2.330980215042817
      vertex -2.7402315875754106 -15.228125 -0.8903552150428171
    endloop
  endfacet
  facet normal 0.3090169943749474 -7.839656094340383e-20 0.9510565162951538
    outer loop
      vertex -1.693556258167688 -19.9128625 -2.330980215042817
      vertex 0 -19.9128625 -2.8812499999999996
      vertex 0 -15.228125 -2.8812499999999996
    endloop
  endfacet
  facet normal -0.3090169943749474 7.839656094340383e-20 0.9510565162951538
    outer loop
      vertex 0 -19.9128625 -2.8812499999999996
      vertex 1.693556258167688 -19.9128625 -2.330980215042817
      vertex 1.693556258167688 -15.228125 -2.330980215042817
    endloop
  endfacet
  facet normal -0.8090169943749476 -1.0148853937155996e-17 0.587785252292473
    outer loop
      vertex 1.693556258167688 -19.9128625 -2.330980215042817
      vertex 2.7402315875754106 -19.9128625 -0.8903552150428171
      vertex 2.7402315875754106 -15.228125 -0.8903552150428171
    endloop
  endfacet
  facet normal 0.3090169943749474 0 0.9510565162951538
    outer loop
      vertex -1.693556258167688 -19.9128625 -2.330980215042817
      vertex 0 -15.228125 -2.8812499999999996
      vertex -1.693556258167688 -15.228125 -2.330980215042817
    endloop
  endfacet
  facet normal -0.3090169943749474 0 0.9510565162951538
    outer loop
      vertex 0 -19.9128625 -2.8812499999999996
      vertex 1.693556258167688 -15.228125 -2.330980215042817
      vertex 0 -15.228125 -2.8812499999999996
    endloop
  endfacet
  facet normal -0.8090169943749476 0 0.587785252292473
    outer loop
      vertex 1.693556258167688 -19.9128625 -2.330980215042817
      vertex 2.7402315875754106 -15.228125 -0.8903552150428171
      vertex 1.693556258167688 -15.228125 -2.330980215042817
    endloop
  endfacet
  facet normal -1 0 0
    outer loop
      vertex 2.7402315875754106 -19.9128625 -0.8903552150428171
      vertex 2.7402315875754106 -15.228125 0.8903552150428171
      vertex 2.7402315875754106 -15.228125 -0.8903552150428171
    endloop
  endfacet
  facet normal 0.8090169943749476 0 -0.587785252292473
    outer loop
      vertex -2.7402315875754106 -19.9128625 0.8903552150428171
      vertex -2.7402315875754106 -15.228125 0.8903552150428171
      vertex -1.693556258167688 -19.9128625 2.330980215042817
    endloop
  endfacet
  facet normal 1 0 0
    outer loop
      vertex -2.7402315875754106 -15.228125 -0.8903552150428171
      vertex -2.7402315875754106 -15.228125 0.8903552150428171
      vertex -2.7402315875754106 -19.9128625 0.8903552150428171
    endloop
  endfacet
  facet normal 0.8090169943749476 -1.0148853937155996e-17 -0.587785252292473
    outer loop
      vertex -2.7402315875754106 -15.228125 0.8903552150428171
      vertex -1.693556258167688 -15.228125 2.330980215042817
      vertex -1.693556258167688 -19.9128625 2.330980215042817
    endloop
  endfacet
  facet normal 0.3090169943749474 0 -0.9510565162951538
    outer loop
      vertex -1.693556258167688 -19.9128625 2.330980215042817
      vertex -1.693556258167688 -15.228125 2.330980215042817
      vertex 0 -19.9128625 2.8812499999999996
    endloop
  endfacet
  facet normal -0.3090169943749474 0 -0.9510565162951538
    outer loop
      vertex 0 -19.9128625 2.8812499999999996
      vertex 0 -15.228125 2.8812499999999996
      vertex 1.693556258167688 -19.9128625 2.330980215042817
    endloop
  endfacet
  facet normal -1 0 0
    outer loop
      vertex 2.7402315875754106 -19.9128625 -0.8903552150428171
      vertex 2.7402315875754106 -19.9128625 0.8903552150428171
      vertex 2.7402315875754106 -15.228125 0.8903552150428171
    endloop
  endfacet
  facet normal -0.8090169943749476 0 -0.587785252292473
    outer loop
      vertex 1.693556258167688 -19.9128625 2.330980215042817
      vertex 1.693556258167688 -15.228125 2.330980215042817
      vertex 2.7402315875754106 -19.9128625 0.8903552150428171
    endloop
  endfacet
  facet normal 0.3090169943749474 7.839656094340383e-20 -0.9510565162951538
    outer loop
      vertex -1.693556258167688 -15.228125 2.330980215042817
      vertex 0 -15.228125 2.8812499999999996
      vertex 0 -19.9128625 2.8812499999999996
    endloop
  endfacet
  facet normal -0.8090169943749476 1.0148853937155996e-17 -0.587785252292473
    outer loop
      vertex 1.693556258167688 -15.228125 2.330980215042817
      vertex 2.7402315875754106 -15.228125 0.8903552150428171
      vertex 2.7402315875754106 -19.9128625 0.8903552150428171
    endloop
  endfacet
  facet normal -0.3090169943749474 0 -0.9510565162951538
    outer loop
      vertex 1.693556258167688 -19.9128625 2.330980215042817
      vertex 0 -15.228125 2.8812499999999996
      vertex 1.693556258167688 -15.228125 2.330980215042817
    endloop
  endfacet
  facet normal 0.7660444431189786 0.6427876096865386 0
    outer loop
      vertex 35.087817307194285 -2.8360499999999997 19.9128625
      vertex 35.087817307194285 -2.8360499999999997 22.917997689785242
      vertex 36.35404439909698 -4.345080685815155 19.9128625
    endloop
  endfacet
  facet normal 0.7660444431189787 0.6427876096865386 0
    outer loop
      vertex 36.35404439909698 -4.345080685815155 19.9128625
      vertex 35.087817307194285 -2.8360499999999997 22.917997689785242
      vertex 36.35404439909698 -4.345080685815155 22.98142650514957
    endloop
  endfacet
  facet normal 0 0 1
    outer loop
      vertex 35.087817307194285 -2.8360499999999997 19.9128625
      vertex 37.25976841242459 -0.8903552150428171 19.9128625
      vertex 34.41407194413946 -0.9849498285445955 19.9128625
    endloop
  endfacet
  facet normal 0.939692620785909 0.34202014332566716 -1.3901231791131854e-17
    outer loop
      vertex 35.087817307194285 -2.8360499999999997 19.9128625
      vertex 34.41407194413946 -0.9849498285445955 19.9128625
      vertex 34.41407194413946 -0.9849498285445955 22.884247922062645
    endloop
  endfacet
  facet normal 0.9396926207859089 0.34202014332566716 0
    outer loop
      vertex 35.087817307194285 -2.8360499999999997 19.9128625
      vertex 34.41407194413946 -0.9849498285445955 22.884247922062645
      vertex 35.087817307194285 -2.8360499999999997 22.917997689785242
    endloop
  endfacet
  facet normal 1 0 0
    outer loop
      vertex 34.41407194413946 -0.9849498285445955 19.9128625
      vertex 34.41407194413946 0.9849498285445955 22.884247922062645
      vertex 34.41407194413946 -0.9849498285445955 22.884247922062645
    endloop
  endfacet
  facet normal 0 0 1
    outer loop
      vertex 36.35404439909698 -4.345080685815155 19.9128625
      vertex 38.06002754504247 -5.330030514359751 19.9128625
      vertex 41.93997245495753 -5.330030514359751 19.9128625
    endloop
  endfacet
  facet normal 0 0 1
    outer loop
      vertex 35.087817307194285 -2.8360499999999997 19.9128625
      vertex 36.35404439909698 -4.345080685815155 19.9128625
      vertex 43.64595560090302 -4.345080685815155 19.9128625
    endloop
  endfacet
  facet normal 0 0 1
    outer loop
      vertex 38.06002754504247 -5.330030514359751 19.9128625
      vertex 40 -5.6720999999999995 19.9128625
      vertex 41.93997245495753 -5.330030514359751 19.9128625
    endloop
  endfacet
  facet normal 0 0 1
    outer loop
      vertex 36.35404439909698 -4.345080685815155 19.9128625
      vertex 41.93997245495753 -5.330030514359751 19.9128625
      vertex 43.64595560090302 -4.345080685815155 19.9128625
    endloop
  endfacet
  facet normal 0 0 1
    outer loop
      vertex 35.087817307194285 -2.8360499999999997 19.9128625
      vertex 43.64595560090302 -4.345080685815155 19.9128625
      vertex 38.30644374183231 -2.330980215042817 19.9128625
    endloop
  endfacet
  facet normal 0 0 1
    outer loop
      vertex 38.30644374183231 -2.330980215042817 19.9128625
      vertex 43.64595560090302 -4.345080685815155 19.9128625
      vertex 40 -2.8812499999999996 19.9128625
    endloop
  endfacet
  facet normal 0.4999999999999998 0.8660254037844387 0
    outer loop
      vertex 36.35404439909698 -4.345080685815155 19.9128625
      vertex 36.35404439909698 -4.345080685815155 22.98142650514957
      vertex 38.06002754504247 -5.330030514359751 19.9128625
    endloop
  endfacet
  facet normal 0.17364817766692994 0.9848077530122081 0
    outer loop
      vertex 38.06002754504247 -5.330030514359751 19.9128625
      vertex 38.06002754504247 -5.330030514359751 23.066883916913074
      vertex 40 -5.6720999999999995 19.9128625
    endloop
  endfacet
  facet normal 0.4999999999999998 0.8660254037844387 0
    outer loop
      vertex 38.06002754504247 -5.330030514359751 19.9128625
      vertex 36.35404439909698 -4.345080685815155 22.98142650514957
      vertex 38.06002754504247 -5.330030514359751 23.066883916913074
    endloop
  endfacet
  facet normal -0.17364817766692994 0.9848077530122081 0
    outer loop
      vertex 40 -5.6720999999999995 19.9128625
      vertex 40 -5.6720999999999995 23.1640625
      vertex 41.93997245495753 -5.330030514359751 19.9128625
    endloop
  endfacet
  facet normal 0.17364817766692994 0.9848077530122081 0
    outer loop
      vertex 40 -5.6720999999999995 19.9128625
      vertex 38.06002754504247 -5.330030514359751 23.066883916913074
      vertex 40 -5.6720999999999995 23.1640625
    endloop
  endfacet
  facet normal -0.17364817766692994 0.9848077530122081 0
    outer loop
      vertex 41.93997245495753 -5.330030514359751 19.9128625
      vertex 40 -5.6720999999999995 23.1640625
      vertex 41.93997245495753 -5.330030514359751 22.77817798633307
    endloop
  endfacet
  facet normal 0 0 1
    outer loop
      vertex 35.087817307194285 -2.8360499999999997 19.9128625
      vertex 38.30644374183231 -2.330980215042817 19.9128625
      vertex 37.25976841242459 -0.8903552150428171 19.9128625
    endloop
  endfacet
  facet normal 0 0 1
    outer loop
      vertex 34.41407194413946 -0.9849498285445955 19.9128625
      vertex 37.25976841242459 -0.8903552150428171 19.9128625
      vertex 37.25976841242459 0.8903552150428171 19.9128625
    endloop
  endfacet
  facet normal 0 0 1
    outer loop
      vertex 40 -2.8812499999999996 19.9128625
      vertex 43.64595560090302 -4.345080685815155 19.9128625
      vertex 44.912182692805715 -2.8360499999999997 19.9128625
    endloop
  endfacet
  facet normal -0.49999999999999983 0.8660254037844388 0
    outer loop
      vertex 41.93997245495753 -5.330030514359751 19.9128625
      vertex 41.93997245495753 -5.330030514359751 22.77817798633307
      vertex 43.64595560090302 -4.345080685815155 19.9128625
    endloop
  endfacet
  facet normal -0.49999999999999983 0.8660254037844388 0
    outer loop
      vertex 43.64595560090302 -4.345080685815155 19.9128625
      vertex 41.93997245495753 -5.330030514359751 22.77817798633307
      vertex 43.64595560090302 -4.345080685815155 22.438836840063257
    endloop
  endfacet
  facet normal -0.7660444431189786 0.6427876096865386 0
    outer loop
      vertex 43.64595560090302 -4.345080685815155 19.9128625
      vertex 43.64595560090302 -4.345080685815155 22.438836840063257
      vertex 44.912182692805715 -2.8360499999999997 19.9128625
    endloop
  endfacet
  facet normal -0.7660444431189786 0.6427876096865385 0
    outer loop
      vertex 44.912182692805715 -2.8360499999999997 19.9128625
      vertex 43.64595560090302 -4.345080685815155 22.438836840063257
      vertex 44.912182692805715 -2.8360499999999997 22.18696861157263
    endloop
  endfacet
  facet normal 0 0 1
    outer loop
      vertex 40 -2.8812499999999996 19.9128625
      vertex 44.912182692805715 -2.8360499999999997 19.9128625
      vertex 41.69355625816769 -2.330980215042817 19.9128625
    endloop
  endfacet
  facet normal 0 0 1
    outer loop
      vertex 41.69355625816769 -2.330980215042817 19.9128625
      vertex 44.912182692805715 -2.8360499999999997 19.9128625
      vertex 45.58592805586054 -0.9849498285445955 19.9128625
    endloop
  endfacet
  facet normal 0 0 1
    outer loop
      vertex 41.69355625816769 -2.330980215042817 19.9128625
      vertex 45.58592805586054 -0.9849498285445955 19.9128625
      vertex 42.74023158757541 -0.8903552150428171 19.9128625
    endloop
  endfacet
  facet normal 0 0 1
    outer loop
      vertex 42.74023158757541 -0.8903552150428171 19.9128625
      vertex 45.58592805586054 -0.9849498285445955 19.9128625
      vertex 45.58592805586054 0.9849498285445955 19.9128625
    endloop
  endfacet
  facet normal -0.9396926207859089 0.34202014332566716 0
    outer loop
      vertex 44.912182692805715 -2.8360499999999997 19.9128625
      vertex 44.912182692805715 -2.8360499999999997 22.18696861157263
      vertex 45.58592805586054 -0.9849498285445955 19.9128625
    endloop
  endfacet
  facet normal -0.9396926207859089 0.34202014332566716 0
    outer loop
      vertex 45.58592805586054 -0.9849498285445955 19.9128625
      vertex 44.912182692805715 -2.8360499999999997 22.18696861157263
      vertex 45.58592805586054 -0.9849498285445955 22.05295232639633
    endloop
  endfacet
  facet normal -1 0 0
    outer loop
      vertex 45.58592805586054 -0.9849498285445955 19.9128625
      vertex 45.58592805586054 -0.9849498285445955 22.05295232639633
      vertex 45.58592805586054 0.9849498285445955 19.9128625
    endloop
  endfacet
  facet normal 0 0 1
    outer loop
      vertex 34.41407194413946 -0.9849498285445955 19.9128625
      vertex 37.25976841242459 0.8903552150428171 19.9128625
      vertex 34.41407194413946 0.9849498285445955 19.9128625
    endloop
  endfacet
  facet normal 0 0 1
    outer loop
      vertex 34.41407194413946 0.9849498285445955 19.9128625
      vertex 38.30644374183231 2.330980215042817 19.9128625
      vertex 35.087817307194285 2.8360499999999997 19.9128625
    endloop
  endfacet
  facet normal 1 0 0
    outer loop
      vertex 34.41407194413946 -0.9849498285445955 19.9128625
      vertex 34.41407194413946 0.9849498285445955 19.9128625
      vertex 34.41407194413946 0.9849498285445955 22.884247922062645
    endloop
  endfacet
  facet normal 0.9396926207859089 -0.34202014332566716 1.3745111246005158e-17
    outer loop
      vertex 34.41407194413946 0.9849498285445955 19.9128625
      vertex 35.087817307194285 2.8360499999999997 19.9128625
      vertex 35.087817307194285 2.8360499999999997 22.917997689785242
    endloop
  endfacet
  facet normal 0.939692620785909 -0.34202014332566716 0
    outer loop
      vertex 34.41407194413946 0.9849498285445955 19.9128625
      vertex 35.087817307194285 2.8360499999999997 22.917997689785242
      vertex 34.41407194413946 0.9849498285445955 22.884247922062645
    endloop
  endfacet
  facet normal 0.7660444431189787 -0.6427876096865386 -6.74629560729144e-18
    outer loop
      vertex 35.087817307194285 2.8360499999999997 19.9128625
      vertex 36.35404439909698 4.345080685815155 19.9128625
      vertex 36.35404439909698 4.345080685815155 22.98142650514957
    endloop
  endfacet
  facet normal 0.7660444431189786 -0.6427876096865386 0
    outer loop
      vertex 35.087817307194285 2.8360499999999997 19.9128625
      vertex 36.35404439909698 4.345080685815155 22.98142650514957
      vertex 35.087817307194285 2.8360499999999997 22.917997689785242
    endloop
  endfacet
  facet normal 0 0 1
    outer loop
      vertex 34.41407194413946 0.9849498285445955 19.9128625
      vertex 37.25976841242459 0.8903552150428171 19.9128625
      vertex 38.30644374183231 2.330980215042817 19.9128625
    endloop
  endfacet
  facet normal 0 0 1
    outer loop
      vertex 35.087817307194285 2.8360499999999997 19.9128625
      vertex 38.30644374183231 2.330980215042817 19.9128625
      vertex 40 2.8812499999999996 19.9128625
    endloop
  endfacet
  facet normal 0 0 1
    outer loop
      vertex 35.087817307194285 2.8360499999999997 19.9128625
      vertex 40 2.8812499999999996 19.9128625
      vertex 36.35404439909698 4.345080685815155 19.9128625
    endloop
  endfacet
  facet normal 0 0 1
    outer loop
      vertex 36.35404439909698 4.345080685815155 19.9128625
      vertex 40 2.8812499999999996 19.9128625
      vertex 41.69355625816769 2.330980215042817 19.9128625
    endloop
  endfacet
  facet normal 0 0 1
    outer loop
      vertex 36.35404439909698 4.345080685815155 19.9128625
      vertex 41.69355625816769 2.330980215042817 19.9128625
      vertex 44.912182692805715 2.8360499999999997 19.9128625
    endloop
  endfacet
  facet normal 0 0 1
    outer loop
      vertex 36.35404439909698 4.345080685815155 19.9128625
      vertex 43.64595560090302 4.345080685815155 19.9128625
      vertex 38.06002754504247 5.330030514359751 19.9128625
    endloop
  endfacet
  facet normal 0 0 1
    outer loop
      vertex 38.06002754504247 5.330030514359751 19.9128625
      vertex 41.93997245495753 5.330030514359751 19.9128625
      vertex 40 5.6720999999999995 19.9128625
    endloop
  endfacet
  facet normal 0 0 1
    outer loop
      vertex 38.06002754504247 5.330030514359751 19.9128625
      vertex 43.64595560090302 4.345080685815155 19.9128625
      vertex 41.93997245495753 5.330030514359751 19.9128625
    endloop
  endfacet
  facet normal 0.4999999999999998 -0.8660254037844387 3.14944963197262e-18
    outer loop
      vertex 36.35404439909698 4.345080685815155 19.9128625
      vertex 38.06002754504247 5.330030514359751 19.9128625
      vertex 38.06002754504247 5.330030514359751 23.066883916913074
    endloop
  endfacet
  facet normal 0.4999999999999998 -0.8660254037844387 0
    outer loop
      vertex 36.35404439909698 4.345080685815155 19.9128625
      vertex 38.06002754504247 5.330030514359751 23.066883916913074
      vertex 36.35404439909698 4.345080685815155 22.98142650514957
    endloop
  endfacet
  facet normal 0.17364817766692994 -0.9848077530122081 0
    outer loop
      vertex 38.06002754504247 5.330030514359751 19.9128625
      vertex 40 5.6720999999999995 23.1640625
      vertex 38.06002754504247 5.330030514359751 23.066883916913074
    endloop
  endfacet
  facet normal 0.17364817766692994 -0.9848077530122081 4.361526014796906e-18
    outer loop
      vertex 38.06002754504247 5.330030514359751 19.9128625
      vertex 40 5.6720999999999995 19.9128625
      vertex 40 5.6720999999999995 23.1640625
    endloop
  endfacet
  facet normal -0.17364817766692994 -0.9848077530122081 -4.9489117156362475e-18
    outer loop
      vertex 40 5.6720999999999995 19.9128625
      vertex 41.93997245495753 5.330030514359751 19.9128625
      vertex 41.93997245495753 5.330030514359751 22.77817798633307
    endloop
  endfacet
  facet normal -0.17364817766692994 -0.9848077530122081 0
    outer loop
      vertex 40 5.6720999999999995 19.9128625
      vertex 41.93997245495753 5.330030514359751 22.77817798633307
      vertex 40 5.6720999999999995 23.1640625
    endloop
  endfacet
  facet normal 0 0 1
    outer loop
      vertex 42.74023158757541 -0.8903552150428171 19.9128625
      vertex 45.58592805586054 0.9849498285445955 19.9128625
      vertex 42.74023158757541 0.8903552150428171 19.9128625
    endloop
  endfacet
  facet normal 0 0 1
    outer loop
      vertex 41.69355625816769 2.330980215042817 19.9128625
      vertex 42.74023158757541 0.8903552150428171 19.9128625
      vertex 44.912182692805715 2.8360499999999997 19.9128625
    endloop
  endfacet
  facet normal 0 0 1
    outer loop
      vertex 42.74023158757541 0.8903552150428171 19.9128625
      vertex 45.58592805586054 0.9849498285445955 19.9128625
      vertex 44.912182692805715 2.8360499999999997 19.9128625
    endloop
  endfacet
  facet normal -1 0 0
    outer loop
      vertex 45.58592805586054 0.9849498285445955 19.9128625
      vertex 45.58592805586054 -0.9849498285445955 22.05295232639633
      vertex 45.58592805586054 0.9849498285445955 22.05295232639633
    endloop
  endfacet
  facet normal -0.9396926207859089 -0.34202014332566716 -1.930102044475277e-17
    outer loop
      vertex 44.912182692805715 2.8360499999999997 19.9128625
      vertex 45.58592805586054 0.9849498285445955 19.9128625
      vertex 45.58592805586054 0.9849498285445955 22.05295232639633
    endloop
  endfacet
  facet normal -0.9396926207859089 -0.34202014332566716 0
    outer loop
      vertex 44.912182692805715 2.8360499999999997 19.9128625
      vertex 45.58592805586054 0.9849498285445955 22.05295232639633
      vertex 44.912182692805715 2.8360499999999997 22.18696861157263
    endloop
  endfacet
  facet normal 0 0 1
    outer loop
      vertex 36.35404439909698 4.345080685815155 19.9128625
      vertex 44.912182692805715 2.8360499999999997 19.9128625
      vertex 43.64595560090302 4.345080685815155 19.9128625
    endloop
  endfacet
  facet normal -0.7660444431189786 -0.6427876096865386 0
    outer loop
      vertex 43.64595560090302 4.345080685815155 19.9128625
      vertex 44.912182692805715 2.8360499999999997 22.18696861157263
      vertex 43.64595560090302 4.345080685815155 22.438836840063257
    endloop
  endfacet
  facet normal -0.49999999999999983 -0.8660254037844388 0
    outer loop
      vertex 41.93997245495753 5.330030514359751 19.9128625
      vertex 43.64595560090302 4.345080685815155 22.438836840063257
      vertex 41.93997245495753 5.330030514359751 22.77817798633307
    endloop
  endfacet
  facet normal -0.49999999999999983 -0.8660254037844388 -3.932514845135714e-18
    outer loop
      vertex 41.93997245495753 5.330030514359751 19.9128625
      vertex 43.64595560090302 4.345080685815155 19.9128625
      vertex 43.64595560090302 4.345080685815155 22.438836840063257
    endloop
  endfacet
  facet normal -0.7660444431189786 -0.6427876096865385 9.10311078418295e-18
    outer loop
      vertex 43.64595560090302 4.345080685815155 19.9128625
      vertex 44.912182692805715 2.8360499999999997 19.9128625
      vertex 44.912182692805715 2.8360499999999997 22.18696861157263
    endloop
  endfacet
  facet normal 0 1 0
    outer loop
      vertex -4.912182692805714 19.9128625 -2.8360499999999997
      vertex 0 19.9128625 -2.8812499999999996
      vertex -3.6459556009030187 19.9128625 -4.345080685815155
    endloop
  endfacet
  facet normal 0 1 0
    outer loop
      vertex -5.585928055860545 19.9128625 -0.9849498285445955
      vertex -5.585928055860545 19.9128625 0.9849498285445955
      vertex -2.7402315875754106 19.9128625 -0.8903552150428171
    endloop
  endfacet
  facet normal 0 1 0
    outer loop
      vertex -5.585928055860545 19.9128625 -0.9849498285445955
      vertex -1.693556258167688 19.9128625 -2.330980215042817
      vertex -4.912182692805714 19.9128625 -2.8360499999999997
    endloop
  endfacet
  facet normal 0 1 0
    outer loop
      vertex -4.912182692805714 19.9128625 -2.8360499999999997
      vertex -1.693556258167688 19.9128625 -2.330980215042817
      vertex 0 19.9128625 -2.8812499999999996
    endloop
  endfacet
  facet normal 0 1 0
    outer loop
      vertex -5.585928055860545 19.9128625 -0.9849498285445955
      vertex -2.7402315875754106 19.9128625 -0.8903552150428171
      vertex -1.693556258167688 19.9128625 -2.330980215042817
    endloop
  endfacet
  facet normal 0.766044443118978 0 0.6427876096865393
    outer loop
      vertex -4.912182692805714 19.9128625 -2.8360499999999997
      vertex -3.6459556009030187 22.438836840063257 -4.345080685815155
      vertex -4.912182692805714 22.18696861157263 -2.8360499999999997
    endloop
  endfacet
  facet normal 0.5000000000000002 0 0.8660254037844385
    outer loop
      vertex -3.6459556009030187 19.9128625 -4.345080685815155
      vertex -1.9399724549575252 22.778177986333073 -5.330030514359751
      vertex -3.6459556009030187 22.438836840063257 -4.345080685815155
    endloop
  endfacet
  facet normal 0.5000000000000002 -8.795317241185377e-18 0.8660254037844385
    outer loop
      vertex -3.6459556009030187 19.9128625 -4.345080685815155
      vertex -1.9399724549575252 19.9128625 -5.330030514359751
      vertex -1.9399724549575252 22.778177986333073 -5.330030514359751
    endloop
  endfacet
  facet normal 0.7660444431189779 3.3596183247743674e-18 0.6427876096865394
    outer loop
      vertex -4.912182692805714 19.9128625 -2.8360499999999997
      vertex -3.6459556009030187 19.9128625 -4.345080685815155
      vertex -3.6459556009030187 22.438836840063257 -4.345080685815155
    endloop
  endfacet
  facet normal 0.9396926207859083 7.903848454062356e-19 0.34202014332566877
    outer loop
      vertex -5.585928055860545 19.9128625 -0.9849498285445955
      vertex -4.912182692805714 19.9128625 -2.8360499999999997
      vertex -4.912182692805714 22.18696861157263 -2.8360499999999997
    endloop
  endfacet
  facet normal 0.9396926207859083 0 0.34202014332566877
    outer loop
      vertex -5.585928055860545 19.9128625 -0.9849498285445955
      vertex -4.912182692805714 22.18696861157263 -2.8360499999999997
      vertex -5.585928055860545 22.05295232639633 -0.9849498285445955
    endloop
  endfacet
  facet normal 1 0 0
    outer loop
      vertex -5.585928055860545 19.9128625 -0.9849498285445955
      vertex -5.585928055860545 22.05295232639633 -0.9849498285445955
      vertex -5.585928055860545 19.9128625 0.9849498285445955
    endloop
  endfacet
  facet normal 0 1 0
    outer loop
      vertex -3.6459556009030187 19.9128625 -4.345080685815155
      vertex 3.6459556009030187 19.9128625 -4.345080685815155
      vertex -1.9399724549575252 19.9128625 -5.330030514359751
    endloop
  endfacet
  facet normal 0 1 0
    outer loop
      vertex -1.9399724549575252 19.9128625 -5.330030514359751
      vertex 1.9399724549575252 19.9128625 -5.330030514359751
      vertex 0 19.9128625 -5.6720999999999995
    endloop
  endfacet
  facet normal 0 1 0
    outer loop
      vertex -3.6459556009030187 19.9128625 -4.345080685815155
      vertex 0 19.9128625 -2.8812499999999996
      vertex 1.693556258167688 19.9128625 -2.330980215042817
    endloop
  endfacet
  facet normal 0 1 0
    outer loop
      vertex -3.6459556009030187 19.9128625 -4.345080685815155
      vertex 1.693556258167688 19.9128625 -2.330980215042817
      vertex 4.912182692805714 19.9128625 -2.8360499999999997
    endloop
  endfacet
  facet normal 0 1 0
    outer loop
      vertex -1.9399724549575252 19.9128625 -5.330030514359751
      vertex 3.6459556009030187 19.9128625 -4.345080685815155
      vertex 1.9399724549575252 19.9128625 -5.330030514359751
    endloop
  endfacet
  facet normal 0 1 0
    outer loop
      vertex -3.6459556009030187 19.9128625 -4.345080685815155
      vertex 4.912182692805714 19.9128625 -2.8360499999999997
      vertex 3.6459556009030187 19.9128625 -4.345080685815155
    endloop
  endfacet
  facet normal 0 1 0
    outer loop
      vertex 1.693556258167688 19.9128625 -2.330980215042817
      vertex 2.7402315875754106 19.9128625 -0.8903552150428171
      vertex 4.912182692805714 19.9128625 -2.8360499999999997
    endloop
  endfacet
  facet normal 0 1 0
    outer loop
      vertex 2.7402315875754106 19.9128625 -0.8903552150428171
      vertex 2.7402315875754106 19.9128625 0.8903552150428171
      vertex 5.585928055860545 19.9128625 -0.9849498285445955
    endloop
  endfacet
  facet normal 0.17364817766693005 -8.019670692912525e-18 0.9848077530122081
    outer loop
      vertex -1.9399724549575252 19.9128625 -5.330030514359751
      vertex 0 19.9128625 -5.6720999999999995
      vertex 0 23.1640625 -5.6720999999999995
    endloop
  endfacet
  facet normal 0.17364817766693005 0 0.984807753012208
    outer loop
      vertex -1.9399724549575252 19.9128625 -5.330030514359751
      vertex 0 23.1640625 -5.6720999999999995
      vertex -1.9399724549575252 22.778177986333073 -5.330030514359751
    endloop
  endfacet
  facet normal -0.17364817766693005 0 0.9848077530122081
    outer loop
      vertex 0 19.9128625 -5.6720999999999995
      vertex 1.9399724549575252 23.066883916913074 -5.330030514359751
      vertex 0 23.1640625 -5.6720999999999995
    endloop
  endfacet
  facet normal -0.17364817766693008 8.26676484090463e-18 0.9848077530122081
    outer loop
      vertex 0 19.9128625 -5.6720999999999995
      vertex 1.9399724549575252 19.9128625 -5.330030514359751
      vertex 1.9399724549575252 23.066883916913074 -5.330030514359751
    endloop
  endfacet
  facet normal -0.5000000000000002 8.212753149710611e-18 0.8660254037844386
    outer loop
      vertex 1.9399724549575252 19.9128625 -5.330030514359751
      vertex 3.6459556009030187 19.9128625 -4.345080685815155
      vertex 3.6459556009030187 22.98142650514957 -4.345080685815155
    endloop
  endfacet
  facet normal -0.5000000000000003 0 0.8660254037844386
    outer loop
      vertex 1.9399724549575252 19.9128625 -5.330030514359751
      vertex 3.6459556009030187 22.98142650514957 -4.345080685815155
      vertex 1.9399724549575252 23.066883916913074 -5.330030514359751
    endloop
  endfacet
  facet normal 0 1 0
    outer loop
      vertex 2.7402315875754106 19.9128625 -0.8903552150428171
      vertex 5.585928055860545 19.9128625 -0.9849498285445955
      vertex 4.912182692805714 19.9128625 -2.8360499999999997
    endloop
  endfacet
  facet normal -0.766044443118978 -2.8239360776953337e-18 0.6427876096865395
    outer loop
      vertex 3.6459556009030187 19.9128625 -4.345080685815155
      vertex 4.912182692805714 19.9128625 -2.8360499999999997
      vertex 4.912182692805714 22.917997689785242 -2.8360499999999997
    endloop
  endfacet
  facet normal -0.766044443118978 0 0.6427876096865395
    outer loop
      vertex 3.6459556009030187 19.9128625 -4.345080685815155
      vertex 4.912182692805714 22.917997689785242 -2.8360499999999997
      vertex 3.6459556009030187 22.98142650514957 -4.345080685815155
    endloop
  endfacet
  facet normal -0.9396926207859083 -6.049094116457623e-19 0.3420201433256687
    outer loop
      vertex 4.912182692805714 19.9128625 -2.8360499999999997
      vertex 5.585928055860545 19.9128625 -0.9849498285445955
      vertex 5.585928055860545 22.884247922062645 -0.9849498285445955
    endloop
  endfacet
  facet normal -0.9396926207859083 0 0.34202014332566877
    outer loop
      vertex 4.912182692805714 19.9128625 -2.8360499999999997
      vertex 5.585928055860545 22.884247922062645 -0.9849498285445955
      vertex 4.912182692805714 22.917997689785242 -2.8360499999999997
    endloop
  endfacet
  facet normal -1 0 0
    outer loop
      vertex 5.585928055860545 19.9128625 -0.9849498285445955
      vertex 5.585928055860545 22.884247922062645 0.9849498285445955
      vertex 5.585928055860545 22.884247922062645 -0.9849498285445955
    endloop
  endfacet
  facet normal 0 1 0
    outer loop
      vertex -5.585928055860545 19.9128625 0.9849498285445955
      vertex -4.912182692805714 19.9128625 2.8360499999999997
      vertex -2.7402315875754106 19.9128625 0.8903552150428171
    endloop
  endfacet
  facet normal 0 1 0
    outer loop
      vertex -2.7402315875754106 19.9128625 -0.8903552150428171
      vertex -5.585928055860545 19.9128625 0.9849498285445955
      vertex -2.7402315875754106 19.9128625 0.8903552150428171
    endloop
  endfacet
  facet normal 0 1 0
    outer loop
      vertex -4.912182692805714 19.9128625 2.8360499999999997
      vertex -1.693556258167688 19.9128625 2.330980215042817
      vertex -2.7402315875754106 19.9128625 0.8903552150428171
    endloop
  endfacet
  facet normal 0 1 0
    outer loop
      vertex -4.912182692805714 19.9128625 2.8360499999999997
      vertex -3.6459556009030187 19.9128625 4.345080685815155
      vertex 3.6459556009030187 19.9128625 4.345080685815155
    endloop
  endfacet
  facet normal 1 0 0
    outer loop
      vertex -5.585928055860545 19.9128625 0.9849498285445955
      vertex -5.585928055860545 22.05295232639633 -0.9849498285445955
      vertex -5.585928055860545 22.05295232639633 0.9849498285445955
    endloop
  endfacet
  facet normal 0.9396926207859083 0 -0.34202014332566877
    outer loop
      vertex -5.585928055860545 19.9128625 0.9849498285445955
      vertex -5.585928055860545 22.05295232639633 0.9849498285445955
      vertex -4.912182692805714 19.9128625 2.8360499999999997
    endloop
  endfacet
  facet normal 0.9396926207859083 0 -0.34202014332566877
    outer loop
      vertex -4.912182692805714 19.9128625 2.8360499999999997
      vertex -5.585928055860545 22.05295232639633 0.9849498285445955
      vertex -4.912182692805714 22.18696861157263 2.8360499999999997
    endloop
  endfacet
  facet normal 0.766044443118978 0 -0.6427876096865393
    outer loop
      vertex -4.912182692805714 19.9128625 2.8360499999999997
      vertex -4.912182692805714 22.18696861157263 2.8360499999999997
      vertex -3.6459556009030187 19.9128625 4.345080685815155
    endloop
  endfacet
  facet normal 0.7660444431189779 0 -0.6427876096865394
    outer loop
      vertex -3.6459556009030187 19.9128625 4.345080685815155
      vertex -4.912182692805714 22.18696861157263 2.8360499999999997
      vertex -3.6459556009030187 22.438836840063257 4.345080685815155
    endloop
  endfacet
  facet normal 0.5000000000000002 0 -0.8660254037844385
    outer loop
      vertex -3.6459556009030187 19.9128625 4.345080685815155
      vertex -3.6459556009030187 22.438836840063257 4.345080685815155
      vertex -1.9399724549575252 19.9128625 5.330030514359751
    endloop
  endfacet
  facet normal 0.5000000000000002 0 -0.8660254037844385
    outer loop
      vertex -1.9399724549575252 19.9128625 5.330030514359751
      vertex -3.6459556009030187 22.438836840063257 4.345080685815155
      vertex -1.9399724549575252 22.778177986333073 5.330030514359751
    endloop
  endfacet
  facet normal 0 1 0
    outer loop
      vertex 1.693556258167688 19.9128625 2.330980215042817
      vertex 5.585928055860545 19.9128625 0.9849498285445955
      vertex 2.7402315875754106 19.9128625 0.8903552150428171
    endloop
  endfacet
  facet normal 0 1 0
    outer loop
      vertex 0 19.9128625 2.8812499999999996
      vertex 4.912182692805714 19.9128625 2.8360499999999997
      vertex 1.693556258167688 19.9128625 2.330980215042817
    endloop
  endfacet
  facet normal 0 1 0
    outer loop
      vertex -4.912182692805714 19.9128625 2.8360499999999997
      vertex 3.6459556009030187 19.9128625 4.345080685815155
      vertex -1.693556258167688 19.9128625 2.330980215042817
    endloop
  endfacet
  facet normal 0 1 0
    outer loop
      vertex -1.693556258167688 19.9128625 2.330980215042817
      vertex 3.6459556009030187 19.9128625 4.345080685815155
      vertex 0 19.9128625 2.8812499999999996
    endloop
  endfacet
  facet normal 0 1 0
    outer loop
      vertex -3.6459556009030187 19.9128625 4.345080685815155
      vertex -1.9399724549575252 19.9128625 5.330030514359751
      vertex 1.9399724549575252 19.9128625 5.330030514359751
    endloop
  endfacet
  facet normal 0 1 0
    outer loop
      vertex -3.6459556009030187 19.9128625 4.345080685815155
      vertex 1.9399724549575252 19.9128625 5.330030514359751
      vertex 3.6459556009030187 19.9128625 4.345080685815155
    endloop
  endfacet
  facet normal 0 1 0
    outer loop
      vertex -1.9399724549575252 19.9128625 5.330030514359751
      vertex 0 19.9128625 5.6720999999999995
      vertex 1.9399724549575252 19.9128625 5.330030514359751
    endloop
  endfacet
  facet normal 0 1 0
    outer loop
      vertex 0 19.9128625 2.8812499999999996
      vertex 3.6459556009030187 19.9128625 4.345080685815155
      vertex 4.912182692805714 19.9128625 2.8360499999999997
    endloop
  endfacet
  facet normal 0.17364817766693005 0 -0.984807753012208
    outer loop
      vertex -1.9399724549575252 19.9128625 5.330030514359751
      vertex -1.9399724549575252 22.778177986333073 5.330030514359751
      vertex 0 19.9128625 5.6720999999999995
    endloop
  endfacet
  facet normal -0.17364817766693005 0 -0.9848077530122081
    outer loop
      vertex 0 19.9128625 5.6720999999999995
      vertex 0 23.1640625 5.6720999999999995
      vertex 1.9399724549575252 19.9128625 5.330030514359751
    endloop
  endfacet
  facet normal 0.17364817766693005 0 -0.9848077530122081
    outer loop
      vertex 0 19.9128625 5.6720999999999995
      vertex -1.9399724549575252 22.778177986333073 5.330030514359751
      vertex 0 23.1640625 5.6720999999999995
    endloop
  endfacet
  facet normal -0.5000000000000003 0 -0.8660254037844386
    outer loop
      vertex 1.9399724549575252 19.9128625 5.330030514359751
      vertex 1.9399724549575252 23.066883916913074 5.330030514359751
      vertex 3.6459556009030187 19.9128625 4.345080685815155
    endloop
  endfacet
  facet normal -0.17364817766693008 0 -0.9848077530122081
    outer loop
      vertex 1.9399724549575252 19.9128625 5.330030514359751
      vertex 0 23.1640625 5.6720999999999995
      vertex 1.9399724549575252 23.066883916913074 5.330030514359751
    endloop
  endfacet
  facet normal -0.5000000000000002 0 -0.8660254037844386
    outer loop
      vertex 3.6459556009030187 19.9128625 4.345080685815155
      vertex 1.9399724549575252 23.066883916913074 5.330030514359751
      vertex 3.6459556009030187 22.98142650514957 4.345080685815155
    endloop
  endfacet
  facet normal 0 1 0
    outer loop
      vertex 5.585928055860545 19.9128625 -0.9849498285445955
      vertex 2.7402315875754106 19.9128625 0.8903552150428171
      vertex 5.585928055860545 19.9128625 0.9849498285445955
    endloop
  endfacet
  facet normal 0 1 0
    outer loop
      vertex 1.693556258167688 19.9128625 2.330980215042817
      vertex 4.912182692805714 19.9128625 2.8360499999999997
      vertex 5.585928055860545 19.9128625 0.9849498285445955
    endloop
  endfacet
  facet normal -1 0 0
    outer loop
      vertex 5.585928055860545 19.9128625 -0.9849498285445955
      vertex 5.585928055860545 19.9128625 0.9849498285445955
      vertex 5.585928055860545 22.884247922062645 0.9849498285445955
    endloop
  endfacet
  facet normal -0.9396926207859083 5.981158563322935e-19 -0.34202014332566877
    outer loop
      vertex 5.585928055860545 19.9128625 0.9849498285445955
      vertex 4.912182692805714 19.9128625 2.8360499999999997
      vertex 4.912182692805714 22.917997689785242 2.8360499999999997
    endloop
  endfacet
  facet normal -0.9396926207859083 0 -0.3420201433256687
    outer loop
      vertex 5.585928055860545 19.9128625 0.9849498285445955
      vertex 4.912182692805714 22.917997689785242 2.8360499999999997
      vertex 5.585928055860545 22.884247922062645 0.9849498285445955
    endloop
  endfacet
  facet normal -0.766044443118978 0 -0.6427876096865395
    outer loop
      vertex 3.6459556009030187 19.9128625 4.345080685815155
      vertex 3.6459556009030187 22.98142650514957 4.345080685815155
      vertex 4.912182692805714 19.9128625 2.8360499999999997
    endloop
  endfacet
  facet normal -0.766044443118978 0 -0.6427876096865395
    outer loop
      vertex 4.912182692805714 19.9128625 2.8360499999999997
      vertex 3.6459556009030187 22.98142650514957 4.345080685815155
      vertex 4.912182692805714 22.917997689785242 2.8360499999999997
    endloop
  endfacet
  facet normal 0.7660444431189786 0.6427876096865386 0
    outer loop
      vertex 35.087817307194285 -2.8360499999999997 -19.9128625
      vertex 36.35404439909698 -4.345080685815155 -22.98142650514957
      vertex 35.087817307194285 -2.8360499999999997 -22.917997689785242
    endloop
  endfacet
  facet normal 0.7660444431189787 0.6427876096865386 6.74629560729144e-18
    outer loop
      vertex 35.087817307194285 -2.8360499999999997 -19.9128625
      vertex 36.35404439909698 -4.345080685815155 -19.9128625
      vertex 36.35404439909698 -4.345080685815155 -22.98142650514957
    endloop
  endfacet
  facet normal 0.939692620785909 0.34202014332566716 0
    outer loop
      vertex 34.41407194413946 -0.9849498285445955 -19.9128625
      vertex 35.087817307194285 -2.8360499999999997 -22.917997689785242
      vertex 34.41407194413946 -0.9849498285445955 -22.884247922062645
    endloop
  endfacet
  facet normal 0.9396926207859089 0.34202014332566716 0
    outer loop
      vertex 35.087817307194285 -2.8360499999999997 -19.9128625
      vertex 35.087817307194285 -2.8360499999999997 -22.917997689785242
      vertex 34.41407194413946 -0.9849498285445955 -19.9128625
    endloop
  endfacet
  facet normal 1 0 0
    outer loop
      vertex 34.41407194413946 -0.9849498285445955 -19.9128625
      vertex 34.41407194413946 -0.9849498285445955 -22.884247922062645
      vertex 34.41407194413946 0.9849498285445955 -19.9128625
    endloop
  endfacet
  facet normal 0 0 -1
    outer loop
      vertex 35.087817307194285 -2.8360499999999997 -19.9128625
      vertex 34.41407194413946 -0.9849498285445955 -19.9128625
      vertex 38.30644374183231 -2.330980215042817 -19.9128625
    endloop
  endfacet
  facet normal 0 0 -1
    outer loop
      vertex 34.41407194413946 -0.9849498285445955 -19.9128625
      vertex 34.41407194413946 0.9849498285445955 -19.9128625
      vertex 37.25976841242459 -0.8903552150428171 -19.9128625
    endloop
  endfacet
  facet normal 0.4999999999999998 0.8660254037844387 0
    outer loop
      vertex 36.35404439909698 -4.345080685815155 -19.9128625
      vertex 38.06002754504247 -5.330030514359751 -23.066883916913074
      vertex 36.35404439909698 -4.345080685815155 -22.98142650514957
    endloop
  endfacet
  facet normal 0.17364817766692994 0.9848077530122081 0
    outer loop
      vertex 38.06002754504247 -5.330030514359751 -19.9128625
      vertex 40 -5.6720999999999995 -23.1640625
      vertex 38.06002754504247 -5.330030514359751 -23.066883916913074
    endloop
  endfacet
  facet normal 0.4999999999999998 0.8660254037844387 -3.14944963197262e-18
    outer loop
      vertex 36.35404439909698 -4.345080685815155 -19.9128625
      vertex 38.06002754504247 -5.330030514359751 -19.9128625
      vertex 38.06002754504247 -5.330030514359751 -23.066883916913074
    endloop
  endfacet
  facet normal -0.17364817766692994 0.9848077530122081 0
    outer loop
      vertex 40 -5.6720999999999995 -19.9128625
      vertex 41.93997245495753 -5.330030514359751 -22.77817798633307
      vertex 40 -5.6720999999999995 -23.1640625
    endloop
  endfacet
  facet normal 0.17364817766692994 0.9848077530122081 -4.361526014796906e-18
    outer loop
      vertex 38.06002754504247 -5.330030514359751 -19.9128625
      vertex 40 -5.6720999999999995 -19.9128625
      vertex 40 -5.6720999999999995 -23.1640625
    endloop
  endfacet
  facet normal -0.17364817766692994 0.9848077530122081 4.9489117156362475e-18
    outer loop
      vertex 40 -5.6720999999999995 -19.9128625
      vertex 41.93997245495753 -5.330030514359751 -19.9128625
      vertex 41.93997245495753 -5.330030514359751 -22.77817798633307
    endloop
  endfacet
  facet normal 0 0 -1
    outer loop
      vertex 35.087817307194285 -2.8360499999999997 -19.9128625
      vertex 40 -2.8812499999999996 -19.9128625
      vertex 36.35404439909698 -4.345080685815155 -19.9128625
    endloop
  endfacet
  facet normal 0 0 -1
    outer loop
      vertex 38.06002754504247 -5.330030514359751 -19.9128625
      vertex 41.93997245495753 -5.330030514359751 -19.9128625
      vertex 40 -5.6720999999999995 -19.9128625
    endloop
  endfacet
  facet normal 0 0 -1
    outer loop
      vertex 36.35404439909698 -4.345080685815155 -19.9128625
      vertex 43.64595560090302 -4.345080685815155 -19.9128625
      vertex 38.06002754504247 -5.330030514359751 -19.9128625
    endloop
  endfacet
  facet normal 0 0 -1
    outer loop
      vertex 38.06002754504247 -5.330030514359751 -19.9128625
      vertex 43.64595560090302 -4.345080685815155 -19.9128625
      vertex 41.93997245495753 -5.330030514359751 -19.9128625
    endloop
  endfacet
  facet normal 0 0 -1
    outer loop
      vertex 36.35404439909698 -4.345080685815155 -19.9128625
      vertex 40 -2.8812499999999996 -19.9128625
      vertex 41.69355625816769 -2.330980215042817 -19.9128625
    endloop
  endfacet
  facet normal 0 0 -1
    outer loop
      vertex 36.35404439909698 -4.345080685815155 -19.9128625
      vertex 41.69355625816769 -2.330980215042817 -19.9128625
      vertex 44.912182692805715 -2.8360499999999997 -19.9128625
    endloop
  endfacet
  facet normal 0 0 -1
    outer loop
      vertex 35.087817307194285 -2.8360499999999997 -19.9128625
      vertex 38.30644374183231 -2.330980215042817 -19.9128625
      vertex 40 -2.8812499999999996 -19.9128625
    endloop
  endfacet
  facet normal 0 0 -1
    outer loop
      vertex 34.41407194413946 -0.9849498285445955 -19.9128625
      vertex 37.25976841242459 -0.8903552150428171 -19.9128625
      vertex 38.30644374183231 -2.330980215042817 -19.9128625
    endloop
  endfacet
  facet normal -0.49999999999999983 0.8660254037844388 0
    outer loop
      vertex 41.93997245495753 -5.330030514359751 -19.9128625
      vertex 43.64595560090302 -4.345080685815155 -22.438836840063257
      vertex 41.93997245495753 -5.330030514359751 -22.77817798633307
    endloop
  endfacet
  facet normal -0.49999999999999983 0.8660254037844388 3.932514845135714e-18
    outer loop
      vertex 41.93997245495753 -5.330030514359751 -19.9128625
      vertex 43.64595560090302 -4.345080685815155 -19.9128625
      vertex 43.64595560090302 -4.345080685815155 -22.438836840063257
    endloop
  endfacet
  facet normal -0.7660444431189786 0.6427876096865386 0
    outer loop
      vertex 43.64595560090302 -4.345080685815155 -19.9128625
      vertex 44.912182692805715 -2.8360499999999997 -22.18696861157263
      vertex 43.64595560090302 -4.345080685815155 -22.438836840063257
    endloop
  endfacet
  facet normal -0.7660444431189786 0.6427876096865385 -9.10311078418295e-18
    outer loop
      vertex 43.64595560090302 -4.345080685815155 -19.9128625
      vertex 44.912182692805715 -2.8360499999999997 -19.9128625
      vertex 44.912182692805715 -2.8360499999999997 -22.18696861157263
    endloop
  endfacet
  facet normal 0 0 -1
    outer loop
      vertex 36.35404439909698 -4.345080685815155 -19.9128625
      vertex 44.912182692805715 -2.8360499999999997 -19.9128625
      vertex 43.64595560090302 -4.345080685815155 -19.9128625
    endloop
  endfacet
  facet normal -0.9396926207859089 0.34202014332566716 0
    outer loop
      vertex 44.912182692805715 -2.8360499999999997 -19.9128625
      vertex 45.58592805586054 -0.9849498285445955 -22.05295232639633
      vertex 44.912182692805715 -2.8360499999999997 -22.18696861157263
    endloop
  endfacet
  facet normal -0.9396926207859089 0.34202014332566716 1.930102044475277e-17
    outer loop
      vertex 44.912182692805715 -2.8360499999999997 -19.9128625
      vertex 45.58592805586054 -0.9849498285445955 -19.9128625
      vertex 45.58592805586054 -0.9849498285445955 -22.05295232639633
    endloop
  endfacet
  facet normal -1 0 0
    outer loop
      vertex 45.58592805586054 -0.9849498285445955 -19.9128625
      vertex 45.58592805586054 0.9849498285445955 -22.05295232639633
      vertex 45.58592805586054 -0.9849498285445955 -22.05295232639633
    endloop
  endfacet
  facet normal 0 0 -1
    outer loop
      vertex 41.69355625816769 -2.330980215042817 -19.9128625
      vertex 42.74023158757541 -0.8903552150428171 -19.9128625
      vertex 44.912182692805715 -2.8360499999999997 -19.9128625
    endloop
  endfacet
  facet normal 0 0 -1
    outer loop
      vertex 42.74023158757541 -0.8903552150428171 -19.9128625
      vertex 42.74023158757541 0.8903552150428171 -19.9128625
      vertex 45.58592805586054 -0.9849498285445955 -19.9128625
    endloop
  endfacet
  facet normal 0 0 -1
    outer loop
      vertex 42.74023158757541 -0.8903552150428171 -19.9128625
      vertex 45.58592805586054 -0.9849498285445955 -19.9128625
      vertex 44.912182692805715 -2.8360499999999997 -19.9128625
    endloop
  endfacet
  facet normal 1 0 0
    outer loop
      vertex 34.41407194413946 0.9849498285445955 -19.9128625
      vertex 34.41407194413946 -0.9849498285445955 -22.884247922062645
      vertex 34.41407194413946 0.9849498285445955 -22.884247922062645
    endloop
  endfacet
  facet normal 0.9396926207859089 -0.34202014332566716 0
    outer loop
      vertex 35.087817307194285 2.8360499999999997 -19.9128625
      vertex 34.41407194413946 0.9849498285445955 -22.884247922062645
      vertex 35.087817307194285 2.8360499999999997 -22.917997689785242
    endloop
  endfacet
  facet normal 0.939692620785909 -0.34202014332566716 0
    outer loop
      vertex 34.41407194413946 0.9849498285445955 -19.9128625
      vertex 34.41407194413946 0.9849498285445955 -22.884247922062645
      vertex 35.087817307194285 2.8360499999999997 -19.9128625
    endloop
  endfacet
  facet normal 0 0 -1
    outer loop
      vertex 34.41407194413946 0.9849498285445955 -19.9128625
      vertex 35.087817307194285 2.8360499999999997 -19.9128625
      vertex 37.25976841242459 0.8903552150428171 -19.9128625
    endloop
  endfacet
  facet normal 0.7660444431189787 -0.6427876096865386 0
    outer loop
      vertex 36.35404439909698 4.345080685815155 -19.9128625
      vertex 35.087817307194285 2.8360499999999997 -22.917997689785242
      vertex 36.35404439909698 4.345080685815155 -22.98142650514957
    endloop
  endfacet
  facet normal 0.7660444431189786 -0.6427876096865386 0
    outer loop
      vertex 35.087817307194285 2.8360499999999997 -19.9128625
      vertex 35.087817307194285 2.8360499999999997 -22.917997689785242
      vertex 36.35404439909698 4.345080685815155 -19.9128625
    endloop
  endfacet
  facet normal 0 0 -1
    outer loop
      vertex 37.25976841242459 -0.8903552150428171 -19.9128625
      vertex 34.41407194413946 0.9849498285445955 -19.9128625
      vertex 37.25976841242459 0.8903552150428171 -19.9128625
    endloop
  endfacet
  facet normal 0 0 -1
    outer loop
      vertex 35.087817307194285 2.8360499999999997 -19.9128625
      vertex 38.30644374183231 2.330980215042817 -19.9128625
      vertex 37.25976841242459 0.8903552150428171 -19.9128625
    endloop
  endfacet
  facet normal 0.4999999999999998 -0.8660254037844387 0
    outer loop
      vertex 38.06002754504247 5.330030514359751 -19.9128625
      vertex 36.35404439909698 4.345080685815155 -22.98142650514957
      vertex 38.06002754504247 5.330030514359751 -23.066883916913074
    endloop
  endfacet
  facet normal 0.4999999999999998 -0.8660254037844387 0
    outer loop
      vertex 36.35404439909698 4.345080685815155 -19.9128625
      vertex 36.35404439909698 4.345080685815155 -22.98142650514957
      vertex 38.06002754504247 5.330030514359751 -19.9128625
    endloop
  endfacet
  facet normal 0.17364817766692994 -0.9848077530122081 0
    outer loop
      vertex 38.06002754504247 5.330030514359751 -19.9128625
      vertex 38.06002754504247 5.330030514359751 -23.066883916913074
      vertex 40 5.6720999999999995 -19.9128625
    endloop
  endfacet
  facet normal 0.17364817766692994 -0.9848077530122081 0
    outer loop
      vertex 40 5.6720999999999995 -19.9128625
      vertex 38.06002754504247 5.330030514359751 -23.066883916913074
      vertex 40 5.6720999999999995 -23.1640625
    endloop
  endfacet
  facet normal -0.17364817766692994 -0.9848077530122081 0
    outer loop
      vertex 41.93997245495753 5.330030514359751 -19.9128625
      vertex 40 5.6720999999999995 -23.1640625
      vertex 41.93997245495753 5.330030514359751 -22.77817798633307
    endloop
  endfacet
  facet normal -0.17364817766692994 -0.9848077530122081 0
    outer loop
      vertex 40 5.6720999999999995 -19.9128625
      vertex 40 5.6720999999999995 -23.1640625
      vertex 41.93997245495753 5.330030514359751 -19.9128625
    endloop
  endfacet
  facet normal 0 0 -1
    outer loop
      vertex 35.087817307194285 2.8360499999999997 -19.9128625
      vertex 36.35404439909698 4.345080685815155 -19.9128625
      vertex 43.64595560090302 4.345080685815155 -19.9128625
    endloop
  endfacet
  facet normal 0 0 -1
    outer loop
      vertex 36.35404439909698 4.345080685815155 -19.9128625
      vertex 38.06002754504247 5.330030514359751 -19.9128625
      vertex 41.93997245495753 5.330030514359751 -19.9128625
    endloop
  endfacet
  facet normal 0 0 -1
    outer loop
      vertex 35.087817307194285 2.8360499999999997 -19.9128625
      vertex 43.64595560090302 4.345080685815155 -19.9128625
      vertex 38.30644374183231 2.330980215042817 -19.9128625
    endloop
  endfacet
  facet normal 0 0 -1
    outer loop
      vertex 38.30644374183231 2.330980215042817 -19.9128625
      vertex 43.64595560090302 4.345080685815155 -19.9128625
      vertex 40 2.8812499999999996 -19.9128625
    endloop
  endfacet
  facet normal 0 0 -1
    outer loop
      vertex 38.06002754504247 5.330030514359751 -19.9128625
      vertex 40 5.6720999999999995 -19.9128625
      vertex 41.93997245495753 5.330030514359751 -19.9128625
    endloop
  endfacet
  facet normal 0 0 -1
    outer loop
      vertex 36.35404439909698 4.345080685815155 -19.9128625
      vertex 41.93997245495753 5.330030514359751 -19.9128625
      vertex 43.64595560090302 4.345080685815155 -19.9128625
    endloop
  endfacet
  facet normal -1 0 0
    outer loop
      vertex 45.58592805586054 -0.9849498285445955 -19.9128625
      vertex 45.58592805586054 0.9849498285445955 -19.9128625
      vertex 45.58592805586054 0.9849498285445955 -22.05295232639633
    endloop
  endfacet
  facet normal -0.9396926207859089 -0.34202014332566716 0
    outer loop
      vertex 45.58592805586054 0.9849498285445955 -19.9128625
      vertex 44.912182692805715 2.8360499999999997 -22.18696861157263
      vertex 45.58592805586054 0.9849498285445955 -22.05295232639633
    endloop
  endfacet
  facet normal -0.9396926207859089 -0.34202014332566716 0
    outer loop
      vertex 44.912182692805715 2.8360499999999997 -19.9128625
      vertex 44.912182692805715 2.8360499999999997 -22.18696861157263
      vertex 45.58592805586054 0.9849498285445955 -19.9128625
    endloop
  endfacet
  facet normal 0 0 -1
    outer loop
      vertex 41.69355625816769 2.330980215042817 -19.9128625
      vertex 45.58592805586054 0.9849498285445955 -19.9128625
      vertex 42.74023158757541 0.8903552150428171 -19.9128625
    endloop
  endfacet
  facet normal 0 0 -1
    outer loop
      vertex 40 2.8812499999999996 -19.9128625
      vertex 44.912182692805715 2.8360499999999997 -19.9128625
      vertex 41.69355625816769 2.330980215042817 -19.9128625
    endloop
  endfacet
  facet normal 0 0 -1
    outer loop
      vertex 41.69355625816769 2.330980215042817 -19.9128625
      vertex 44.912182692805715 2.8360499999999997 -19.9128625
      vertex 45.58592805586054 0.9849498285445955 -19.9128625
    endloop
  endfacet
  facet normal 0 0 -1
    outer loop
      vertex 45.58592805586054 -0.9849498285445955 -19.9128625
      vertex 42.74023158757541 0.8903552150428171 -19.9128625
      vertex 45.58592805586054 0.9849498285445955 -19.9128625
    endloop
  endfacet
  facet normal -0.7660444431189786 -0.6427876096865386 0
    outer loop
      vertex 43.64595560090302 4.345080685815155 -19.9128625
      vertex 43.64595560090302 4.345080685815155 -22.438836840063257
      vertex 44.912182692805715 2.8360499999999997 -19.9128625
    endloop
  endfacet
  facet normal -0.49999999999999983 -0.8660254037844388 0
    outer loop
      vertex 41.93997245495753 5.330030514359751 -19.9128625
      vertex 41.93997245495753 5.330030514359751 -22.77817798633307
      vertex 43.64595560090302 4.345080685815155 -19.9128625
    endloop
  endfacet
  facet normal -0.49999999999999983 -0.8660254037844388 0
    outer loop
      vertex 43.64595560090302 4.345080685815155 -19.9128625
      vertex 41.93997245495753 5.330030514359751 -22.77817798633307
      vertex 43.64595560090302 4.345080685815155 -22.438836840063257
    endloop
  endfacet
  facet normal -0.7660444431189786 -0.6427876096865385 0
    outer loop
      vertex 44.912182692805715 2.8360499999999997 -19.9128625
      vertex 43.64595560090302 4.345080685815155 -22.438836840063257
      vertex 44.912182692805715 2.8360499999999997 -22.18696861157263
    endloop
  endfacet
  facet normal 0 0 -1
    outer loop
      vertex 40 2.8812499999999996 -19.9128625
      vertex 43.64595560090302 4.345080685815155 -19.9128625
      vertex 44.912182692805715 2.8360499999999997 -19.9128625
    endloop
  endfacet
  facet normal 0.766044443118978 0 0.6427876096865393
    outer loop
      vertex -4.912182692805714 -19.9128625 -2.8360499999999997
      vertex -4.912182692805714 -22.18696861157263 -2.8360499999999997
      vertex -3.6459556009030187 -19.9128625 -4.345080685815155
    endloop
  endfacet
  facet normal 0.5000000000000002 0 0.8660254037844385
    outer loop
      vertex -3.6459556009030187 -19.9128625 -4.345080685815155
      vertex -3.6459556009030187 -22.438836840063257 -4.345080685815155
      vertex -1.9399724549575252 -19.9128625 -5.330030514359751
    endloop
  endfacet
  facet normal 0.5000000000000002 0 0.8660254037844385
    outer loop
      vertex -1.9399724549575252 -19.9128625 -5.330030514359751
      vertex -3.6459556009030187 -22.438836840063257 -4.345080685815155
      vertex -1.9399724549575252 -22.778177986333073 -5.330030514359751
    endloop
  endfacet
  facet normal 0.7660444431189779 0 0.6427876096865394
    outer loop
      vertex -3.6459556009030187 -19.9128625 -4.345080685815155
      vertex -4.912182692805714 -22.18696861157263 -2.8360499999999997
      vertex -3.6459556009030187 -22.438836840063257 -4.345080685815155
    endloop
  endfacet
  facet normal 0.9396926207859083 0 0.34202014332566877
    outer loop
      vertex -4.912182692805714 -19.9128625 -2.8360499999999997
      vertex -5.585928055860545 -22.05295232639633 -0.9849498285445955
      vertex -4.912182692805714 -22.18696861157263 -2.8360499999999997
    endloop
  endfacet
  facet normal 0.9396926207859083 0 0.34202014332566877
    outer loop
      vertex -5.585928055860545 -19.9128625 -0.9849498285445955
      vertex -5.585928055860545 -22.05295232639633 -0.9849498285445955
      vertex -4.912182692805714 -19.9128625 -2.8360499999999997
    endloop
  endfacet
  facet normal 1 0 0
    outer loop
      vertex -5.585928055860545 -19.9128625 -0.9849498285445955
      vertex -5.585928055860545 -22.05295232639633 0.9849498285445955
      vertex -5.585928055860545 -22.05295232639633 -0.9849498285445955
    endloop
  endfacet
  facet normal 0 -1 0
    outer loop
      vertex -4.912182692805714 -19.9128625 -2.8360499999999997
      vertex -3.6459556009030187 -19.9128625 -4.345080685815155
      vertex 3.6459556009030187 -19.9128625 -4.345080685815155
    endloop
  endfacet
  facet normal 0 -1 0
    outer loop
      vertex -5.585928055860545 -19.9128625 -0.9849498285445955
      vertex -4.912182692805714 -19.9128625 -2.8360499999999997
      vertex -2.7402315875754106 -19.9128625 -0.8903552150428171
    endloop
  endfacet
  facet normal 0 -1 0
    outer loop
      vertex -4.912182692805714 -19.9128625 -2.8360499999999997
      vertex -1.693556258167688 -19.9128625 -2.330980215042817
      vertex -2.7402315875754106 -19.9128625 -0.8903552150428171
    endloop
  endfacet
  facet normal 0 -1 0
    outer loop
      vertex -5.585928055860545 -19.9128625 -0.9849498285445955
      vertex -2.7402315875754106 -19.9128625 -0.8903552150428171
      vertex -2.7402315875754106 -19.9128625 0.8903552150428171
    endloop
  endfacet
  facet normal 0.17364817766693005 0 0.9848077530122081
    outer loop
      vertex 0 -19.9128625 -5.6720999999999995
      vertex -1.9399724549575252 -22.778177986333073 -5.330030514359751
      vertex 0 -23.1640625 -5.6720999999999995
    endloop
  endfacet
  facet normal 0.17364817766693005 0 0.984807753012208
    outer loop
      vertex -1.9399724549575252 -19.9128625 -5.330030514359751
      vertex -1.9399724549575252 -22.778177986333073 -5.330030514359751
      vertex 0 -19.9128625 -5.6720999999999995
    endloop
  endfacet
  facet normal -0.17364817766693005 0 0.9848077530122081
    outer loop
      vertex 0 -19.9128625 -5.6720999999999995
      vertex 0 -23.1640625 -5.6720999999999995
      vertex 1.9399724549575252 -19.9128625 -5.330030514359751
    endloop
  endfacet
  facet normal -0.17364817766693008 0 0.9848077530122081
    outer loop
      vertex 1.9399724549575252 -19.9128625 -5.330030514359751
      vertex 0 -23.1640625 -5.6720999999999995
      vertex 1.9399724549575252 -23.066883916913074 -5.330030514359751
    endloop
  endfacet
  facet normal -0.5000000000000002 0 0.8660254037844386
    outer loop
      vertex 3.6459556009030187 -19.9128625 -4.345080685815155
      vertex 1.9399724549575252 -23.066883916913074 -5.330030514359751
      vertex 3.6459556009030187 -22.98142650514957 -4.345080685815155
    endloop
  endfacet
  facet normal -0.5000000000000003 0 0.8660254037844386
    outer loop
      vertex 1.9399724549575252 -19.9128625 -5.330030514359751
      vertex 1.9399724549575252 -23.066883916913074 -5.330030514359751
      vertex 3.6459556009030187 -19.9128625 -4.345080685815155
    endloop
  endfacet
  facet normal 0 -1 0
    outer loop
      vertex -3.6459556009030187 -19.9128625 -4.345080685815155
      vertex -1.9399724549575252 -19.9128625 -5.330030514359751
      vertex 1.9399724549575252 -19.9128625 -5.330030514359751
    endloop
  endfacet
  facet normal 0 -1 0
    outer loop
      vertex -1.9399724549575252 -19.9128625 -5.330030514359751
      vertex 0 -19.9128625 -5.6720999999999995
      vertex 1.9399724549575252 -19.9128625 -5.330030514359751
    endloop
  endfacet
  facet normal 0 -1 0
    outer loop
      vertex -3.6459556009030187 -19.9128625 -4.345080685815155
      vertex 1.9399724549575252 -19.9128625 -5.330030514359751
      vertex 3.6459556009030187 -19.9128625 -4.345080685815155
    endloop
  endfacet
  facet normal 0 -1 0
    outer loop
      vertex -4.912182692805714 -19.9128625 -2.8360499999999997
      vertex 3.6459556009030187 -19.9128625 -4.345080685815155
      vertex -1.693556258167688 -19.9128625 -2.330980215042817
    endloop
  endfacet
  facet normal 0 -1 0
    outer loop
      vertex -1.693556258167688 -19.9128625 -2.330980215042817
      vertex 3.6459556009030187 -19.9128625 -4.345080685815155
      vertex 0 -19.9128625 -2.8812499999999996
    endloop
  endfacet
  facet normal 0 -1 0
    outer loop
      vertex 0 -19.9128625 -2.8812499999999996
      vertex 3.6459556009030187 -19.9128625 -4.345080685815155
      vertex 4.912182692805714 -19.9128625 -2.8360499999999997
    endloop
  endfacet
  facet normal 0 -1 0
    outer loop
      vertex 0 -19.9128625 -2.8812499999999996
      vertex 4.912182692805714 -19.9128625 -2.8360499999999997
      vertex 1.693556258167688 -19.9128625 -2.330980215042817
    endloop
  endfacet
  facet normal 0 -1 0
    outer loop
      vertex 1.693556258167688 -19.9128625 -2.330980215042817
      vertex 5.585928055860545 -19.9128625 -0.9849498285445955
      vertex 2.7402315875754106 -19.9128625 -0.8903552150428171
    endloop
  endfacet
  facet normal -0.766044443118978 0 0.6427876096865395
    outer loop
      vertex 4.912182692805714 -19.9128625 -2.8360499999999997
      vertex 3.6459556009030187 -22.98142650514957 -4.345080685815155
      vertex 4.912182692805714 -22.917997689785242 -2.8360499999999997
    endloop
  endfacet
  facet normal -0.766044443118978 0 0.6427876096865395
    outer loop
      vertex 3.6459556009030187 -19.9128625 -4.345080685815155
      vertex 3.6459556009030187 -22.98142650514957 -4.345080685815155
      vertex 4.912182692805714 -19.9128625 -2.8360499999999997
    endloop
  endfacet
  facet normal -0.9396926207859083 0 0.3420201433256687
    outer loop
      vertex 5.585928055860545 -19.9128625 -0.9849498285445955
      vertex 4.912182692805714 -22.917997689785242 -2.8360499999999997
      vertex 5.585928055860545 -22.884247922062645 -0.9849498285445955
    endloop
  endfacet
  facet normal -0.9396926207859083 0 0.34202014332566877
    outer loop
      vertex 4.912182692805714 -19.9128625 -2.8360499999999997
      vertex 4.912182692805714 -22.917997689785242 -2.8360499999999997
      vertex 5.585928055860545 -19.9128625 -0.9849498285445955
    endloop
  endfacet
  facet normal -1 0 0
    outer loop
      vertex 5.585928055860545 -19.9128625 -0.9849498285445955
      vertex 5.585928055860545 -22.884247922062645 -0.9849498285445955
      vertex 5.585928055860545 -19.9128625 0.9849498285445955
    endloop
  endfacet
  facet normal 0 -1 0
    outer loop
      vertex 1.693556258167688 -19.9128625 -2.330980215042817
      vertex 4.912182692805714 -19.9128625 -2.8360499999999997
      vertex 5.585928055860545 -19.9128625 -0.9849498285445955
    endloop
  endfacet
  facet normal 0 -1 0
    outer loop
      vertex 2.7402315875754106 -19.9128625 -0.8903552150428171
      vertex 5.585928055860545 -19.9128625 -0.9849498285445955
      vertex 5.585928055860545 -19.9128625 0.9849498285445955
    endloop
  endfacet
  facet normal 1 0 0
    outer loop
      vertex -5.585928055860545 -19.9128625 -0.9849498285445955
      vertex -5.585928055860545 -19.9128625 0.9849498285445955
      vertex -5.585928055860545 -22.05295232639633 0.9849498285445955
    endloop
  endfacet
  facet normal 0.9396926207859083 0 -0.34202014332566877
    outer loop
      vertex -5.585928055860545 -19.9128625 0.9849498285445955
      vertex -4.912182692805714 -22.18696861157263 2.8360499999999997
      vertex -5.585928055860545 -22.05295232639633 0.9849498285445955
    endloop
  endfacet
  facet normal 0.9396926207859083 -7.903848454062356e-19 -0.34202014332566877
    outer loop
      vertex -5.585928055860545 -19.9128625 0.9849498285445955
      vertex -4.912182692805714 -19.9128625 2.8360499999999997
      vertex -4.912182692805714 -22.18696861157263 2.8360499999999997
    endloop
  endfacet
  facet normal 0.766044443118978 0 -0.6427876096865393
    outer loop
      vertex -4.912182692805714 -19.9128625 2.8360499999999997
      vertex -3.6459556009030187 -22.438836840063257 4.345080685815155
      vertex -4.912182692805714 -22.18696861157263 2.8360499999999997
    endloop
  endfacet
  facet normal 0.7660444431189779 -3.3596183247743674e-18 -0.6427876096865394
    outer loop
      vertex -4.912182692805714 -19.9128625 2.8360499999999997
      vertex -3.6459556009030187 -19.9128625 4.345080685815155
      vertex -3.6459556009030187 -22.438836840063257 4.345080685815155
    endloop
  endfacet
  facet normal 0.5000000000000002 0 -0.8660254037844385
    outer loop
      vertex -3.6459556009030187 -19.9128625 4.345080685815155
      vertex -1.9399724549575252 -22.778177986333073 5.330030514359751
      vertex -3.6459556009030187 -22.438836840063257 4.345080685815155
    endloop
  endfacet
  facet normal 0.5000000000000002 8.795317241185377e-18 -0.8660254037844385
    outer loop
      vertex -3.6459556009030187 -19.9128625 4.345080685815155
      vertex -1.9399724549575252 -19.9128625 5.330030514359751
      vertex -1.9399724549575252 -22.778177986333073 5.330030514359751
    endloop
  endfacet
  facet normal 0 -1 0
    outer loop
      vertex -5.585928055860545 -19.9128625 -0.9849498285445955
      vertex -2.7402315875754106 -19.9128625 0.8903552150428171
      vertex -5.585928055860545 -19.9128625 0.9849498285445955
    endloop
  endfacet
  facet normal 0 -1 0
    outer loop
      vertex -5.585928055860545 -19.9128625 0.9849498285445955
      vertex -2.7402315875754106 -19.9128625 0.8903552150428171
      vertex -1.693556258167688 -19.9128625 2.330980215042817
    endloop
  endfacet
  facet normal 0 -1 0
    outer loop
      vertex -5.585928055860545 -19.9128625 0.9849498285445955
      vertex -1.693556258167688 -19.9128625 2.330980215042817
      vertex -4.912182692805714 -19.9128625 2.8360499999999997
    endloop
  endfacet
  facet normal 0 -1 0
    outer loop
      vertex -4.912182692805714 -19.9128625 2.8360499999999997
      vertex -1.693556258167688 -19.9128625 2.330980215042817
      vertex 0 -19.9128625 2.8812499999999996
    endloop
  endfacet
  facet normal 0 -1 0
    outer loop
      vertex -4.912182692805714 -19.9128625 2.8360499999999997
      vertex 0 -19.9128625 2.8812499999999996
      vertex -3.6459556009030187 -19.9128625 4.345080685815155
    endloop
  endfacet
  facet normal 0.17364817766693005 0 -0.984807753012208
    outer loop
      vertex -1.9399724549575252 -19.9128625 5.330030514359751
      vertex 0 -23.1640625 5.6720999999999995
      vertex -1.9399724549575252 -22.778177986333073 5.330030514359751
    endloop
  endfacet
  facet normal -0.17364817766693005 0 -0.9848077530122081
    outer loop
      vertex 0 -19.9128625 5.6720999999999995
      vertex 1.9399724549575252 -23.066883916913074 5.330030514359751
      vertex 0 -23.1640625 5.6720999999999995
    endloop
  endfacet
  facet normal 0.17364817766693005 8.019670692912525e-18 -0.9848077530122081
    outer loop
      vertex -1.9399724549575252 -19.9128625 5.330030514359751
      vertex 0 -19.9128625 5.6720999999999995
      vertex 0 -23.1640625 5.6720999999999995
    endloop
  endfacet
  facet normal -0.5000000000000003 0 -0.8660254037844386
    outer loop
      vertex 1.9399724549575252 -19.9128625 5.330030514359751
      vertex 3.6459556009030187 -22.98142650514957 4.345080685815155
      vertex 1.9399724549575252 -23.066883916913074 5.330030514359751
    endloop
  endfacet
  facet normal -0.17364817766693008 -8.26676484090463e-18 -0.9848077530122081
    outer loop
      vertex 0 -19.9128625 5.6720999999999995
      vertex 1.9399724549575252 -19.9128625 5.330030514359751
      vertex 1.9399724549575252 -23.066883916913074 5.330030514359751
    endloop
  endfacet
  facet normal -0.5000000000000002 -8.212753149710611e-18 -0.8660254037844386
    outer loop
      vertex 1.9399724549575252 -19.9128625 5.330030514359751
      vertex 3.6459556009030187 -19.9128625 4.345080685815155
      vertex 3.6459556009030187 -22.98142650514957 4.345080685815155
    endloop
  endfacet
  facet normal 0 -1 0
    outer loop
      vertex 2.7402315875754106 -19.9128625 -0.8903552150428171
      vertex 5.585928055860545 -19.9128625 0.9849498285445955
      vertex 2.7402315875754106 -19.9128625 0.8903552150428171
    endloop
  endfacet
  facet normal 0 -1 0
    outer loop
      vertex 1.693556258167688 -19.9128625 2.330980215042817
      vertex 2.7402315875754106 -19.9128625 0.8903552150428171
      vertex 4.912182692805714 -19.9128625 2.8360499999999997
    endloop
  endfacet
  facet normal 0 -1 0
    outer loop
      vertex -3.6459556009030187 -19.9128625 4.345080685815155
      vertex 0 -19.9128625 2.8812499999999996
      vertex 1.693556258167688 -19.9128625 2.330980215042817
    endloop
  endfacet
  facet normal 0 -1 0
    outer loop
      vertex -3.6459556009030187 -19.9128625 4.345080685815155
      vertex 1.693556258167688 -19.9128625 2.330980215042817
      vertex 4.912182692805714 -19.9128625 2.8360499999999997
    endloop
  endfacet
  facet normal 0 -1 0
    outer loop
      vertex -3.6459556009030187 -19.9128625 4.345080685815155
      vertex 3.6459556009030187 -19.9128625 4.345080685815155
      vertex -1.9399724549575252 -19.9128625 5.330030514359751
    endloop
  endfacet
  facet normal 0 -1 0
    outer loop
      vertex -1.9399724549575252 -19.9128625 5.330030514359751
      vertex 1.9399724549575252 -19.9128625 5.330030514359751
      vertex 0 -19.9128625 5.6720999999999995
    endloop
  endfacet
  facet normal 0 -1 0
    outer loop
      vertex -3.6459556009030187 -19.9128625 4.345080685815155
      vertex 4.912182692805714 -19.9128625 2.8360499999999997
      vertex 3.6459556009030187 -19.9128625 4.345080685815155
    endloop
  endfacet
  facet normal 0 -1 0
    outer loop
      vertex -1.9399724549575252 -19.9128625 5.330030514359751
      vertex 3.6459556009030187 -19.9128625 4.345080685815155
      vertex 1.9399724549575252 -19.9128625 5.330030514359751
    endloop
  endfacet
  facet normal -1 0 0
    outer loop
      vertex 5.585928055860545 -19.9128625 0.9849498285445955
      vertex 5.585928055860545 -22.884247922062645 -0.9849498285445955
      vertex 5.585928055860545 -22.884247922062645 0.9849498285445955
    endloop
  endfacet
  facet normal -0.9396926207859083 0 -0.34202014332566877
    outer loop
      vertex 4.912182692805714 -19.9128625 2.8360499999999997
      vertex 5.585928055860545 -22.884247922062645 0.9849498285445955
      vertex 4.912182692805714 -22.917997689785242 2.8360499999999997
    endloop
  endfacet
  facet normal -0.9396926207859083 0 -0.3420201433256687
    outer loop
      vertex 5.585928055860545 -19.9128625 0.9849498285445955
      vertex 5.585928055860545 -22.884247922062645 0.9849498285445955
      vertex 4.912182692805714 -19.9128625 2.8360499999999997
    endloop
  endfacet
  facet normal -0.766044443118978 0 -0.6427876096865395
    outer loop
      vertex 3.6459556009030187 -19.9128625 4.345080685815155
      vertex 4.912182692805714 -22.917997689785242 2.8360499999999997
      vertex 3.6459556009030187 -22.98142650514957 4.345080685815155
    endloop
  endfacet
  facet normal -0.766044443118978 2.8239360776953337e-18 -0.6427876096865395
    outer loop
      vertex 3.6459556009030187 -19.9128625 4.345080685815155
      vertex 4.912182692805714 -19.9128625 2.8360499999999997
      vertex 4.912182692805714 -22.917997689785242 2.8360499999999997
    endloop
  endfacet
  facet normal 0 -1 0
    outer loop
      vertex 2.7402315875754106 -19.9128625 0.8903552150428171
      vertex 5.585928055860545 -19.9128625 0.9849498285445955
      vertex 4.912182692805714 -19.9128625 2.8360499999999997
    endloop
  endfacet
  facet normal 0.19509032201612814 0 0.9807852804032305
    outer loop
      vertex 40 -5.387399699375695 -12.25
      vertex 35.31212795352765 -21.36861067191303 -11.317524273263263
      vertex 40 -21.10808214088929 -12.25
    endloop
  endfacet
  facet normal 0.19509032201612814 3.5855964193571883e-19 0.9807852804032304
    outer loop
      vertex 35.334375 -2.6936998496878477 -11.321949485944284
      vertex 35.31212795352765 -21.36861067191303 -11.317524273263263
      vertex 40 -5.387399699375695 -12.25
    endloop
  endfacet
  facet normal -0.19509032201612814 0 0.9807852804032304
    outer loop
      vertex 40 -5.387399699375695 -12.25
      vertex 40 -21.10808214088929 -12.25
      vertex 44.665625 -2.6936998496878477 -11.321949485944284
    endloop
  endfacet
  facet normal 0.831469612302545 -3.165027501464096e-18 0.5555702330196024
    outer loop
      vertex 28.682475726736737 -21.727278001629145 -4.68787204647235
      vertex 31.337941930464794 -21.59425835877078 -8.662058069535208
      vertex 31.337941930464794 21.59425835877078 -8.662058069535208
    endloop
  endfacet
  facet normal 0.9807852804032304 5.482185199825153e-19 0.19509032201612816
    outer loop
      vertex 27.75 -21.77398828849722 0
      vertex 28.682475726736737 -21.727278001629145 -4.68787204647235
      vertex 28.682475726736737 21.727278001629145 -4.68787204647235
    endloop
  endfacet
  facet normal 0.555570233019603 -9.170880863775396e-17 0.8314696123025447
    outer loop
      vertex 32.77499378338354 -21.522272458902865 -9.622265419237864
      vertex 32.77499378338355 21.522272458902865 -9.622265419237864
      vertex 31.337941930464794 -21.59425835877078 -8.662058069535208
    endloop
  endfacet
  facet normal 0.5555702330196018 0 0.8314696123025453
    outer loop
      vertex 35.31212795352765 -21.36861067191303 -11.317524273263263
      vertex 35.31212795352765 21.36861067191303 -11.317524273263263
      vertex 32.77499378338354 -21.522272458902865 -9.622265419237864
    endloop
  endfacet
  facet normal 0.19509032201612847 -3.407835595131359e-21 0.9807852804032304
    outer loop
      vertex 35.334375 -2.6936998496878477 -11.321949485944284
      vertex 35.31212795352765 21.36861067191303 -11.317524273263263
      vertex 35.31212795352765 -21.36861067191303 -11.317524273263263
    endloop
  endfacet
  facet normal -0.19509032201612814 3.5333457452347756e-19 0.9807852804032305
    outer loop
      vertex 44.665625 -2.6936998496878477 -11.321949485944284
      vertex 40 -21.10808214088929 -12.25
      vertex 44.68787204647235 -20.86738516344123 -11.317524273263263
    endloop
  endfacet
  facet normal -0.19509032201612844 0 0.9807852804032303
    outer loop
      vertex 44.665625 -2.6936998496878477 -11.321949485944284
      vertex 44.68787204647235 -20.86738516344123 -11.317524273263263
      vertex 44.665625 2.6936998496878477 -11.321949485944284
    endloop
  endfacet
  facet normal -0.5555702330196023 -2.3525007710786257e-18 0.8314696123025451
    outer loop
      vertex 44.68787204647235 -20.86738516344123 -11.317524273263263
      vertex 48.662058069535206 -20.683163672461777 -8.662058069535208
      vertex 48.662058069535206 20.683163672461777 -8.662058069535208
    endloop
  endfacet
  facet normal -0.8314696123025455 3.786537605566232e-18 0.555570233019602
    outer loop
      vertex 48.662058069535206 -20.683163672461777 -8.662058069535208
      vertex 51.31752427326326 -20.583463719980582 -4.68787204647235
      vertex 51.31752427326326 20.583463719980582 -4.68787204647235
    endloop
  endfacet
  facet normal -0.9807852804032307 -8.779683176929048e-20 0.19509032201612775
    outer loop
      vertex 51.51639786779509 -20.58346371998058 -3.6880669707414424
      vertex 51.31752427326326 20.583463719980582 -4.68787204647235
      vertex 51.31752427326326 -20.583463719980582 -4.68787204647235
    endloop
  endfacet
  facet normal -0.9807852804032303 1.399892632257127e-18 0.19509032201612916
    outer loop
      vertex 51.51639786779509 -20.58346371998058 -3.6880669707414424
      vertex 52.25 -20.546715561224488 0
      vertex 52.25 20.546715561224488 0
    endloop
  endfacet
  facet normal 0.19509032201612814 0 -0.9807852804032305
    outer loop
      vertex 40 -5.387399699375695 12.25
      vertex 40 -21.10808214088929 12.25
      vertex 35.31212795352765 -21.36861067191303 11.317524273263263
    endloop
  endfacet
  facet normal -0.19509032201612814 0 -0.9807852804032305
    outer loop
      vertex 40 -5.387399699375695 12.25
      vertex 44.68787204647235 -20.86738516344123 11.317524273263263
      vertex 40 -21.10808214088929 12.25
    endloop
  endfacet
  facet normal 0.9807852804032305 -5.470424633044514e-19 -0.1950903220161282
    outer loop
      vertex 28.682475726736737 -21.727278001629145 4.68787204647235
      vertex 27.75 -21.77398828849722 0
      vertex 27.75 21.77398828849722 0
    endloop
  endfacet
  facet normal 0.831469612302545 3.145650438775889e-18 -0.5555702330196024
    outer loop
      vertex 31.337941930464794 -21.59425835877078 8.662058069535208
      vertex 28.682475726736737 -21.727278001629145 4.68787204647235
      vertex 28.682475726736737 21.727278001629145 4.68787204647235
    endloop
  endfacet
  facet normal 0.5555702330196012 0 -0.8314696123025459
    outer loop
      vertex 31.337941930464794 -21.59425835877078 8.662058069535208
      vertex 31.337941930464794 21.59425835877078 8.662058069535208
      vertex 32.77499378338355 -21.522272458902865 9.622265419237864
    endloop
  endfacet
  facet normal 0.555570233019603 9.170880863775396e-17 -0.8314696123025447
    outer loop
      vertex 32.77499378338355 -21.522272458902865 9.622265419237864
      vertex 32.77499378338354 21.522272458902865 9.622265419237864
      vertex 35.31212795352765 -21.36861067191303 11.317524273263263
    endloop
  endfacet
  facet normal 0.19509032201612844 0 -0.9807852804032303
    outer loop
      vertex 35.334375 -2.6936998496878477 11.321949485944284
      vertex 35.31212795352765 -21.36861067191303 11.317524273263263
      vertex 35.334375 2.6936998496878477 11.321949485944284
    endloop
  endfacet
  facet normal 0.19509032201612816 3.452750684190676e-19 -0.9807852804032304
    outer loop
      vertex 35.334375 -2.6936998496878477 11.321949485944284
      vertex 40 -5.387399699375695 12.25
      vertex 35.31212795352765 -21.36861067191303 11.317524273263263
    endloop
  endfacet
  facet normal -0.9807852804032303 0 -0.19509032201612922
    outer loop
      vertex 51.51639786779509 -20.583463719980582 3.6880669707414424
      vertex 51.51639786779509 20.58346371998058 3.6880669707414424
      vertex 52.25 -20.546715561224488 0
    endloop
  endfacet
  facet normal -0.9807852804032307 0 -0.19509032201612775
    outer loop
      vertex 51.51639786779509 -20.583463719980582 3.6880669707414424
      vertex 51.31752427326326 -20.583463719980582 4.68787204647235
      vertex 51.51639786779509 20.58346371998058 3.6880669707414424
    endloop
  endfacet
  facet normal -0.5555702330196024 0 -0.8314696123025451
    outer loop
      vertex 44.68787204647235 -20.86738516344123 11.317524273263263
      vertex 44.68787204647235 20.86738516344123 11.317524273263263
      vertex 48.662058069535206 -20.683163672461777 8.662058069535208
    endloop
  endfacet
  facet normal -0.8314696123025455 0 -0.555570233019602
    outer loop
      vertex 48.662058069535206 -20.683163672461777 8.662058069535208
      vertex 48.662058069535206 20.683163672461777 8.662058069535208
      vertex 51.31752427326326 -20.583463719980582 4.68787204647235
    endloop
  endfacet
  facet normal -0.19509032201612844 -3.4896903227639564e-21 -0.9807852804032304
    outer loop
      vertex 44.665625 -2.6936998496878477 11.321949485944284
      vertex 44.68787204647235 20.86738516344123 11.317524273263263
      vertex 44.68787204647235 -20.86738516344123 11.317524273263263
    endloop
  endfacet
  facet normal -0.19509032201612816 -1.6451553438760387e-18 -0.9807852804032305
    outer loop
      vertex 40 -5.387399699375695 12.25
      vertex 44.665625 -2.6936998496878477 11.321949485944284
      vertex 44.68787204647235 -20.86738516344123 11.317524273263263
    endloop
  endfacet
  facet normal 0.19509032201612816 -3.452750684190676e-19 0.9807852804032304
    outer loop
      vertex 35.334375 2.6936998496878477 -11.321949485944284
      vertex 40 5.387399699375695 -12.25
      vertex 35.31212795352765 21.36861067191303 -11.317524273263263
    endloop
  endfacet
  facet normal 0.831469612302545 0 0.5555702330196024
    outer loop
      vertex 28.682475726736737 -21.727278001629145 -4.68787204647235
      vertex 31.337941930464794 21.59425835877078 -8.662058069535208
      vertex 28.682475726736737 21.727278001629145 -4.68787204647235
    endloop
  endfacet
  facet normal 0.9807852804032305 0 0.19509032201612814
    outer loop
      vertex 27.75 -21.77398828849722 0
      vertex 28.682475726736737 21.727278001629145 -4.68787204647235
      vertex 27.75 21.77398828849722 0
    endloop
  endfacet
  facet normal 0.5555702330196012 0 0.8314696123025459
    outer loop
      vertex 31.337941930464794 -21.59425835877078 -8.662058069535208
      vertex 32.77499378338355 21.522272458902865 -9.622265419237864
      vertex 31.337941930464794 21.59425835877078 -8.662058069535208
    endloop
  endfacet
  facet normal 0.555570233019603 -9.170880863775396e-17 0.8314696123025447
    outer loop
      vertex 32.77499378338355 21.522272458902865 -9.622265419237864
      vertex 32.77499378338354 -21.522272458902865 -9.622265419237864
      vertex 35.31212795352765 21.36861067191303 -11.317524273263263
    endloop
  endfacet
  facet normal 0.19509032201612844 0 0.9807852804032303
    outer loop
      vertex 35.334375 -2.6936998496878477 -11.321949485944284
      vertex 35.334375 2.6936998496878477 -11.321949485944284
      vertex 35.31212795352765 21.36861067191303 -11.317524273263263
    endloop
  endfacet
  facet normal 0.19509032201612814 0 0.9807852804032305
    outer loop
      vertex 40 5.387399699375695 -12.25
      vertex 40 21.10808214088929 -12.25
      vertex 35.31212795352765 21.36861067191303 -11.317524273263263
    endloop
  endfacet
  facet normal -0.19509032201612814 0 0.9807852804032305
    outer loop
      vertex 40 5.387399699375695 -12.25
      vertex 44.68787204647235 20.86738516344123 -11.317524273263263
      vertex 40 21.10808214088929 -12.25
    endloop
  endfacet
  facet normal -0.19509032201612816 1.6451553438760387e-18 0.9807852804032305
    outer loop
      vertex 40 5.387399699375695 -12.25
      vertex 44.665625 2.6936998496878477 -11.321949485944284
      vertex 44.68787204647235 20.86738516344123 -11.317524273263263
    endloop
  endfacet
  facet normal -0.19509032201612844 3.4896903227639564e-21 0.9807852804032304
    outer loop
      vertex 44.665625 2.6936998496878477 -11.321949485944284
      vertex 44.68787204647235 -20.86738516344123 -11.317524273263263
      vertex 44.68787204647235 20.86738516344123 -11.317524273263263
    endloop
  endfacet
  facet normal -0.5555702330196024 0 0.8314696123025451
    outer loop
      vertex 44.68787204647235 -20.86738516344123 -11.317524273263263
      vertex 48.662058069535206 20.683163672461777 -8.662058069535208
      vertex 44.68787204647235 20.86738516344123 -11.317524273263263
    endloop
  endfacet
  facet normal -0.8314696123025455 0 0.555570233019602
    outer loop
      vertex 48.662058069535206 -20.683163672461777 -8.662058069535208
      vertex 51.31752427326326 20.583463719980582 -4.68787204647235
      vertex 48.662058069535206 20.683163672461777 -8.662058069535208
    endloop
  endfacet
  facet normal -0.9807852804032307 0 0.19509032201612775
    outer loop
      vertex 51.51639786779509 -20.58346371998058 -3.6880669707414424
      vertex 51.51639786779509 20.583463719980582 -3.6880669707414424
      vertex 51.31752427326326 20.583463719980582 -4.68787204647235
    endloop
  endfacet
  facet normal -0.9807852804032303 0 0.19509032201612922
    outer loop
      vertex 51.51639786779509 20.583463719980582 -3.6880669707414424
      vertex 51.51639786779509 -20.58346371998058 -3.6880669707414424
      vertex 52.25 20.546715561224488 0
    endloop
  endfacet
  facet normal 0.9807852804032304 0 -0.1950903220161281
    outer loop
      vertex 28.682475726736737 -21.727278001629145 4.68787204647235
      vertex 27.75 21.77398828849722 0
      vertex 28.682475726736737 21.727278001629145 4.68787204647235
    endloop
  endfacet
  facet normal 0.8314696123025451 0 -0.5555702330196024
    outer loop
      vertex 31.337941930464794 -21.59425835877078 8.662058069535208
      vertex 28.682475726736737 21.727278001629145 4.68787204647235
      vertex 31.337941930464794 21.59425835877078 8.662058069535208
    endloop
  endfacet
  facet normal 0.19509032201612847 3.407835595131359e-21 -0.9807852804032304
    outer loop
      vertex 35.334375 2.6936998496878477 11.321949485944284
      vertex 35.31212795352765 -21.36861067191303 11.317524273263263
      vertex 35.31212795352765 21.36861067191303 11.317524273263263
    endloop
  endfacet
  facet normal 0.555570233019603 9.170880863775396e-17 -0.8314696123025447
    outer loop
      vertex 32.77499378338354 21.522272458902865 9.622265419237864
      vertex 32.77499378338355 -21.522272458902865 9.622265419237864
      vertex 31.337941930464794 21.59425835877078 8.662058069535208
    endloop
  endfacet
  facet normal 0.5555702330196018 0 -0.8314696123025453
    outer loop
      vertex 35.31212795352765 -21.36861067191303 11.317524273263263
      vertex 32.77499378338354 21.522272458902865 9.622265419237864
      vertex 35.31212795352765 21.36861067191303 11.317524273263263
    endloop
  endfacet
  facet normal 0.19509032201612814 -3.5855964193571883e-19 -0.9807852804032304
    outer loop
      vertex 35.334375 2.6936998496878477 11.321949485944284
      vertex 35.31212795352765 21.36861067191303 11.317524273263263
      vertex 40 5.387399699375695 12.25
    endloop
  endfacet
  facet normal -0.19509032201612814 0 -0.9807852804032304
    outer loop
      vertex 40 5.387399699375695 12.25
      vertex 40 21.10808214088929 12.25
      vertex 44.665625 2.6936998496878477 11.321949485944284
    endloop
  endfacet
  facet normal 0.19509032201612814 0 -0.9807852804032305
    outer loop
      vertex 40 5.387399699375695 12.25
      vertex 35.31212795352765 21.36861067191303 11.317524273263263
      vertex 40 21.10808214088929 12.25
    endloop
  endfacet
  facet normal -0.9807852804032303 0 -0.19509032201612922
    outer loop
      vertex 52.25 -20.546715561224488 0
      vertex 51.51639786779509 20.58346371998058 3.6880669707414424
      vertex 52.25 20.546715561224488 0
    endloop
  endfacet
  facet normal -0.9807852804032307 8.779683176929048e-20 -0.19509032201612775
    outer loop
      vertex 51.51639786779509 20.58346371998058 3.6880669707414424
      vertex 51.31752427326326 -20.583463719980582 4.68787204647235
      vertex 51.31752427326326 20.583463719980582 4.68787204647235
    endloop
  endfacet
  facet normal -0.19509032201612844 0 -0.9807852804032303
    outer loop
      vertex 44.665625 -2.6936998496878477 11.321949485944284
      vertex 44.665625 2.6936998496878477 11.321949485944284
      vertex 44.68787204647235 20.86738516344123 11.317524273263263
    endloop
  endfacet
  facet normal -0.8314696123025455 0 -0.555570233019602
    outer loop
      vertex 51.31752427326326 -20.583463719980582 4.68787204647235
      vertex 48.662058069535206 20.683163672461777 8.662058069535208
      vertex 51.31752427326326 20.583463719980582 4.68787204647235
    endloop
  endfacet
  facet normal -0.5555702330196023 0 -0.8314696123025451
    outer loop
      vertex 48.662058069535206 -20.683163672461777 8.662058069535208
      vertex 44.68787204647235 20.86738516344123 11.317524273263263
      vertex 48.662058069535206 20.683163672461777 8.662058069535208
    endloop
  endfacet
  facet normal -0.19509032201612814 -3.5333457452347756e-19 -0.9807852804032305
    outer loop
      vertex 44.665625 2.6936998496878477 11.321949485944284
      vertex 40 21.10808214088929 12.25
      vertex 44.68787204647235 20.86738516344123 11.317524273263263
    endloop
  endfacet
  facet normal 0.19509032201612814 0.9807852804032304 9.877519242995356e-18
    outer loop
      vertex -4.6656249999999995 -11.321949485944284 -2.6936998496878477
      vertex 0 -12.25 -21.10808214088929
      vertex -4.68787204647235 -11.317524273263263 -20.86738516344123
    endloop
  endfacet
  facet normal 0.5555702330196022 0.8314696123025452 0
    outer loop
      vertex -8.662058069535208 -8.662058069535208 -20.683163672461777
      vertex -8.662058069535208 -8.662058069535208 20.683163672461777
      vertex -4.68787204647235 -11.317524273263263 -20.86738516344123
    endloop
  endfacet
  facet normal 0.8314696123025452 0.5555702330196021 -3.553495247394716e-18
    outer loop
      vertex -8.662058069535208 -8.662058069535208 -20.683163672461777
      vertex -11.317524273263263 -4.68787204647235 -20.583463719980582
      vertex -11.317524273263263 -4.68787204647235 20.583463719980582
    endloop
  endfacet
  facet normal 0.19509032201613594 0.980785280403229 0
    outer loop
      vertex -4.6656249999999995 -11.321949485944284 -2.6936998496878477
      vertex -4.68787204647235 -11.317524273263263 -20.86738516344123
      vertex -4.6656249999999995 -11.321949485944284 2.6936998496878477
    endloop
  endfacet
  facet normal 0.9807852804032307 0.19509032201612758 0
    outer loop
      vertex -11.516397867795096 -3.6880669707414415 -20.58346371998058
      vertex -11.516397867795096 -3.6880669707414415 20.58346371998058
      vertex -11.317524273263263 -4.68787204647235 -20.583463719980582
    endloop
  endfacet
  facet normal 0.9807852804032304 0.19509032201612833 1.3927994320985043e-18
    outer loop
      vertex -11.516397867795096 -3.6880669707414415 -20.58346371998058
      vertex -12.25 0 -20.546715561224488
      vertex -12.25 0 20.546715561224488
    endloop
  endfacet
  facet normal -0.19509032201612814 0.9807852804032305 0
    outer loop
      vertex 0 -12.25 -5.387399699375695
      vertex 4.68787204647235 -11.317524273263263 -21.36861067191303
      vertex 0 -12.25 -21.10808214088929
    endloop
  endfacet
  facet normal 0.1950903220161281 0.9807852804032304 5.870974181511088e-18
    outer loop
      vertex -4.6656249999999995 -11.321949485944284 -2.6936998496878477
      vertex 0 -12.25 -5.387399699375695
      vertex 0 -12.25 -21.10808214088929
    endloop
  endfacet
  facet normal -0.1950903220161281 0.9807852804032304 1.1269947635328268e-17
    outer loop
      vertex 0 -12.25 -5.387399699375695
      vertex 4.6656249999999995 -11.321949485944284 -2.6936998496878477
      vertex 4.68787204647235 -11.317524273263263 -21.36861067191303
    endloop
  endfacet
  facet normal -0.5555702330196021 0.8314696123025453 0
    outer loop
      vertex 4.68787204647235 -11.317524273263263 -21.36861067191303
      vertex 4.68787204647235 -11.317524273263263 21.36861067191303
      vertex 7.225006216616456 -9.622265419237864 -21.522272458902865
    endloop
  endfacet
  facet normal -0.5555702330196024 0.8314696123025452 0
    outer loop
      vertex 7.225006216616456 -9.622265419237864 -21.522272458902865
      vertex 7.225006216616456 -9.622265419237864 21.522272458902865
      vertex 8.662058069535208 -8.662058069535208 -21.59425835877078
    endloop
  endfacet
  facet normal -0.1950903220161359 0.9807852804032289 3.25771176611352e-21
    outer loop
      vertex 4.6656249999999995 -11.321949485944284 -2.6936998496878477
      vertex 4.68787204647235 -11.317524273263263 21.36861067191303
      vertex 4.68787204647235 -11.317524273263263 -21.36861067191303
    endloop
  endfacet
  facet normal -0.8314696123025453 0.5555702330196022 0
    outer loop
      vertex 8.662058069535208 -8.662058069535208 -21.59425835877078
      vertex 8.662058069535208 -8.662058069535208 21.59425835877078
      vertex 11.317524273263263 -4.68787204647235 -21.727278001629145
    endloop
  endfacet
  facet normal -0.9807852804032304 0.1950903220161281 0
    outer loop
      vertex 11.317524273263263 -4.68787204647235 -21.727278001629145
      vertex 11.317524273263263 -4.68787204647235 21.727278001629145
      vertex 12.25 0 -21.77398828849722
    endloop
  endfacet
  facet normal 0.19509032201612814 0.9807852804032305 -9.92255057877624e-18
    outer loop
      vertex -4.6656249999999995 -11.321949485944284 2.6936998496878477
      vertex -4.68787204647235 -11.317524273263263 20.86738516344123
      vertex 0 -12.25 5.387399699375695
    endloop
  endfacet
  facet normal 0.1950903220161359 0.9807852804032289 -3.3359605847190004e-21
    outer loop
      vertex -4.6656249999999995 -11.321949485944284 2.6936998496878477
      vertex -4.68787204647235 -11.317524273263263 -20.86738516344123
      vertex -4.68787204647235 -11.317524273263263 20.86738516344123
    endloop
  endfacet
  facet normal 0.8314696123025452 0.5555702330196022 0
    outer loop
      vertex -8.662058069535208 -8.662058069535208 -20.683163672461777
      vertex -11.317524273263263 -4.68787204647235 20.583463719980582
      vertex -8.662058069535208 -8.662058069535208 20.683163672461777
    endloop
  endfacet
  facet normal 0.5555702330196022 0.8314696123025452 0
    outer loop
      vertex -4.68787204647235 -11.317524273263263 -20.86738516344123
      vertex -8.662058069535208 -8.662058069535208 20.683163672461777
      vertex -4.68787204647235 -11.317524273263263 20.86738516344123
    endloop
  endfacet
  facet normal 0.9807852804032307 0.19509032201612753 -1.5292091336720162e-19
    outer loop
      vertex -11.516397867795096 -3.6880669707414415 20.58346371998058
      vertex -11.317524273263263 -4.68787204647235 20.583463719980582
      vertex -11.317524273263263 -4.68787204647235 -20.583463719980582
    endloop
  endfacet
  facet normal 0.9807852804032303 0.19509032201612828 0
    outer loop
      vertex -11.516397867795096 -3.6880669707414415 20.58346371998058
      vertex -11.516397867795096 -3.6880669707414415 -20.58346371998058
      vertex -12.25 0 20.546715561224488
    endloop
  endfacet
  facet normal -0.19509032201612814 0.9807852804032304 -8.38992880846322e-18
    outer loop
      vertex 0 -12.25 5.387399699375695
      vertex 4.68787204647235 -11.317524273263263 21.36861067191303
      vertex 4.6656249999999995 -11.321949485944284 2.6936998496878477
    endloop
  endfacet
  facet normal 0.19509032201612814 0.9807852804032305 0
    outer loop
      vertex 0 -12.25 5.387399699375695
      vertex -4.68787204647235 -11.317524273263263 20.86738516344123
      vertex 0 -12.25 21.10808214088929
    endloop
  endfacet
  facet normal -0.19509032201612814 0.9807852804032305 0
    outer loop
      vertex 0 -12.25 5.387399699375695
      vertex 0 -12.25 21.10808214088929
      vertex 4.68787204647235 -11.317524273263263 21.36861067191303
    endloop
  endfacet
  facet normal -0.19509032201613594 0.980785280403229 0
    outer loop
      vertex 4.6656249999999995 -11.321949485944284 -2.6936998496878477
      vertex 4.6656249999999995 -11.321949485944284 2.6936998496878477
      vertex 4.68787204647235 -11.317524273263263 21.36861067191303
    endloop
  endfacet
  facet normal -0.5555702330196021 0.8314696123025455 0
    outer loop
      vertex 7.225006216616456 -9.622265419237864 21.522272458902865
      vertex 7.225006216616456 -9.622265419237864 -21.522272458902865
      vertex 4.68787204647235 -11.317524273263263 21.36861067191303
    endloop
  endfacet
  facet normal -0.5555702330196023 0.8314696123025451 0
    outer loop
      vertex 8.662058069535208 -8.662058069535208 -21.59425835877078
      vertex 7.225006216616456 -9.622265419237864 21.522272458902865
      vertex 8.662058069535208 -8.662058069535208 21.59425835877078
    endloop
  endfacet
  facet normal -0.8314696123025452 0.5555702330196022 0
    outer loop
      vertex 11.317524273263263 -4.68787204647235 -21.727278001629145
      vertex 8.662058069535208 -8.662058069535208 21.59425835877078
      vertex 11.317524273263263 -4.68787204647235 21.727278001629145
    endloop
  endfacet
  facet normal -0.9807852804032305 0.19509032201612814 0
    outer loop
      vertex 12.25 0 -21.77398828849722
      vertex 11.317524273263263 -4.68787204647235 21.727278001629145
      vertex 12.25 0 21.77398828849722
    endloop
  endfacet
  facet normal 0.9807852804032303 -0.19509032201612828 0
    outer loop
      vertex -11.516397867795096 3.6880669707414415 -20.58346371998058
      vertex -11.516397867795096 3.6880669707414415 20.58346371998058
      vertex -12.25 0 -20.546715561224488
    endloop
  endfacet
  facet normal 0.9807852804032307 -0.19509032201612753 1.5292091336720162e-19
    outer loop
      vertex -11.516397867795096 3.6880669707414415 -20.58346371998058
      vertex -11.317524273263263 4.68787204647235 -20.583463719980582
      vertex -11.317524273263263 4.68787204647235 20.583463719980582
    endloop
  endfacet
  facet normal 0.8314696123025452 -0.5555702330196022 3.5363661798633736e-18
    outer loop
      vertex -11.317524273263263 4.68787204647235 -20.583463719980582
      vertex -8.662058069535208 8.662058069535208 -20.683163672461777
      vertex -8.662058069535208 8.662058069535208 20.683163672461777
    endloop
  endfacet
  facet normal 0.5555702330196022 -0.8314696123025452 0
    outer loop
      vertex -4.68787204647235 11.317524273263263 -20.86738516344123
      vertex -4.68787204647235 11.317524273263263 20.86738516344123
      vertex -8.662058069535208 8.662058069535208 -20.683163672461777
    endloop
  endfacet
  facet normal 0.1950903220161359 -0.9807852804032289 3.3359605847190004e-21
    outer loop
      vertex -4.6656249999999995 11.321949485944284 -2.6936998496878477
      vertex -4.68787204647235 11.317524273263263 20.86738516344123
      vertex -4.68787204647235 11.317524273263263 -20.86738516344123
    endloop
  endfacet
  facet normal 0.19509032201612814 -0.9807852804032305 9.92255057877624e-18
    outer loop
      vertex -4.6656249999999995 11.321949485944284 -2.6936998496878477
      vertex -4.68787204647235 11.317524273263263 -20.86738516344123
      vertex 0 12.25 -5.387399699375695
    endloop
  endfacet
  facet normal -0.19509032201613594 -0.980785280403229 0
    outer loop
      vertex 4.6656249999999995 11.321949485944284 -2.6936998496878477
      vertex 4.68787204647235 11.317524273263263 -21.36861067191303
      vertex 4.6656249999999995 11.321949485944284 2.6936998496878477
    endloop
  endfacet
  facet normal -0.5555702330196021 -0.8314696123025455 0
    outer loop
      vertex 7.225006216616456 9.622265419237864 -21.522272458902865
      vertex 7.225006216616456 9.622265419237864 21.522272458902865
      vertex 4.68787204647235 11.317524273263263 -21.36861067191303
    endloop
  endfacet
  facet normal -0.5555702330196024 -0.8314696123025452 9.49471078566633e-19
    outer loop
      vertex 7.225006216616456 9.622265419237864 -21.522272458902865
      vertex 8.662058069535208 8.662058069535208 -21.59425835877078
      vertex 8.662058069535208 8.662058069535208 21.59425835877078
    endloop
  endfacet
  facet normal -0.9807852804032305 -0.19509032201612814 0
    outer loop
      vertex 12.25 0 -21.77398828849722
      vertex 12.25 0 21.77398828849722
      vertex 11.317524273263263 4.68787204647235 -21.727278001629145
    endloop
  endfacet
  facet normal -0.8314696123025452 -0.5555702330196022 -3.3664244779483267e-18
    outer loop
      vertex 8.662058069535208 8.662058069535208 -21.59425835877078
      vertex 11.317524273263263 4.68787204647235 -21.727278001629145
      vertex 11.317524273263263 4.68787204647235 21.727278001629145
    endloop
  endfacet
  facet normal 0.19509032201612814 -0.9807852804032305 0
    outer loop
      vertex 0 12.25 -5.387399699375695
      vertex -4.68787204647235 11.317524273263263 -20.86738516344123
      vertex 0 12.25 -21.10808214088929
    endloop
  endfacet
  facet normal -0.19509032201612814 -0.9807852804032305 0
    outer loop
      vertex 0 12.25 -5.387399699375695
      vertex 0 12.25 -21.10808214088929
      vertex 4.68787204647235 11.317524273263263 -21.36861067191303
    endloop
  endfacet
  facet normal -0.19509032201612814 -0.9807852804032304 8.38992880846322e-18
    outer loop
      vertex 0 12.25 -5.387399699375695
      vertex 4.68787204647235 11.317524273263263 -21.36861067191303
      vertex 4.6656249999999995 11.321949485944284 -2.6936998496878477
    endloop
  endfacet
  facet normal 0.9807852804032304 -0.19509032201612833 0
    outer loop
      vertex -12.25 0 -20.546715561224488
      vertex -11.516397867795096 3.6880669707414415 20.58346371998058
      vertex -12.25 0 20.546715561224488
    endloop
  endfacet
  facet normal 0.9807852804032307 -0.19509032201612758 0
    outer loop
      vertex -11.516397867795096 3.6880669707414415 -20.58346371998058
      vertex -11.317524273263263 4.68787204647235 20.583463719980582
      vertex -11.516397867795096 3.6880669707414415 20.58346371998058
    endloop
  endfacet
  facet normal 0.8314696123025452 -0.5555702330196021 0
    outer loop
      vertex -11.317524273263263 4.68787204647235 -20.583463719980582
      vertex -8.662058069535208 8.662058069535208 20.683163672461777
      vertex -11.317524273263263 4.68787204647235 20.583463719980582
    endloop
  endfacet
  facet normal 0.5555702330196022 -0.8314696123025452 0
    outer loop
      vertex -8.662058069535208 8.662058069535208 -20.683163672461777
      vertex -4.68787204647235 11.317524273263263 20.86738516344123
      vertex -8.662058069535208 8.662058069535208 20.683163672461777
    endloop
  endfacet
  facet normal 0.19509032201613594 -0.980785280403229 0
    outer loop
      vertex -4.6656249999999995 11.321949485944284 -2.6936998496878477
      vertex -4.6656249999999995 11.321949485944284 2.6936998496878477
      vertex -4.68787204647235 11.317524273263263 20.86738516344123
    endloop
  endfacet
  facet normal 0.19509032201612814 -0.9807852804032304 -9.877519242995356e-18
    outer loop
      vertex -4.6656249999999995 11.321949485944284 2.6936998496878477
      vertex 0 12.25 21.10808214088929
      vertex -4.68787204647235 11.317524273263263 20.86738516344123
    endloop
  endfacet
  facet normal -0.1950903220161359 -0.9807852804032289 -3.25771176611352e-21
    outer loop
      vertex 4.6656249999999995 11.321949485944284 2.6936998496878477
      vertex 4.68787204647235 11.317524273263263 -21.36861067191303
      vertex 4.68787204647235 11.317524273263263 21.36861067191303
    endloop
  endfacet
  facet normal -0.5555702330196021 -0.8314696123025453 0
    outer loop
      vertex 4.68787204647235 11.317524273263263 -21.36861067191303
      vertex 7.225006216616456 9.622265419237864 21.522272458902865
      vertex 4.68787204647235 11.317524273263263 21.36861067191303
    endloop
  endfacet
  facet normal -0.5555702330196024 -0.8314696123025452 0
    outer loop
      vertex 7.225006216616456 9.622265419237864 21.522272458902865
      vertex 7.225006216616456 9.622265419237864 -21.522272458902865
      vertex 8.662058069535208 8.662058069535208 21.59425835877078
    endloop
  endfacet
  facet normal -0.9807852804032304 -0.1950903220161281 0
    outer loop
      vertex 11.317524273263263 4.68787204647235 -21.727278001629145
      vertex 12.25 0 21.77398828849722
      vertex 11.317524273263263 4.68787204647235 21.727278001629145
    endloop
  endfacet
  facet normal -0.8314696123025453 -0.5555702330196022 0
    outer loop
      vertex 8.662058069535208 8.662058069535208 -21.59425835877078
      vertex 11.317524273263263 4.68787204647235 21.727278001629145
      vertex 8.662058069535208 8.662058069535208 21.59425835877078
    endloop
  endfacet
  facet normal 0.1950903220161281 -0.9807852804032304 -5.870974181511088e-18
    outer loop
      vertex -4.6656249999999995 11.321949485944284 2.6936998496878477
      vertex 0 12.25 5.387399699375695
      vertex 0 12.25 21.10808214088929
    endloop
  endfacet
  facet normal -0.1950903220161281 -0.9807852804032304 -1.1269947635328268e-17
    outer loop
      vertex 0 12.25 5.387399699375695
      vertex 4.6656249999999995 11.321949485944284 2.6936998496878477
      vertex 4.68787204647235 11.317524273263263 21.36861067191303
    endloop
  endfacet
  facet normal -0.19509032201612814 -0.9807852804032305 0
    outer loop
      vertex 0 12.25 5.387399699375695
      vertex 4.68787204647235 11.317524273263263 21.36861067191303
      vertex 0 12.25 21.10808214088929
    endloop
  endfacet
endsolid OpenSCAD_Model
