solid OpenSCAD_Model
  facet normal 0.5 0 0.8660254037844386
    outer loop
      vertex -4.6656249999999995 12.625 -2.6936998496878477
      vertex 0 15.603125 -5.387399699375695
      vertex -4.6656249999999995 15.603125 -2.6936998496878477
    endloop
  endfacet
  facet normal 1 0 0
    outer loop
      vertex -4.6656249999999995 12.625 -2.6936998496878477
      vertex -4.6656249999999995 15.603125 -2.6936998496878477
      vertex -4.6656249999999995 15.603125 2.6936998496878477
    endloop
  endfacet
  facet normal 0 -1 0
    outer loop
      vertex -4.6656249999999995 15.603125 -2.6936998496878477
      vertex 0 15.603125 -2.8812499999999996
      vertex -1.693556258167688 15.603125 -2.330980215042817
    endloop
  endfacet
  facet normal 0 -1 0
    outer loop
      vertex -4.6656249999999995 15.603125 -2.6936998496878477
      vertex -1.693556258167688 15.603125 -2.330980215042817
      vertex -2.7402315875754106 15.603125 -0.8903552150428171
    endloop
  endfacet
  facet normal 0 -1 0
    outer loop
      vertex -4.6656249999999995 15.603125 -2.6936998496878477
      vertex -2.7402315875754106 15.603125 -0.8903552150428171
      vertex -4.6656249999999995 15.603125 2.6936998496878477
    endloop
  endfacet
  facet normal 0.5 -6.36780208869213e-18 0.8660254037844386
    outer loop
      vertex -4.6656249999999995 12.625 -2.6936998496878477
      vertex 0 12.625 -5.387399699375695
      vertex 0 15.603125 -5.387399699375695
    endloop
  endfacet
  facet normal -0.5 0 0.8660254037844386
    outer loop
      vertex 0 12.625 -5.387399699375695
      vertex 4.6656249999999995 15.603125 -2.6936998496878477
      vertex 0 15.603125 -5.387399699375695
    endloop
  endfacet
  facet normal -0.5 6.36780208869213e-18 0.8660254037844386
    outer loop
      vertex 0 12.625 -5.387399699375695
      vertex 4.6656249999999995 12.625 -2.6936998496878477
      vertex 4.6656249999999995 15.603125 -2.6936998496878477
    endloop
  endfacet
  facet normal 0 -1 0
    outer loop
      vertex -4.6656249999999995 15.603125 -2.6936998496878477
      vertex 0 15.603125 -5.387399699375695
      vertex 0 15.603125 -2.8812499999999996
    endloop
  endfacet
  facet normal 0 -1 0
    outer loop
      vertex 0 15.603125 -5.387399699375695
      vertex 1.693556258167688 15.603125 -2.330980215042817
      vertex 0 15.603125 -2.8812499999999996
    endloop
  endfacet
  facet normal 0 -1 0
    outer loop
      vertex 0 15.603125 -5.387399699375695
      vertex 4.6656249999999995 15.603125 -2.6936998496878477
      vertex 1.693556258167688 15.603125 -2.330980215042817
    endloop
  endfacet
  facet normal 0 -1 0
    outer loop
      vertex 1.693556258167688 15.603125 -2.330980215042817
      vertex 4.6656249999999995 15.603125 -2.6936998496878477
      vertex 2.7402315875754106 15.603125 -0.8903552150428171
    endloop
  endfacet
  facet normal 0 -1 0
    outer loop
      vertex 2.7402315875754106 15.603125 -0.8903552150428171
      vertex 4.6656249999999995 15.603125 -2.6936998496878477
      vertex 2.7402315875754106 15.603125 0.8903552150428171
    endloop
  endfacet
  facet normal -1 0 0
    outer loop
      vertex 4.6656249999999995 12.625 -2.6936998496878477
      vertex 4.6656249999999995 12.625 2.6936998496878477
      vertex 4.6656249999999995 15.603125 -2.6936998496878477
    endloop
  endfacet
  facet normal 1 0 0
    outer loop
      vertex -4.6656249999999995 12.625 -2.6936998496878477
      vertex -4.6656249999999995 15.603125 2.6936998496878477
      vertex -4.6656249999999995 12.625 2.6936998496878477
    endloop
  endfacet
  facet normal 0.5 0 -0.8660254037844386
    outer loop
      vertex -4.6656249999999995 12.625 2.6936998496878477
      vertex -4.6656249999999995 15.603125 2.6936998496878477
      vertex 0 12.625 5.387399699375695
    endloop
  endfacet
  facet normal 0 -1 0
    outer loop
      vertex -2.7402315875754106 15.603125 -0.8903552150428171
      vertex -2.7402315875754106 15.603125 0.8903552150428171
      vertex -4.6656249999999995 15.603125 2.6936998496878477
    endloop
  endfacet
  facet normal 0 -1 0
    outer loop
      vertex -4.6656249999999995 15.603125 2.6936998496878477
      vertex -2.7402315875754106 15.603125 0.8903552150428171
      vertex -1.693556258167688 15.603125 2.330980215042817
    endloop
  endfacet
  facet normal 0 -1 0
    outer loop
      vertex -4.6656249999999995 15.603125 2.6936998496878477
      vertex -1.693556258167688 15.603125 2.330980215042817
      vertex 0 15.603125 5.387399699375695
    endloop
  endfacet
  facet normal 0.5 6.36780208869213e-18 -0.8660254037844386
    outer loop
      vertex -4.6656249999999995 15.603125 2.6936998496878477
      vertex 0 15.603125 5.387399699375695
      vertex 0 12.625 5.387399699375695
    endloop
  endfacet
  facet normal -0.5 -6.36780208869213e-18 -0.8660254037844386
    outer loop
      vertex 0 15.603125 5.387399699375695
      vertex 4.6656249999999995 15.603125 2.6936998496878477
      vertex 4.6656249999999995 12.625 2.6936998496878477
    endloop
  endfacet
  facet normal -0.5 0 -0.8660254037844386
    outer loop
      vertex 0 12.625 5.387399699375695
      vertex 0 15.603125 5.387399699375695
      vertex 4.6656249999999995 12.625 2.6936998496878477
    endloop
  endfacet
  facet normal 0 -1 0
    outer loop
      vertex 0 15.603125 2.8812499999999996
      vertex 1.693556258167688 15.603125 2.330980215042817
      vertex 4.6656249999999995 15.603125 2.6936998496878477
    endloop
  endfacet
  facet normal 0 -1 0
    outer loop
      vertex 1.693556258167688 15.603125 2.330980215042817
      vertex 2.7402315875754106 15.603125 0.8903552150428171
      vertex 4.6656249999999995 15.603125 2.6936998496878477
    endloop
  endfacet
  facet normal 0 -1 0
    outer loop
      vertex -1.693556258167688 15.603125 2.330980215042817
      vertex 0 15.603125 2.8812499999999996
      vertex 0 15.603125 5.387399699375695
    endloop
  endfacet
  facet normal 0 -1 0
    outer loop
      vertex 0 15.603125 2.8812499999999996
      vertex 4.6656249999999995 15.603125 2.6936998496878477
      vertex 0 15.603125 5.387399699375695
    endloop
  endfacet
  facet normal -1 0 0
    outer loop
      vertex 4.6656249999999995 15.603125 -2.6936998496878477
      vertex 4.6656249999999995 12.625 2.6936998496878477
      vertex 4.6656249999999995 15.603125 2.6936998496878477
    endloop
  endfacet
  facet normal 0 -1 0
    outer loop
      vertex 4.6656249999999995 15.603125 -2.6936998496878477
      vertex 4.6656249999999995 15.603125 2.6936998496878477
      vertex 2.7402315875754106 15.603125 0.8903552150428171
    endloop
  endfacet
  facet normal 0 1 0
    outer loop
      vertex -4.6656249999999995 -15.603125 -2.6936998496878477
      vertex -1.693556258167688 -15.603125 -2.330980215042817
      vertex 0 -15.603125 -5.387399699375695
    endloop
  endfacet
  facet normal 0 1 0
    outer loop
      vertex -4.6656249999999995 -15.603125 -2.6936998496878477
      vertex -2.7402315875754106 -15.603125 -0.8903552150428171
      vertex -1.693556258167688 -15.603125 -2.330980215042817
    endloop
  endfacet
  facet normal 0 1 0
    outer loop
      vertex -4.6656249999999995 -15.603125 -2.6936998496878477
      vertex -2.7402315875754106 -15.603125 0.8903552150428171
      vertex -2.7402315875754106 -15.603125 -0.8903552150428171
    endloop
  endfacet
  facet normal 0.5 0 0.8660254037844386
    outer loop
      vertex -4.6656249999999995 -15.603125 -2.6936998496878477
      vertex 0 -12.625 -5.387399699375695
      vertex -4.6656249999999995 -12.625 -2.6936998496878477
    endloop
  endfacet
  facet normal 1 0 0
    outer loop
      vertex -4.6656249999999995 -15.603125 -2.6936998496878477
      vertex -4.6656249999999995 -12.625 -2.6936998496878477
      vertex -4.6656249999999995 -12.625 2.6936998496878477
    endloop
  endfacet
  facet normal 0 1 0
    outer loop
      vertex -1.693556258167688 -15.603125 -2.330980215042817
      vertex 0 -15.603125 -2.8812499999999996
      vertex 0 -15.603125 -5.387399699375695
    endloop
  endfacet
  facet normal 0 1 0
    outer loop
      vertex 0 -15.603125 -5.387399699375695
      vertex 0 -15.603125 -2.8812499999999996
      vertex 4.6656249999999995 -15.603125 -2.6936998496878477
    endloop
  endfacet
  facet normal 0 1 0
    outer loop
      vertex 0 -15.603125 -2.8812499999999996
      vertex 1.693556258167688 -15.603125 -2.330980215042817
      vertex 4.6656249999999995 -15.603125 -2.6936998496878477
    endloop
  endfacet
  facet normal 0 1 0
    outer loop
      vertex 1.693556258167688 -15.603125 -2.330980215042817
      vertex 2.7402315875754106 -15.603125 -0.8903552150428171
      vertex 4.6656249999999995 -15.603125 -2.6936998496878477
    endloop
  endfacet
  facet normal 0.5 -6.36780208869213e-18 0.8660254037844386
    outer loop
      vertex -4.6656249999999995 -15.603125 -2.6936998496878477
      vertex 0 -15.603125 -5.387399699375695
      vertex 0 -12.625 -5.387399699375695
    endloop
  endfacet
  facet normal -0.5 0 0.8660254037844386
    outer loop
      vertex 0 -15.603125 -5.387399699375695
      vertex 4.6656249999999995 -12.625 -2.6936998496878477
      vertex 0 -12.625 -5.387399699375695
    endloop
  endfacet
  facet normal -0.5 6.36780208869213e-18 0.8660254037844386
    outer loop
      vertex 0 -15.603125 -5.387399699375695
      vertex 4.6656249999999995 -15.603125 -2.6936998496878477
      vertex 4.6656249999999995 -12.625 -2.6936998496878477
    endloop
  endfacet
  facet normal 0 1 0
    outer loop
      vertex 2.7402315875754106 -15.603125 -0.8903552150428171
      vertex 4.6656249999999995 -15.603125 2.6936998496878477
      vertex 4.6656249999999995 -15.603125 -2.6936998496878477
    endloop
  endfacet
  facet normal -1 0 0
    outer loop
      vertex 4.6656249999999995 -15.603125 -2.6936998496878477
      vertex 4.6656249999999995 -15.603125 2.6936998496878477
      vertex 4.6656249999999995 -12.625 -2.6936998496878477
    endloop
  endfacet
  facet normal 0 1 0
    outer loop
      vertex -4.6656249999999995 -15.603125 -2.6936998496878477
      vertex -4.6656249999999995 -15.603125 2.6936998496878477
      vertex -2.7402315875754106 -15.603125 0.8903552150428171
    endloop
  endfacet
  facet normal 0 1 0
    outer loop
      vertex -4.6656249999999995 -15.603125 2.6936998496878477
      vertex -1.693556258167688 -15.603125 2.330980215042817
      vertex -2.7402315875754106 -15.603125 0.8903552150428171
    endloop
  endfacet
  facet normal 0 1 0
    outer loop
      vertex -4.6656249999999995 -15.603125 2.6936998496878477
      vertex 0 -15.603125 2.8812499999999996
      vertex -1.693556258167688 -15.603125 2.330980215042817
    endloop
  endfacet
  facet normal 1 0 0
    outer loop
      vertex -4.6656249999999995 -15.603125 -2.6936998496878477
      vertex -4.6656249999999995 -12.625 2.6936998496878477
      vertex -4.6656249999999995 -15.603125 2.6936998496878477
    endloop
  endfacet
  facet normal 0.5 0 -0.8660254037844386
    outer loop
      vertex -4.6656249999999995 -15.603125 2.6936998496878477
      vertex -4.6656249999999995 -12.625 2.6936998496878477
      vertex 0 -15.603125 5.387399699375695
    endloop
  endfacet
  facet normal 0 1 0
    outer loop
      vertex 2.7402315875754106 -15.603125 -0.8903552150428171
      vertex 2.7402315875754106 -15.603125 0.8903552150428171
      vertex 4.6656249999999995 -15.603125 2.6936998496878477
    endloop
  endfacet
  facet normal 0 1 0
    outer loop
      vertex 1.693556258167688 -15.603125 2.330980215042817
      vertex 4.6656249999999995 -15.603125 2.6936998496878477
      vertex 2.7402315875754106 -15.603125 0.8903552150428171
    endloop
  endfacet
  facet normal 0 1 0
    outer loop
      vertex -4.6656249999999995 -15.603125 2.6936998496878477
      vertex 0 -15.603125 5.387399699375695
      vertex 0 -15.603125 2.8812499999999996
    endloop
  endfacet
  facet normal 0 1 0
    outer loop
      vertex 0 -15.603125 2.8812499999999996
      vertex 0 -15.603125 5.387399699375695
      vertex 1.693556258167688 -15.603125 2.330980215042817
    endloop
  endfacet
  facet normal 0 1 0
    outer loop
      vertex 0 -15.603125 5.387399699375695
      vertex 4.6656249999999995 -15.603125 2.6936998496878477
      vertex 1.693556258167688 -15.603125 2.330980215042817
    endloop
  endfacet
  facet normal 0.5 6.36780208869213e-18 -0.8660254037844386
    outer loop
      vertex -4.6656249999999995 -12.625 2.6936998496878477
      vertex 0 -12.625 5.387399699375695
      vertex 0 -15.603125 5.387399699375695
    endloop
  endfacet
  facet normal -0.5 -6.36780208869213e-18 -0.8660254037844386
    outer loop
      vertex 0 -12.625 5.387399699375695
      vertex 4.6656249999999995 -12.625 2.6936998496878477
      vertex 4.6656249999999995 -15.603125 2.6936998496878477
    endloop
  endfacet
  facet normal -0.5 0 -0.8660254037844386
    outer loop
      vertex 0 -15.603125 5.387399699375695
      vertex 0 -12.625 5.387399699375695
      vertex 4.6656249999999995 -15.603125 2.6936998496878477
    endloop
  endfacet
  facet normal -1 0 0
    outer loop
      vertex 4.6656249999999995 -12.625 -2.6936998496878477
      vertex 4.6656249999999995 -15.603125 2.6936998496878477
      vertex 4.6656249999999995 -12.625 2.6936998496878477
    endloop
  endfacet
  facet normal 0.5 0 0.8660254037844386
    outer loop
      vertex -4.6656249999999995 11.696949485944282 -2.6936998496878477
      vertex 0 12.625 -5.387399699375695
      vertex -4.6656249999999995 12.625 -2.6936998496878477
    endloop
  endfacet
  facet normal 1 0 0
    outer loop
      vertex -4.6656249999999995 11.696949485944282 -2.6936998496878477
      vertex -4.6656249999999995 12.625 -2.6936998496878477
      vertex -4.6656249999999995 11.696949485944282 2.6936998496878477
    endloop
  endfacet
  facet normal -0.5 2.0434351695480766e-17 0.8660254037844386
    outer loop
      vertex 0 12.625 -5.387399699375695
      vertex 4.6656249999999995 11.696949485944282 -2.6936998496878477
      vertex 4.6656249999999995 12.625 -2.6936998496878477
    endloop
  endfacet
  facet normal -1 0 0
    outer loop
      vertex 4.6656249999999995 11.696949485944282 -2.6936998496878477
      vertex 4.6656249999999995 12.625 2.6936998496878477
      vertex 4.6656249999999995 12.625 -2.6936998496878477
    endloop
  endfacet
  facet normal 1 0 0
    outer loop
      vertex -4.6656249999999995 12.625 -2.6936998496878477
      vertex -4.6656249999999995 12.625 2.6936998496878477
      vertex -4.6656249999999995 11.696949485944282 2.6936998496878477
    endloop
  endfacet
  facet normal 0.5 0 -0.8660254037844386
    outer loop
      vertex -4.6656249999999995 11.696949485944282 2.6936998496878477
      vertex -4.6656249999999995 12.625 2.6936998496878477
      vertex 0 12.625 5.387399699375695
    endloop
  endfacet
  facet normal -0.5 -2.0434351695480766e-17 -0.8660254037844386
    outer loop
      vertex 0 12.625 5.387399699375695
      vertex 4.6656249999999995 12.625 2.6936998496878477
      vertex 4.6656249999999995 11.696949485944282 2.6936998496878477
    endloop
  endfacet
  facet normal -1 0 0
    outer loop
      vertex 4.6656249999999995 11.696949485944282 -2.6936998496878477
      vertex 4.6656249999999995 11.696949485944282 2.6936998496878477
      vertex 4.6656249999999995 12.625 2.6936998496878477
    endloop
  endfacet
  facet normal 0.5 0 0.8660254037844386
    outer loop
      vertex -4.6656249999999995 -12.625 -2.6936998496878477
      vertex 0 -12.625 -5.387399699375695
      vertex -4.6656249999999995 -11.696949485944282 -2.6936998496878477
    endloop
  endfacet
  facet normal 1 0 0
    outer loop
      vertex -4.6656249999999995 -12.625 -2.6936998496878477
      vertex -4.6656249999999995 -11.696949485944282 -2.6936998496878477
      vertex -4.6656249999999995 -12.625 2.6936998496878477
    endloop
  endfacet
  facet normal -0.5 2.0434351695480766e-17 0.8660254037844386
    outer loop
      vertex 0 -12.625 -5.387399699375695
      vertex 4.6656249999999995 -12.625 -2.6936998496878477
      vertex 4.6656249999999995 -11.696949485944282 -2.6936998496878477
    endloop
  endfacet
  facet normal -1 0 0
    outer loop
      vertex 4.6656249999999995 -12.625 -2.6936998496878477
      vertex 4.6656249999999995 -11.696949485944282 2.6936998496878477
      vertex 4.6656249999999995 -11.696949485944282 -2.6936998496878477
    endloop
  endfacet
  facet normal 1 0 0
    outer loop
      vertex -4.6656249999999995 -11.696949485944282 -2.6936998496878477
      vertex -4.6656249999999995 -11.696949485944282 2.6936998496878477
      vertex -4.6656249999999995 -12.625 2.6936998496878477
    endloop
  endfacet
  facet normal 0.5 0 -0.8660254037844386
    outer loop
      vertex -4.6656249999999995 -12.625 2.6936998496878477
      vertex -4.6656249999999995 -11.696949485944282 2.6936998496878477
      vertex 0 -12.625 5.387399699375695
    endloop
  endfacet
  facet normal -0.5 -2.0434351695480766e-17 -0.8660254037844386
    outer loop
      vertex 0 -12.625 5.387399699375695
      vertex 4.6656249999999995 -11.696949485944282 2.6936998496878477
      vertex 4.6656249999999995 -12.625 2.6936998496878477
    endloop
  endfacet
  facet normal -1 0 0
    outer loop
      vertex 4.6656249999999995 -12.625 -2.6936998496878477
      vertex 4.6656249999999995 -12.625 2.6936998496878477
      vertex 4.6656249999999995 -11.696949485944282 2.6936998496878477
    endloop
  endfacet
  facet normal 0.8090169943749476 1.0148853937155996e-17 0.587785252292473
    outer loop
      vertex -2.7402315875754106 15.603125 -0.8903552150428171
      vertex -1.693556258167688 15.603125 -2.330980215042817
      vertex -1.693556258167688 20.2878625 -2.330980215042817
    endloop
  endfacet
  facet normal 1 0 0
    outer loop
      vertex -2.7402315875754106 15.603125 -0.8903552150428171
      vertex -2.7402315875754106 20.2878625 -0.8903552150428171
      vertex -2.7402315875754106 15.603125 0.8903552150428171
    endloop
  endfacet
  facet normal 0.8090169943749476 0 0.587785252292473
    outer loop
      vertex -2.7402315875754106 15.603125 -0.8903552150428171
      vertex -1.693556258167688 20.2878625 -2.330980215042817
      vertex -2.7402315875754106 20.2878625 -0.8903552150428171
    endloop
  endfacet
  facet normal 0.3090169943749474 -7.839656094340383e-20 0.9510565162951538
    outer loop
      vertex -1.693556258167688 15.603125 -2.330980215042817
      vertex 0 15.603125 -2.8812499999999996
      vertex 0 20.2878625 -2.8812499999999996
    endloop
  endfacet
  facet normal -0.3090169943749474 7.839656094340383e-20 0.9510565162951538
    outer loop
      vertex 0 15.603125 -2.8812499999999996
      vertex 1.693556258167688 15.603125 -2.330980215042817
      vertex 1.693556258167688 20.2878625 -2.330980215042817
    endloop
  endfacet
  facet normal -0.8090169943749476 -1.0148853937155996e-17 0.587785252292473
    outer loop
      vertex 1.693556258167688 15.603125 -2.330980215042817
      vertex 2.7402315875754106 15.603125 -0.8903552150428171
      vertex 2.7402315875754106 20.2878625 -0.8903552150428171
    endloop
  endfacet
  facet normal 0.3090169943749474 0 0.9510565162951538
    outer loop
      vertex -1.693556258167688 15.603125 -2.330980215042817
      vertex 0 20.2878625 -2.8812499999999996
      vertex -1.693556258167688 20.2878625 -2.330980215042817
    endloop
  endfacet
  facet normal -0.3090169943749474 0 0.9510565162951538
    outer loop
      vertex 0 15.603125 -2.8812499999999996
      vertex 1.693556258167688 20.2878625 -2.330980215042817
      vertex 0 20.2878625 -2.8812499999999996
    endloop
  endfacet
  facet normal -0.8090169943749476 0 0.587785252292473
    outer loop
      vertex 1.693556258167688 15.603125 -2.330980215042817
      vertex 2.7402315875754106 20.2878625 -0.8903552150428171
      vertex 1.693556258167688 20.2878625 -2.330980215042817
    endloop
  endfacet
  facet normal -1 0 0
    outer loop
      vertex 2.7402315875754106 15.603125 -0.8903552150428171
      vertex 2.7402315875754106 20.2878625 0.8903552150428171
      vertex 2.7402315875754106 20.2878625 -0.8903552150428171
    endloop
  endfacet
  facet normal 0.8090169943749476 0 -0.587785252292473
    outer loop
      vertex -2.7402315875754106 15.603125 0.8903552150428171
      vertex -2.7402315875754106 20.2878625 0.8903552150428171
      vertex -1.693556258167688 15.603125 2.330980215042817
    endloop
  endfacet
  facet normal 1 0 0
    outer loop
      vertex -2.7402315875754106 20.2878625 -0.8903552150428171
      vertex -2.7402315875754106 20.2878625 0.8903552150428171
      vertex -2.7402315875754106 15.603125 0.8903552150428171
    endloop
  endfacet
  facet normal 0.8090169943749476 -1.0148853937155996e-17 -0.587785252292473
    outer loop
      vertex -2.7402315875754106 20.2878625 0.8903552150428171
      vertex -1.693556258167688 20.2878625 2.330980215042817
      vertex -1.693556258167688 15.603125 2.330980215042817
    endloop
  endfacet
  facet normal 0.3090169943749474 0 -0.9510565162951538
    outer loop
      vertex -1.693556258167688 15.603125 2.330980215042817
      vertex -1.693556258167688 20.2878625 2.330980215042817
      vertex 0 15.603125 2.8812499999999996
    endloop
  endfacet
  facet normal -0.3090169943749474 0 -0.9510565162951538
    outer loop
      vertex 0 15.603125 2.8812499999999996
      vertex 0 20.2878625 2.8812499999999996
      vertex 1.693556258167688 15.603125 2.330980215042817
    endloop
  endfacet
  facet normal -1 0 0
    outer loop
      vertex 2.7402315875754106 15.603125 -0.8903552150428171
      vertex 2.7402315875754106 15.603125 0.8903552150428171
      vertex 2.7402315875754106 20.2878625 0.8903552150428171
    endloop
  endfacet
  facet normal -0.8090169943749476 0 -0.587785252292473
    outer loop
      vertex 1.693556258167688 15.603125 2.330980215042817
      vertex 1.693556258167688 20.2878625 2.330980215042817
      vertex 2.7402315875754106 15.603125 0.8903552150428171
    endloop
  endfacet
  facet normal 0.3090169943749474 7.839656094340383e-20 -0.9510565162951538
    outer loop
      vertex -1.693556258167688 20.2878625 2.330980215042817
      vertex 0 20.2878625 2.8812499999999996
      vertex 0 15.603125 2.8812499999999996
    endloop
  endfacet
  facet normal -0.8090169943749476 0 -0.587785252292473
    outer loop
      vertex 2.7402315875754106 15.603125 0.8903552150428171
      vertex 1.693556258167688 20.2878625 2.330980215042817
      vertex 2.7402315875754106 20.2878625 0.8903552150428171
    endloop
  endfacet
  facet normal -0.3090169943749474 -7.839656094340383e-20 -0.9510565162951538
    outer loop
      vertex 0 20.2878625 2.8812499999999996
      vertex 1.693556258167688 20.2878625 2.330980215042817
      vertex 1.693556258167688 15.603125 2.330980215042817
    endloop
  endfacet
  facet normal 0.8090169943749476 1.0148853937155996e-17 0.587785252292473
    outer loop
      vertex -2.7402315875754106 -20.2878625 -0.8903552150428171
      vertex -1.693556258167688 -20.2878625 -2.330980215042817
      vertex -1.693556258167688 -15.603125 -2.330980215042817
    endloop
  endfacet
  facet normal 1 0 0
    outer loop
      vertex -2.7402315875754106 -20.2878625 -0.8903552150428171
      vertex -2.7402315875754106 -15.603125 -0.8903552150428171
      vertex -2.7402315875754106 -20.2878625 0.8903552150428171
    endloop
  endfacet
  facet normal 0.8090169943749476 0 0.587785252292473
    outer loop
      vertex -2.7402315875754106 -20.2878625 -0.8903552150428171
      vertex -1.693556258167688 -15.603125 -2.330980215042817
      vertex -2.7402315875754106 -15.603125 -0.8903552150428171
    endloop
  endfacet
  facet normal 0.3090169943749474 -7.839656094340383e-20 0.9510565162951538
    outer loop
      vertex -1.693556258167688 -20.2878625 -2.330980215042817
      vertex 0 -20.2878625 -2.8812499999999996
      vertex 0 -15.603125 -2.8812499999999996
    endloop
  endfacet
  facet normal -0.3090169943749474 7.839656094340383e-20 0.9510565162951538
    outer loop
      vertex 0 -20.2878625 -2.8812499999999996
      vertex 1.693556258167688 -20.2878625 -2.330980215042817
      vertex 1.693556258167688 -15.603125 -2.330980215042817
    endloop
  endfacet
  facet normal -0.8090169943749476 -1.0148853937155996e-17 0.587785252292473
    outer loop
      vertex 1.693556258167688 -20.2878625 -2.330980215042817
      vertex 2.7402315875754106 -20.2878625 -0.8903552150428171
      vertex 2.7402315875754106 -15.603125 -0.8903552150428171
    endloop
  endfacet
  facet normal 0.3090169943749474 0 0.9510565162951538
    outer loop
      vertex -1.693556258167688 -20.2878625 -2.330980215042817
      vertex 0 -15.603125 -2.8812499999999996
      vertex -1.693556258167688 -15.603125 -2.330980215042817
    endloop
  endfacet
  facet normal -0.3090169943749474 0 0.9510565162951538
    outer loop
      vertex 0 -20.2878625 -2.8812499999999996
      vertex 1.693556258167688 -15.603125 -2.330980215042817
      vertex 0 -15.603125 -2.8812499999999996
    endloop
  endfacet
  facet normal -0.8090169943749476 0 0.587785252292473
    outer loop
      vertex 1.693556258167688 -20.2878625 -2.330980215042817
      vertex 2.7402315875754106 -15.603125 -0.8903552150428171
      vertex 1.693556258167688 -15.603125 -2.330980215042817
    endloop
  endfacet
  facet normal -1 0 0
    outer loop
      vertex 2.7402315875754106 -20.2878625 -0.8903552150428171
      vertex 2.7402315875754106 -15.603125 0.8903552150428171
      vertex 2.7402315875754106 -15.603125 -0.8903552150428171
    endloop
  endfacet
  facet normal 0.8090169943749476 0 -0.587785252292473
    outer loop
      vertex -2.7402315875754106 -20.2878625 0.8903552150428171
      vertex -2.7402315875754106 -15.603125 0.8903552150428171
      vertex -1.693556258167688 -20.2878625 2.330980215042817
    endloop
  endfacet
  facet normal 1 0 0
    outer loop
      vertex -2.7402315875754106 -15.603125 -0.8903552150428171
      vertex -2.7402315875754106 -15.603125 0.8903552150428171
      vertex -2.7402315875754106 -20.2878625 0.8903552150428171
    endloop
  endfacet
  facet normal 0.8090169943749476 -1.0148853937155996e-17 -0.587785252292473
    outer loop
      vertex -2.7402315875754106 -15.603125 0.8903552150428171
      vertex -1.693556258167688 -15.603125 2.330980215042817
      vertex -1.693556258167688 -20.2878625 2.330980215042817
    endloop
  endfacet
  facet normal 0.3090169943749474 0 -0.9510565162951538
    outer loop
      vertex -1.693556258167688 -20.2878625 2.330980215042817
      vertex -1.693556258167688 -15.603125 2.330980215042817
      vertex 0 -20.2878625 2.8812499999999996
    endloop
  endfacet
  facet normal -0.3090169943749474 0 -0.9510565162951538
    outer loop
      vertex 0 -20.2878625 2.8812499999999996
      vertex 0 -15.603125 2.8812499999999996
      vertex 1.693556258167688 -20.2878625 2.330980215042817
    endloop
  endfacet
  facet normal -1 0 0
    outer loop
      vertex 2.7402315875754106 -20.2878625 -0.8903552150428171
      vertex 2.7402315875754106 -20.2878625 0.8903552150428171
      vertex 2.7402315875754106 -15.603125 0.8903552150428171
    endloop
  endfacet
  facet normal -0.8090169943749476 0 -0.587785252292473
    outer loop
      vertex 1.693556258167688 -20.2878625 2.330980215042817
      vertex 1.693556258167688 -15.603125 2.330980215042817
      vertex 2.7402315875754106 -20.2878625 0.8903552150428171
    endloop
  endfacet
  facet normal 0.3090169943749474 7.839656094340383e-20 -0.9510565162951538
    outer loop
      vertex -1.693556258167688 -15.603125 2.330980215042817
      vertex 0 -15.603125 2.8812499999999996
      vertex 0 -20.2878625 2.8812499999999996
    endloop
  endfacet
  facet normal -0.8090169943749476 0 -0.587785252292473
    outer loop
      vertex 2.7402315875754106 -20.2878625 0.8903552150428171
      vertex 1.693556258167688 -15.603125 2.330980215042817
      vertex 2.7402315875754106 -15.603125 0.8903552150428171
    endloop
  endfacet
  facet normal -0.3090169943749474 -7.839656094340383e-20 -0.9510565162951538
    outer loop
      vertex 0 -15.603125 2.8812499999999996
      vertex 1.693556258167688 -15.603125 2.330980215042817
      vertex 1.693556258167688 -20.2878625 2.330980215042817
    endloop
  endfacet
  facet normal 0 1 0
    outer loop
      vertex -4.912182692805714 20.2878625 -2.8360499999999997
      vertex 0 20.2878625 -2.8812499999999996
      vertex -3.6459556009030187 20.2878625 -4.345080685815155
    endloop
  endfacet
  facet normal 0 1 0
    outer loop
      vertex -5.585928055860545 20.2878625 -0.9849498285445955
      vertex -5.585928055860545 20.2878625 0.9849498285445955
      vertex -2.7402315875754106 20.2878625 -0.8903552150428171
    endloop
  endfacet
  facet normal 0 1 0
    outer loop
      vertex -5.585928055860545 20.2878625 -0.9849498285445955
      vertex -1.693556258167688 20.2878625 -2.330980215042817
      vertex -4.912182692805714 20.2878625 -2.8360499999999997
    endloop
  endfacet
  facet normal 0 1 0
    outer loop
      vertex -4.912182692805714 20.2878625 -2.8360499999999997
      vertex -1.693556258167688 20.2878625 -2.330980215042817
      vertex 0 20.2878625 -2.8812499999999996
    endloop
  endfacet
  facet normal 0 1 0
    outer loop
      vertex -5.585928055860545 20.2878625 -0.9849498285445955
      vertex -2.7402315875754106 20.2878625 -0.8903552150428171
      vertex -1.693556258167688 20.2878625 -2.330980215042817
    endloop
  endfacet
  facet normal 0.7660444431189779 0 0.6427876096865394
    outer loop
      vertex -4.912182692805714 20.2878625 -2.8360499999999997
      vertex -3.6459556009030187 22.813836840063257 -4.345080685815155
      vertex -4.912182692805714 22.561968611572635 -2.8360499999999997
    endloop
  endfacet
  facet normal 0.5000000000000002 -8.795317241185377e-18 0.8660254037844385
    outer loop
      vertex -3.6459556009030187 20.2878625 -4.345080685815155
      vertex -1.9399724549575252 20.2878625 -5.330030514359751
      vertex -1.9399724549575252 23.153177986333073 -5.330030514359751
    endloop
  endfacet
  facet normal 0.7660444431189779 3.3596183247743674e-18 0.6427876096865394
    outer loop
      vertex -4.912182692805714 20.2878625 -2.8360499999999997
      vertex -3.6459556009030187 20.2878625 -4.345080685815155
      vertex -3.6459556009030187 22.813836840063257 -4.345080685815155
    endloop
  endfacet
  facet normal 0.5000000000000002 0 0.8660254037844385
    outer loop
      vertex -3.6459556009030187 20.2878625 -4.345080685815155
      vertex -1.9399724549575252 23.153177986333073 -5.330030514359751
      vertex -3.6459556009030187 22.813836840063257 -4.345080685815155
    endloop
  endfacet
  facet normal 0.9396926207859082 7.9038484540623435e-19 0.34202014332566877
    outer loop
      vertex -5.585928055860545 20.2878625 -0.9849498285445955
      vertex -4.912182692805714 20.2878625 -2.8360499999999997
      vertex -4.912182692805714 22.561968611572635 -2.8360499999999997
    endloop
  endfacet
  facet normal 0.9396926207859083 0 0.34202014332566877
    outer loop
      vertex -5.585928055860545 20.2878625 -0.9849498285445955
      vertex -4.912182692805714 22.561968611572635 -2.8360499999999997
      vertex -5.585928055860545 22.42795232639633 -0.9849498285445955
    endloop
  endfacet
  facet normal 1 0 0
    outer loop
      vertex -5.585928055860545 20.2878625 -0.9849498285445955
      vertex -5.585928055860545 22.42795232639633 -0.9849498285445955
      vertex -5.585928055860545 20.2878625 0.9849498285445955
    endloop
  endfacet
  facet normal 0 1 0
    outer loop
      vertex -3.6459556009030187 20.2878625 -4.345080685815155
      vertex 3.6459556009030187 20.2878625 -4.345080685815155
      vertex -1.9399724549575252 20.2878625 -5.330030514359751
    endloop
  endfacet
  facet normal 0 1 0
    outer loop
      vertex -1.9399724549575252 20.2878625 -5.330030514359751
      vertex 1.9399724549575252 20.2878625 -5.330030514359751
      vertex 0 20.2878625 -5.6720999999999995
    endloop
  endfacet
  facet normal 0 1 0
    outer loop
      vertex -3.6459556009030187 20.2878625 -4.345080685815155
      vertex 0 20.2878625 -2.8812499999999996
      vertex 1.693556258167688 20.2878625 -2.330980215042817
    endloop
  endfacet
  facet normal 0 1 0
    outer loop
      vertex -3.6459556009030187 20.2878625 -4.345080685815155
      vertex 1.693556258167688 20.2878625 -2.330980215042817
      vertex 4.912182692805714 20.2878625 -2.8360499999999997
    endloop
  endfacet
  facet normal 0 1 0
    outer loop
      vertex -1.9399724549575252 20.2878625 -5.330030514359751
      vertex 3.6459556009030187 20.2878625 -4.345080685815155
      vertex 1.9399724549575252 20.2878625 -5.330030514359751
    endloop
  endfacet
  facet normal 0 1 0
    outer loop
      vertex -3.6459556009030187 20.2878625 -4.345080685815155
      vertex 4.912182692805714 20.2878625 -2.8360499999999997
      vertex 3.6459556009030187 20.2878625 -4.345080685815155
    endloop
  endfacet
  facet normal 0 1 0
    outer loop
      vertex 1.693556258167688 20.2878625 -2.330980215042817
      vertex 2.7402315875754106 20.2878625 -0.8903552150428171
      vertex 4.912182692805714 20.2878625 -2.8360499999999997
    endloop
  endfacet
  facet normal 0 1 0
    outer loop
      vertex 2.7402315875754106 20.2878625 -0.8903552150428171
      vertex 2.7402315875754106 20.2878625 0.8903552150428171
      vertex 5.585928055860545 20.2878625 -0.9849498285445955
    endloop
  endfacet
  facet normal 0.17364817766693005 -8.019670692912525e-18 0.9848077530122081
    outer loop
      vertex -1.9399724549575252 20.2878625 -5.330030514359751
      vertex 0 20.2878625 -5.6720999999999995
      vertex 0 23.5390625 -5.6720999999999995
    endloop
  endfacet
  facet normal 0.17364817766693005 0 0.984807753012208
    outer loop
      vertex -1.9399724549575252 20.2878625 -5.330030514359751
      vertex 0 23.5390625 -5.6720999999999995
      vertex -1.9399724549575252 23.153177986333073 -5.330030514359751
    endloop
  endfacet
  facet normal -0.17364817766693005 0 0.9848077530122081
    outer loop
      vertex 0 20.2878625 -5.6720999999999995
      vertex 1.9399724549575252 23.431220123991196 -5.330030514359751
      vertex 0 23.5390625 -5.6720999999999995
    endloop
  endfacet
  facet normal -0.17364817766693005 8.294809714871384e-18 0.9848077530122081
    outer loop
      vertex 0 20.2878625 -5.6720999999999995
      vertex 1.9399724549575252 20.2878625 -5.330030514359751
      vertex 1.9399724549575252 23.431220123991196 -5.330030514359751
    endloop
  endfacet
  facet normal -0.5000000000000003 8.266744832216158e-18 0.8660254037844386
    outer loop
      vertex 1.9399724549575252 20.2878625 -5.330030514359751
      vertex 3.6459556009030187 20.2878625 -4.345080685815155
      vertex 3.6459556009030187 23.336385130113012 -4.345080685815155
    endloop
  endfacet
  facet normal -0.5000000000000002 0 0.8660254037844385
    outer loop
      vertex 1.9399724549575252 20.2878625 -5.330030514359751
      vertex 3.6459556009030187 23.336385130113012 -4.345080685815155
      vertex 1.9399724549575252 23.431220123991196 -5.330030514359751
    endloop
  endfacet
  facet normal 0 1 0
    outer loop
      vertex 2.7402315875754106 20.2878625 -0.8903552150428171
      vertex 5.585928055860545 20.2878625 -0.9849498285445955
      vertex 4.912182692805714 20.2878625 -2.8360499999999997
    endloop
  endfacet
  facet normal -0.7660444431189779 -2.849539696190021e-18 0.6427876096865394
    outer loop
      vertex 3.6459556009030187 20.2878625 -4.345080685815155
      vertex 4.912182692805714 20.2878625 -2.8360499999999997
      vertex 4.912182692805714 23.265996018242607 -2.8360499999999997
    endloop
  endfacet
  facet normal -0.7660444431189779 0 0.6427876096865394
    outer loop
      vertex 3.6459556009030187 20.2878625 -4.345080685815155
      vertex 4.912182692805714 23.265996018242607 -2.8360499999999997
      vertex 3.6459556009030187 23.336385130113012 -4.345080685815155
    endloop
  endfacet
  facet normal -0.9396926207859083 -6.11225584598704e-19 0.3420201433256687
    outer loop
      vertex 4.912182692805714 20.2878625 -2.8360499999999997
      vertex 5.585928055860545 20.2878625 -0.9849498285445955
      vertex 5.585928055860545 23.228542754104208 -0.9849498285445955
    endloop
  endfacet
  facet normal -0.9396926207859083 0 0.3420201433256688
    outer loop
      vertex 4.912182692805714 20.2878625 -2.8360499999999997
      vertex 5.585928055860545 23.228542754104208 -0.9849498285445955
      vertex 4.912182692805714 23.265996018242607 -2.8360499999999997
    endloop
  endfacet
  facet normal -1 0 0
    outer loop
      vertex 5.585928055860545 20.2878625 -0.9849498285445955
      vertex 5.585928055860545 23.228542754104208 0.9849498285445955
      vertex 5.585928055860545 23.228542754104208 -0.9849498285445955
    endloop
  endfacet
  facet normal 0 1 0
    outer loop
      vertex -2.7402315875754106 20.2878625 -0.8903552150428171
      vertex -5.585928055860545 20.2878625 0.9849498285445955
      vertex -2.7402315875754106 20.2878625 0.8903552150428171
    endloop
  endfacet
  facet normal 0 1 0
    outer loop
      vertex -5.585928055860545 20.2878625 0.9849498285445955
      vertex -4.912182692805714 20.2878625 2.8360499999999997
      vertex -2.7402315875754106 20.2878625 0.8903552150428171
    endloop
  endfacet
  facet normal 0 1 0
    outer loop
      vertex -4.912182692805714 20.2878625 2.8360499999999997
      vertex -1.693556258167688 20.2878625 2.330980215042817
      vertex -2.7402315875754106 20.2878625 0.8903552150428171
    endloop
  endfacet
  facet normal 1 0 0
    outer loop
      vertex -5.585928055860545 20.2878625 0.9849498285445955
      vertex -5.585928055860545 22.42795232639633 -0.9849498285445955
      vertex -5.585928055860545 22.42795232639633 0.9849498285445955
    endloop
  endfacet
  facet normal 0.9396926207859083 0 -0.34202014332566877
    outer loop
      vertex -5.585928055860545 20.2878625 0.9849498285445955
      vertex -5.585928055860545 22.42795232639633 0.9849498285445955
      vertex -4.912182692805714 20.2878625 2.8360499999999997
    endloop
  endfacet
  facet normal 0.9396926207859082 0 -0.34202014332566877
    outer loop
      vertex -4.912182692805714 20.2878625 2.8360499999999997
      vertex -5.585928055860545 22.42795232639633 0.9849498285445955
      vertex -4.912182692805714 22.561968611572635 2.8360499999999997
    endloop
  endfacet
  facet normal 0.7660444431189779 0 -0.6427876096865394
    outer loop
      vertex -4.912182692805714 20.2878625 2.8360499999999997
      vertex -4.912182692805714 22.561968611572635 2.8360499999999997
      vertex -3.6459556009030187 20.2878625 4.345080685815155
    endloop
  endfacet
  facet normal 0.7660444431189779 0 -0.6427876096865394
    outer loop
      vertex -3.6459556009030187 20.2878625 4.345080685815155
      vertex -4.912182692805714 22.561968611572635 2.8360499999999997
      vertex -3.6459556009030187 22.813836840063257 4.345080685815155
    endloop
  endfacet
  facet normal 0.5000000000000002 0 -0.8660254037844385
    outer loop
      vertex -3.6459556009030187 20.2878625 4.345080685815155
      vertex -3.6459556009030187 22.813836840063257 4.345080685815155
      vertex -1.9399724549575252 20.2878625 5.330030514359751
    endloop
  endfacet
  facet normal 0.5000000000000002 0 -0.8660254037844385
    outer loop
      vertex -1.9399724549575252 20.2878625 5.330030514359751
      vertex -3.6459556009030187 22.813836840063257 4.345080685815155
      vertex -1.9399724549575252 23.153177986333073 5.330030514359751
    endloop
  endfacet
  facet normal 0 1 0
    outer loop
      vertex 1.693556258167688 20.2878625 2.330980215042817
      vertex 5.585928055860545 20.2878625 0.9849498285445955
      vertex 2.7402315875754106 20.2878625 0.8903552150428171
    endloop
  endfacet
  facet normal 0 1 0
    outer loop
      vertex 0 20.2878625 2.8812499999999996
      vertex 4.912182692805714 20.2878625 2.8360499999999997
      vertex 1.693556258167688 20.2878625 2.330980215042817
    endloop
  endfacet
  facet normal 0 1 0
    outer loop
      vertex -4.912182692805714 20.2878625 2.8360499999999997
      vertex 3.6459556009030187 20.2878625 4.345080685815155
      vertex -1.693556258167688 20.2878625 2.330980215042817
    endloop
  endfacet
  facet normal 0 1 0
    outer loop
      vertex -4.912182692805714 20.2878625 2.8360499999999997
      vertex -3.6459556009030187 20.2878625 4.345080685815155
      vertex 3.6459556009030187 20.2878625 4.345080685815155
    endloop
  endfacet
  facet normal 0 1 0
    outer loop
      vertex -1.693556258167688 20.2878625 2.330980215042817
      vertex 3.6459556009030187 20.2878625 4.345080685815155
      vertex 0 20.2878625 2.8812499999999996
    endloop
  endfacet
  facet normal 0 1 0
    outer loop
      vertex -3.6459556009030187 20.2878625 4.345080685815155
      vertex -1.9399724549575252 20.2878625 5.330030514359751
      vertex 1.9399724549575252 20.2878625 5.330030514359751
    endloop
  endfacet
  facet normal 0 1 0
    outer loop
      vertex -3.6459556009030187 20.2878625 4.345080685815155
      vertex 1.9399724549575252 20.2878625 5.330030514359751
      vertex 3.6459556009030187 20.2878625 4.345080685815155
    endloop
  endfacet
  facet normal 0 1 0
    outer loop
      vertex -1.9399724549575252 20.2878625 5.330030514359751
      vertex 0 20.2878625 5.6720999999999995
      vertex 1.9399724549575252 20.2878625 5.330030514359751
    endloop
  endfacet
  facet normal 0 1 0
    outer loop
      vertex 0 20.2878625 2.8812499999999996
      vertex 3.6459556009030187 20.2878625 4.345080685815155
      vertex 4.912182692805714 20.2878625 2.8360499999999997
    endloop
  endfacet
  facet normal 0.17364817766693005 0 -0.984807753012208
    outer loop
      vertex -1.9399724549575252 20.2878625 5.330030514359751
      vertex -1.9399724549575252 23.153177986333073 5.330030514359751
      vertex 0 20.2878625 5.6720999999999995
    endloop
  endfacet
  facet normal -0.17364817766693005 0 -0.9848077530122081
    outer loop
      vertex 0 20.2878625 5.6720999999999995
      vertex 0 23.5390625 5.6720999999999995
      vertex 1.9399724549575252 20.2878625 5.330030514359751
    endloop
  endfacet
  facet normal 0.17364817766693005 0 -0.9848077530122081
    outer loop
      vertex 0 20.2878625 5.6720999999999995
      vertex -1.9399724549575252 23.153177986333073 5.330030514359751
      vertex 0 23.5390625 5.6720999999999995
    endloop
  endfacet
  facet normal -0.5000000000000002 0 -0.8660254037844385
    outer loop
      vertex 1.9399724549575252 20.2878625 5.330030514359751
      vertex 1.9399724549575252 23.431220123991196 5.330030514359751
      vertex 3.6459556009030187 20.2878625 4.345080685815155
    endloop
  endfacet
  facet normal -0.17364817766693005 0 -0.9848077530122081
    outer loop
      vertex 1.9399724549575252 20.2878625 5.330030514359751
      vertex 0 23.5390625 5.6720999999999995
      vertex 1.9399724549575252 23.431220123991196 5.330030514359751
    endloop
  endfacet
  facet normal -0.5000000000000003 0 -0.8660254037844386
    outer loop
      vertex 3.6459556009030187 20.2878625 4.345080685815155
      vertex 1.9399724549575252 23.431220123991196 5.330030514359751
      vertex 3.6459556009030187 23.336385130113012 4.345080685815155
    endloop
  endfacet
  facet normal 0 1 0
    outer loop
      vertex 5.585928055860545 20.2878625 -0.9849498285445955
      vertex 2.7402315875754106 20.2878625 0.8903552150428171
      vertex 5.585928055860545 20.2878625 0.9849498285445955
    endloop
  endfacet
  facet normal 0 1 0
    outer loop
      vertex 1.693556258167688 20.2878625 2.330980215042817
      vertex 4.912182692805714 20.2878625 2.8360499999999997
      vertex 5.585928055860545 20.2878625 0.9849498285445955
    endloop
  endfacet
  facet normal -1 0 0
    outer loop
      vertex 5.585928055860545 20.2878625 -0.9849498285445955
      vertex 5.585928055860545 20.2878625 0.9849498285445955
      vertex 5.585928055860545 23.228542754104208 0.9849498285445955
    endloop
  endfacet
  facet normal -0.9396926207859083 6.0353875889801095e-19 -0.3420201433256688
    outer loop
      vertex 5.585928055860545 20.2878625 0.9849498285445955
      vertex 4.912182692805714 20.2878625 2.8360499999999997
      vertex 4.912182692805714 23.265996018242607 2.8360499999999997
    endloop
  endfacet
  facet normal -0.9396926207859083 0 -0.3420201433256687
    outer loop
      vertex 5.585928055860545 20.2878625 0.9849498285445955
      vertex 4.912182692805714 23.265996018242607 2.8360499999999997
      vertex 5.585928055860545 23.228542754104208 0.9849498285445955
    endloop
  endfacet
  facet normal -0.7660444431189779 0 -0.6427876096865394
    outer loop
      vertex 3.6459556009030187 20.2878625 4.345080685815155
      vertex 3.6459556009030187 23.336385130113012 4.345080685815155
      vertex 4.912182692805714 20.2878625 2.8360499999999997
    endloop
  endfacet
  facet normal -0.7660444431189779 0 -0.6427876096865394
    outer loop
      vertex 4.912182692805714 20.2878625 2.8360499999999997
      vertex 3.6459556009030187 23.336385130113012 4.345080685815155
      vertex 4.912182692805714 23.265996018242607 2.8360499999999997
    endloop
  endfacet
  facet normal 0.7660444431189779 0 0.6427876096865394
    outer loop
      vertex -4.912182692805714 -20.2878625 -2.8360499999999997
      vertex -4.912182692805714 -22.561968611572635 -2.8360499999999997
      vertex -3.6459556009030187 -20.2878625 -4.345080685815155
    endloop
  endfacet
  facet normal 0.5000000000000002 0 0.8660254037844385
    outer loop
      vertex -1.9399724549575252 -20.2878625 -5.330030514359751
      vertex -3.6459556009030187 -22.813836840063257 -4.345080685815155
      vertex -1.9399724549575252 -23.153177986333073 -5.330030514359751
    endloop
  endfacet
  facet normal 0.5000000000000002 0 0.8660254037844385
    outer loop
      vertex -3.6459556009030187 -20.2878625 -4.345080685815155
      vertex -3.6459556009030187 -22.813836840063257 -4.345080685815155
      vertex -1.9399724549575252 -20.2878625 -5.330030514359751
    endloop
  endfacet
  facet normal 0.7660444431189779 0 0.6427876096865394
    outer loop
      vertex -3.6459556009030187 -20.2878625 -4.345080685815155
      vertex -4.912182692805714 -22.561968611572635 -2.8360499999999997
      vertex -3.6459556009030187 -22.813836840063257 -4.345080685815155
    endloop
  endfacet
  facet normal 0.9396926207859082 0 0.34202014332566877
    outer loop
      vertex -4.912182692805714 -20.2878625 -2.8360499999999997
      vertex -5.585928055860545 -22.42795232639633 -0.9849498285445955
      vertex -4.912182692805714 -22.561968611572635 -2.8360499999999997
    endloop
  endfacet
  facet normal 0.9396926207859083 0 0.34202014332566877
    outer loop
      vertex -5.585928055860545 -20.2878625 -0.9849498285445955
      vertex -5.585928055860545 -22.42795232639633 -0.9849498285445955
      vertex -4.912182692805714 -20.2878625 -2.8360499999999997
    endloop
  endfacet
  facet normal 1 0 0
    outer loop
      vertex -5.585928055860545 -20.2878625 -0.9849498285445955
      vertex -5.585928055860545 -22.42795232639633 0.9849498285445955
      vertex -5.585928055860545 -22.42795232639633 -0.9849498285445955
    endloop
  endfacet
  facet normal 0 -1 0
    outer loop
      vertex -5.585928055860545 -20.2878625 -0.9849498285445955
      vertex -4.912182692805714 -20.2878625 -2.8360499999999997
      vertex -2.7402315875754106 -20.2878625 -0.8903552150428171
    endloop
  endfacet
  facet normal 0 -1 0
    outer loop
      vertex -4.912182692805714 -20.2878625 -2.8360499999999997
      vertex -1.693556258167688 -20.2878625 -2.330980215042817
      vertex -2.7402315875754106 -20.2878625 -0.8903552150428171
    endloop
  endfacet
  facet normal 0 -1 0
    outer loop
      vertex -5.585928055860545 -20.2878625 -0.9849498285445955
      vertex -2.7402315875754106 -20.2878625 -0.8903552150428171
      vertex -2.7402315875754106 -20.2878625 0.8903552150428171
    endloop
  endfacet
  facet normal 0.17364817766693005 0 0.9848077530122081
    outer loop
      vertex 0 -20.2878625 -5.6720999999999995
      vertex -1.9399724549575252 -23.153177986333073 -5.330030514359751
      vertex 0 -23.5390625 -5.6720999999999995
    endloop
  endfacet
  facet normal 0.17364817766693005 0 0.984807753012208
    outer loop
      vertex -1.9399724549575252 -20.2878625 -5.330030514359751
      vertex -1.9399724549575252 -23.153177986333073 -5.330030514359751
      vertex 0 -20.2878625 -5.6720999999999995
    endloop
  endfacet
  facet normal -0.17364817766693005 0 0.9848077530122081
    outer loop
      vertex 0 -20.2878625 -5.6720999999999995
      vertex 0 -23.5390625 -5.6720999999999995
      vertex 1.9399724549575252 -20.2878625 -5.330030514359751
    endloop
  endfacet
  facet normal -0.17364817766693005 0 0.9848077530122081
    outer loop
      vertex 1.9399724549575252 -20.2878625 -5.330030514359751
      vertex 0 -23.5390625 -5.6720999999999995
      vertex 1.9399724549575252 -23.431220123991196 -5.330030514359751
    endloop
  endfacet
  facet normal -0.5000000000000003 0 0.8660254037844386
    outer loop
      vertex 3.6459556009030187 -20.2878625 -4.345080685815155
      vertex 1.9399724549575252 -23.431220123991196 -5.330030514359751
      vertex 3.6459556009030187 -23.336385130113012 -4.345080685815155
    endloop
  endfacet
  facet normal -0.5000000000000002 0 0.8660254037844385
    outer loop
      vertex 1.9399724549575252 -20.2878625 -5.330030514359751
      vertex 1.9399724549575252 -23.431220123991196 -5.330030514359751
      vertex 3.6459556009030187 -20.2878625 -4.345080685815155
    endloop
  endfacet
  facet normal 0 -1 0
    outer loop
      vertex -3.6459556009030187 -20.2878625 -4.345080685815155
      vertex -1.9399724549575252 -20.2878625 -5.330030514359751
      vertex 1.9399724549575252 -20.2878625 -5.330030514359751
    endloop
  endfacet
  facet normal 0 -1 0
    outer loop
      vertex -1.9399724549575252 -20.2878625 -5.330030514359751
      vertex 0 -20.2878625 -5.6720999999999995
      vertex 1.9399724549575252 -20.2878625 -5.330030514359751
    endloop
  endfacet
  facet normal 0 -1 0
    outer loop
      vertex -3.6459556009030187 -20.2878625 -4.345080685815155
      vertex 1.9399724549575252 -20.2878625 -5.330030514359751
      vertex 3.6459556009030187 -20.2878625 -4.345080685815155
    endloop
  endfacet
  facet normal 0 -1 0
    outer loop
      vertex -4.912182692805714 -20.2878625 -2.8360499999999997
      vertex -3.6459556009030187 -20.2878625 -4.345080685815155
      vertex 3.6459556009030187 -20.2878625 -4.345080685815155
    endloop
  endfacet
  facet normal 0 -1 0
    outer loop
      vertex -4.912182692805714 -20.2878625 -2.8360499999999997
      vertex 3.6459556009030187 -20.2878625 -4.345080685815155
      vertex -1.693556258167688 -20.2878625 -2.330980215042817
    endloop
  endfacet
  facet normal 0 -1 0
    outer loop
      vertex -1.693556258167688 -20.2878625 -2.330980215042817
      vertex 3.6459556009030187 -20.2878625 -4.345080685815155
      vertex 0 -20.2878625 -2.8812499999999996
    endloop
  endfacet
  facet normal 0 -1 0
    outer loop
      vertex 0 -20.2878625 -2.8812499999999996
      vertex 3.6459556009030187 -20.2878625 -4.345080685815155
      vertex 4.912182692805714 -20.2878625 -2.8360499999999997
    endloop
  endfacet
  facet normal 0 -1 0
    outer loop
      vertex 0 -20.2878625 -2.8812499999999996
      vertex 4.912182692805714 -20.2878625 -2.8360499999999997
      vertex 1.693556258167688 -20.2878625 -2.330980215042817
    endloop
  endfacet
  facet normal 0 -1 0
    outer loop
      vertex 1.693556258167688 -20.2878625 -2.330980215042817
      vertex 5.585928055860545 -20.2878625 -0.9849498285445955
      vertex 2.7402315875754106 -20.2878625 -0.8903552150428171
    endloop
  endfacet
  facet normal -0.7660444431189779 0 0.6427876096865394
    outer loop
      vertex 4.912182692805714 -20.2878625 -2.8360499999999997
      vertex 3.6459556009030187 -23.336385130113012 -4.345080685815155
      vertex 4.912182692805714 -23.265996018242607 -2.8360499999999997
    endloop
  endfacet
  facet normal -0.7660444431189779 0 0.6427876096865394
    outer loop
      vertex 3.6459556009030187 -20.2878625 -4.345080685815155
      vertex 3.6459556009030187 -23.336385130113012 -4.345080685815155
      vertex 4.912182692805714 -20.2878625 -2.8360499999999997
    endloop
  endfacet
  facet normal -0.9396926207859083 0 0.3420201433256687
    outer loop
      vertex 5.585928055860545 -20.2878625 -0.9849498285445955
      vertex 4.912182692805714 -23.265996018242607 -2.8360499999999997
      vertex 5.585928055860545 -23.228542754104208 -0.9849498285445955
    endloop
  endfacet
  facet normal -0.9396926207859083 0 0.3420201433256688
    outer loop
      vertex 4.912182692805714 -20.2878625 -2.8360499999999997
      vertex 4.912182692805714 -23.265996018242607 -2.8360499999999997
      vertex 5.585928055860545 -20.2878625 -0.9849498285445955
    endloop
  endfacet
  facet normal -1 0 0
    outer loop
      vertex 5.585928055860545 -20.2878625 -0.9849498285445955
      vertex 5.585928055860545 -23.228542754104208 -0.9849498285445955
      vertex 5.585928055860545 -20.2878625 0.9849498285445955
    endloop
  endfacet
  facet normal 0 -1 0
    outer loop
      vertex 1.693556258167688 -20.2878625 -2.330980215042817
      vertex 4.912182692805714 -20.2878625 -2.8360499999999997
      vertex 5.585928055860545 -20.2878625 -0.9849498285445955
    endloop
  endfacet
  facet normal 0 -1 0
    outer loop
      vertex 2.7402315875754106 -20.2878625 -0.8903552150428171
      vertex 5.585928055860545 -20.2878625 -0.9849498285445955
      vertex 5.585928055860545 -20.2878625 0.9849498285445955
    endloop
  endfacet
  facet normal 1 0 0
    outer loop
      vertex -5.585928055860545 -20.2878625 -0.9849498285445955
      vertex -5.585928055860545 -20.2878625 0.9849498285445955
      vertex -5.585928055860545 -22.42795232639633 0.9849498285445955
    endloop
  endfacet
  facet normal 0.9396926207859083 0 -0.34202014332566877
    outer loop
      vertex -5.585928055860545 -20.2878625 0.9849498285445955
      vertex -4.912182692805714 -22.561968611572635 2.8360499999999997
      vertex -5.585928055860545 -22.42795232639633 0.9849498285445955
    endloop
  endfacet
  facet normal 0.9396926207859082 -7.9038484540623435e-19 -0.34202014332566877
    outer loop
      vertex -5.585928055860545 -20.2878625 0.9849498285445955
      vertex -4.912182692805714 -20.2878625 2.8360499999999997
      vertex -4.912182692805714 -22.561968611572635 2.8360499999999997
    endloop
  endfacet
  facet normal 0.7660444431189779 0 -0.6427876096865394
    outer loop
      vertex -4.912182692805714 -20.2878625 2.8360499999999997
      vertex -3.6459556009030187 -22.813836840063257 4.345080685815155
      vertex -4.912182692805714 -22.561968611572635 2.8360499999999997
    endloop
  endfacet
  facet normal 0.5000000000000002 0 -0.8660254037844385
    outer loop
      vertex -3.6459556009030187 -20.2878625 4.345080685815155
      vertex -1.9399724549575252 -23.153177986333073 5.330030514359751
      vertex -3.6459556009030187 -22.813836840063257 4.345080685815155
    endloop
  endfacet
  facet normal 0.7660444431189779 -3.3596183247743674e-18 -0.6427876096865394
    outer loop
      vertex -4.912182692805714 -20.2878625 2.8360499999999997
      vertex -3.6459556009030187 -20.2878625 4.345080685815155
      vertex -3.6459556009030187 -22.813836840063257 4.345080685815155
    endloop
  endfacet
  facet normal 0.5000000000000002 8.795317241185377e-18 -0.8660254037844385
    outer loop
      vertex -3.6459556009030187 -20.2878625 4.345080685815155
      vertex -1.9399724549575252 -20.2878625 5.330030514359751
      vertex -1.9399724549575252 -23.153177986333073 5.330030514359751
    endloop
  endfacet
  facet normal 0 -1 0
    outer loop
      vertex -5.585928055860545 -20.2878625 -0.9849498285445955
      vertex -2.7402315875754106 -20.2878625 0.8903552150428171
      vertex -5.585928055860545 -20.2878625 0.9849498285445955
    endloop
  endfacet
  facet normal 0 -1 0
    outer loop
      vertex -5.585928055860545 -20.2878625 0.9849498285445955
      vertex -2.7402315875754106 -20.2878625 0.8903552150428171
      vertex -1.693556258167688 -20.2878625 2.330980215042817
    endloop
  endfacet
  facet normal 0 -1 0
    outer loop
      vertex -5.585928055860545 -20.2878625 0.9849498285445955
      vertex -1.693556258167688 -20.2878625 2.330980215042817
      vertex -4.912182692805714 -20.2878625 2.8360499999999997
    endloop
  endfacet
  facet normal 0 -1 0
    outer loop
      vertex -4.912182692805714 -20.2878625 2.8360499999999997
      vertex -1.693556258167688 -20.2878625 2.330980215042817
      vertex 0 -20.2878625 2.8812499999999996
    endloop
  endfacet
  facet normal 0 -1 0
    outer loop
      vertex -4.912182692805714 -20.2878625 2.8360499999999997
      vertex 0 -20.2878625 2.8812499999999996
      vertex -3.6459556009030187 -20.2878625 4.345080685815155
    endloop
  endfacet
  facet normal 0.17364817766693005 0 -0.984807753012208
    outer loop
      vertex -1.9399724549575252 -20.2878625 5.330030514359751
      vertex 0 -23.5390625 5.6720999999999995
      vertex -1.9399724549575252 -23.153177986333073 5.330030514359751
    endloop
  endfacet
  facet normal -0.17364817766693005 0 -0.9848077530122081
    outer loop
      vertex 0 -20.2878625 5.6720999999999995
      vertex 1.9399724549575252 -23.431220123991196 5.330030514359751
      vertex 0 -23.5390625 5.6720999999999995
    endloop
  endfacet
  facet normal 0.17364817766693005 8.019670692912525e-18 -0.9848077530122081
    outer loop
      vertex -1.9399724549575252 -20.2878625 5.330030514359751
      vertex 0 -20.2878625 5.6720999999999995
      vertex 0 -23.5390625 5.6720999999999995
    endloop
  endfacet
  facet normal -0.5000000000000002 0 -0.8660254037844385
    outer loop
      vertex 1.9399724549575252 -20.2878625 5.330030514359751
      vertex 3.6459556009030187 -23.336385130113012 4.345080685815155
      vertex 1.9399724549575252 -23.431220123991196 5.330030514359751
    endloop
  endfacet
  facet normal -0.17364817766693005 -8.294809714871384e-18 -0.9848077530122081
    outer loop
      vertex 0 -20.2878625 5.6720999999999995
      vertex 1.9399724549575252 -20.2878625 5.330030514359751
      vertex 1.9399724549575252 -23.431220123991196 5.330030514359751
    endloop
  endfacet
  facet normal -0.5000000000000003 -8.266744832216158e-18 -0.8660254037844386
    outer loop
      vertex 1.9399724549575252 -20.2878625 5.330030514359751
      vertex 3.6459556009030187 -20.2878625 4.345080685815155
      vertex 3.6459556009030187 -23.336385130113012 4.345080685815155
    endloop
  endfacet
  facet normal 0 -1 0
    outer loop
      vertex 2.7402315875754106 -20.2878625 -0.8903552150428171
      vertex 5.585928055860545 -20.2878625 0.9849498285445955
      vertex 2.7402315875754106 -20.2878625 0.8903552150428171
    endloop
  endfacet
  facet normal 0 -1 0
    outer loop
      vertex 1.693556258167688 -20.2878625 2.330980215042817
      vertex 2.7402315875754106 -20.2878625 0.8903552150428171
      vertex 4.912182692805714 -20.2878625 2.8360499999999997
    endloop
  endfacet
  facet normal 0 -1 0
    outer loop
      vertex -3.6459556009030187 -20.2878625 4.345080685815155
      vertex 0 -20.2878625 2.8812499999999996
      vertex 1.693556258167688 -20.2878625 2.330980215042817
    endloop
  endfacet
  facet normal 0 -1 0
    outer loop
      vertex -3.6459556009030187 -20.2878625 4.345080685815155
      vertex 1.693556258167688 -20.2878625 2.330980215042817
      vertex 4.912182692805714 -20.2878625 2.8360499999999997
    endloop
  endfacet
  facet normal 0 -1 0
    outer loop
      vertex -3.6459556009030187 -20.2878625 4.345080685815155
      vertex 3.6459556009030187 -20.2878625 4.345080685815155
      vertex -1.9399724549575252 -20.2878625 5.330030514359751
    endloop
  endfacet
  facet normal 0 -1 0
    outer loop
      vertex -1.9399724549575252 -20.2878625 5.330030514359751
      vertex 1.9399724549575252 -20.2878625 5.330030514359751
      vertex 0 -20.2878625 5.6720999999999995
    endloop
  endfacet
  facet normal 0 -1 0
    outer loop
      vertex -3.6459556009030187 -20.2878625 4.345080685815155
      vertex 4.912182692805714 -20.2878625 2.8360499999999997
      vertex 3.6459556009030187 -20.2878625 4.345080685815155
    endloop
  endfacet
  facet normal 0 -1 0
    outer loop
      vertex -1.9399724549575252 -20.2878625 5.330030514359751
      vertex 3.6459556009030187 -20.2878625 4.345080685815155
      vertex 1.9399724549575252 -20.2878625 5.330030514359751
    endloop
  endfacet
  facet normal -1 0 0
    outer loop
      vertex 5.585928055860545 -20.2878625 0.9849498285445955
      vertex 5.585928055860545 -23.228542754104208 -0.9849498285445955
      vertex 5.585928055860545 -23.228542754104208 0.9849498285445955
    endloop
  endfacet
  facet normal -0.9396926207859083 0 -0.3420201433256688
    outer loop
      vertex 4.912182692805714 -20.2878625 2.8360499999999997
      vertex 5.585928055860545 -23.228542754104208 0.9849498285445955
      vertex 4.912182692805714 -23.265996018242607 2.8360499999999997
    endloop
  endfacet
  facet normal -0.9396926207859083 0 -0.3420201433256687
    outer loop
      vertex 5.585928055860545 -20.2878625 0.9849498285445955
      vertex 5.585928055860545 -23.228542754104208 0.9849498285445955
      vertex 4.912182692805714 -20.2878625 2.8360499999999997
    endloop
  endfacet
  facet normal -0.7660444431189779 0 -0.6427876096865394
    outer loop
      vertex 3.6459556009030187 -20.2878625 4.345080685815155
      vertex 4.912182692805714 -23.265996018242607 2.8360499999999997
      vertex 3.6459556009030187 -23.336385130113012 4.345080685815155
    endloop
  endfacet
  facet normal -0.7660444431189779 2.849539696190021e-18 -0.6427876096865394
    outer loop
      vertex 3.6459556009030187 -20.2878625 4.345080685815155
      vertex 4.912182692805714 -20.2878625 2.8360499999999997
      vertex 4.912182692805714 -23.265996018242607 2.8360499999999997
    endloop
  endfacet
  facet normal 0 -1 0
    outer loop
      vertex 2.7402315875754106 -20.2878625 0.8903552150428171
      vertex 5.585928055860545 -20.2878625 0.9849498285445955
      vertex 4.912182692805714 -20.2878625 2.8360499999999997
    endloop
  endfacet
  facet normal 0.1950903220161284 0.9807852804032304 -2.2272255012107937e-17
    outer loop
      vertex -4.6656249999999995 -11.696949485944282 -2.6936998496878477
      vertex 0 -12.625 -21.29358791933449
      vertex -4.831378333609258 -11.663979097954995 -21.008130881542137
    endloop
  endfacet
  facet normal 0.5555702330196018 0.8314696123025455 0
    outer loop
      vertex -8.927223112480164 -8.927223112480164 -20.789651523511836
      vertex -8.927223112480164 -8.927223112480164 20.789651523511836
      vertex -4.831378333609258 -11.663979097954995 -21.008130881542137
    endloop
  endfacet
  facet normal 0.8314696123025455 0.5555702330196018 3.839158389540909e-18
    outer loop
      vertex -8.927223112480164 -8.927223112480164 -20.789651523511836
      vertex -11.663979097954995 -4.831378333609258 -20.67141134698339
      vertex -11.663979097954995 -4.831378333609258 20.67141134698339
    endloop
  endfacet
  facet normal 0.19509032201612603 0.9807852804032309 0
    outer loop
      vertex -4.6656249999999995 -11.696949485944282 -2.6936998496878477
      vertex -4.831378333609258 -11.663979097954995 -21.008130881542137
      vertex -4.6656249999999995 -11.696949485944282 2.6936998496878477
    endloop
  endfacet
  facet normal 0.9807852804032305 0.19509032201612792 0
    outer loop
      vertex -11.896016689731512 -3.664846584813393 -20.67141134698339
      vertex -11.896016689731512 -3.664846584813393 20.67141134698339
      vertex -11.663979097954995 -4.831378333609258 -20.67141134698339
    endloop
  endfacet
  facet normal 0.9807852804032303 0.19509032201612853 1.684958578210474e-19
    outer loop
      vertex -11.896016689731512 -3.664846584813393 -20.67141134698339
      vertex -12.625 0 -20.62937357832288
      vertex -12.625 0 20.62937357832288
    endloop
  endfacet
  facet normal -0.1950903220161284 0.9807852804032304 0
    outer loop
      vertex 0 -12.625 -5.387399699375695
      vertex 4.831378333609258 -11.663979097954995 -21.602564390559508
      vertex 0 -12.625 -21.29358791933449
    endloop
  endfacet
  facet normal 0.1950903220161285 0.9807852804032305 1.9142547512059153e-18
    outer loop
      vertex -4.6656249999999995 -11.696949485944282 -2.6936998496878477
      vertex 0 -12.625 -5.387399699375695
      vertex 0 -12.625 -21.29358791933449
    endloop
  endfacet
  facet normal -0.19509032201612847 0.9807852804032303 -2.4147048060325858e-17
    outer loop
      vertex 0 -12.625 -5.387399699375695
      vertex 4.6656249999999995 -11.696949485944282 -2.6936998496878477
      vertex 4.831378333609258 -11.663979097954995 -21.602564390559508
    endloop
  endfacet
  facet normal -0.555570233019602 0.8314696123025455 0
    outer loop
      vertex 4.831378333609258 -11.663979097954995 -21.602564390559508
      vertex 4.831378333609258 -11.663979097954995 21.602564390559508
      vertex 7.612712809036265 -9.80555081656619 -21.79640755194123
    endloop
  endfacet
  facet normal -0.5555702330196017 0.8314696123025457 1.3232948145592647e-19
    outer loop
      vertex 7.612712809036265 -9.80555081656619 -21.79640755194123
      vertex 8.927223112480164 -8.927223112480164 21.872210494559596
      vertex 8.927223112480164 -8.927223112480164 -21.872210494559596
    endloop
  endfacet
  facet normal -0.19509032201612603 0.9807852804032309 3.6484155123168906e-20
    outer loop
      vertex 4.6656249999999995 -11.696949485944282 -2.6936998496878477
      vertex 4.831378333609258 -11.663979097954995 21.602564390559508
      vertex 4.831378333609258 -11.663979097954995 -21.602564390559508
    endloop
  endfacet
  facet normal -0.8314696123025455 0.555570233019602 0
    outer loop
      vertex 8.927223112480164 -8.927223112480164 -21.872210494559596
      vertex 8.927223112480164 -8.927223112480164 21.872210494559596
      vertex 11.663979097954995 -4.831378333609258 -22.03002908022143
    endloop
  endfacet
  facet normal -0.9807852804032303 0.1950903220161284 0
    outer loop
      vertex 11.663979097954995 -4.831378333609258 -22.03002908022143
      vertex 11.663979097954995 -4.831378333609258 22.03002908022143
      vertex 12.625 0 -22.08544759774991
    endloop
  endfacet
  facet normal 0.19509032201612844 0.9807852804032303 2.286852860154473e-17
    outer loop
      vertex -4.6656249999999995 -11.696949485944282 2.6936998496878477
      vertex -4.831378333609258 -11.663979097954995 21.008130881542137
      vertex 0 -12.625 5.387399699375695
    endloop
  endfacet
  facet normal 0.19509032201612603 0.9807852804032309 -3.7516488959800423e-20
    outer loop
      vertex -4.6656249999999995 -11.696949485944282 2.6936998496878477
      vertex -4.831378333609258 -11.663979097954995 -21.008130881542137
      vertex -4.831378333609258 -11.663979097954995 21.008130881542137
    endloop
  endfacet
  facet normal 0.8314696123025455 0.5555702330196018 0
    outer loop
      vertex -8.927223112480164 -8.927223112480164 -20.789651523511836
      vertex -11.663979097954995 -4.831378333609258 20.67141134698339
      vertex -8.927223112480164 -8.927223112480164 20.789651523511836
    endloop
  endfacet
  facet normal 0.5555702330196018 0.8314696123025453 0
    outer loop
      vertex -4.831378333609258 -11.663979097954995 -21.008130881542137
      vertex -8.927223112480164 -8.927223112480164 20.789651523511836
      vertex -4.831378333609258 -11.663979097954995 21.008130881542137
    endloop
  endfacet
  facet normal 0.9807852804032305 0.19509032201612792 5.066370257238002e-19
    outer loop
      vertex -11.896016689731512 -3.664846584813393 20.67141134698339
      vertex -11.663979097954995 -4.831378333609258 20.67141134698339
      vertex -11.663979097954995 -4.831378333609258 -20.67141134698339
    endloop
  endfacet
  facet normal 0.9807852804032303 0.19509032201612855 0
    outer loop
      vertex -11.896016689731512 -3.664846584813393 20.67141134698339
      vertex -11.896016689731512 -3.664846584813393 -20.67141134698339
      vertex -12.625 0 20.62937357832288
    endloop
  endfacet
  facet normal -0.19509032201612847 0.9807852804032303 1.778795326622177e-17
    outer loop
      vertex 0 -12.625 5.387399699375695
      vertex 4.831378333609258 -11.663979097954995 21.602564390559508
      vertex 4.6656249999999995 -11.696949485944282 2.6936998496878477
    endloop
  endfacet
  facet normal 0.1950903220161284 0.9807852804032304 0
    outer loop
      vertex 0 -12.625 5.387399699375695
      vertex -4.831378333609258 -11.663979097954995 21.008130881542137
      vertex 0 -12.625 21.29358791933449
    endloop
  endfacet
  facet normal -0.1950903220161284 0.9807852804032304 0
    outer loop
      vertex 0 -12.625 5.387399699375695
      vertex 0 -12.625 21.29358791933449
      vertex 4.831378333609258 -11.663979097954995 21.602564390559508
    endloop
  endfacet
  facet normal -0.19509032201612603 0.9807852804032309 0
    outer loop
      vertex 4.6656249999999995 -11.696949485944282 -2.6936998496878477
      vertex 4.6656249999999995 -11.696949485944282 2.6936998496878477
      vertex 4.831378333609258 -11.663979097954995 21.602564390559508
    endloop
  endfacet
  facet normal -0.555570233019602 0.8314696123025453 0
    outer loop
      vertex 7.612712809036265 -9.80555081656619 21.79640755194123
      vertex 7.612712809036265 -9.80555081656619 -21.79640755194123
      vertex 4.831378333609258 -11.663979097954995 21.602564390559508
    endloop
  endfacet
  facet normal -0.5555702330196016 0.8314696123025456 0
    outer loop
      vertex 7.612712809036265 -9.80555081656619 -21.79640755194123
      vertex 7.612712809036265 -9.80555081656619 21.79640755194123
      vertex 8.927223112480164 -8.927223112480164 21.872210494559596
    endloop
  endfacet
  facet normal -0.8314696123025455 0.5555702330196018 0
    outer loop
      vertex 11.663979097954995 -4.831378333609258 -22.03002908022143
      vertex 8.927223112480164 -8.927223112480164 21.872210494559596
      vertex 11.663979097954995 -4.831378333609258 22.03002908022143
    endloop
  endfacet
  facet normal -0.9807852804032304 0.19509032201612841 0
    outer loop
      vertex 12.625 0 -22.08544759774991
      vertex 11.663979097954995 -4.831378333609258 22.03002908022143
      vertex 12.625 0 22.08544759774991
    endloop
  endfacet
  facet normal 0.9807852804032303 -0.19509032201612855 0
    outer loop
      vertex -11.896016689731512 3.664846584813393 -20.67141134698339
      vertex -11.896016689731512 3.664846584813393 20.67141134698339
      vertex -12.625 0 -20.62937357832288
    endloop
  endfacet
  facet normal 0.9807852804032305 -0.19509032201612792 -5.066370257238002e-19
    outer loop
      vertex -11.896016689731512 3.664846584813393 -20.67141134698339
      vertex -11.663979097954995 4.831378333609258 -20.67141134698339
      vertex -11.663979097954995 4.831378333609258 20.67141134698339
    endloop
  endfacet
  facet normal 0.8314696123025455 -0.5555702330196018 -3.817323354682984e-18
    outer loop
      vertex -11.663979097954995 4.831378333609258 -20.67141134698339
      vertex -8.927223112480164 8.927223112480164 -20.789651523511836
      vertex -8.927223112480164 8.927223112480164 20.789651523511836
    endloop
  endfacet
  facet normal 0.5555702330196018 -0.8314696123025453 0
    outer loop
      vertex -4.831378333609258 11.663979097954995 -21.008130881542137
      vertex -4.831378333609258 11.663979097954995 21.008130881542137
      vertex -8.927223112480164 8.927223112480164 -20.789651523511836
    endloop
  endfacet
  facet normal 0.19509032201612603 -0.9807852804032309 3.7516488959800423e-20
    outer loop
      vertex -4.6656249999999995 11.696949485944282 -2.6936998496878477
      vertex -4.831378333609258 11.663979097954995 21.008130881542137
      vertex -4.831378333609258 11.663979097954995 -21.008130881542137
    endloop
  endfacet
  facet normal 0.19509032201612844 -0.9807852804032303 -2.286852860154473e-17
    outer loop
      vertex -4.6656249999999995 11.696949485944282 -2.6936998496878477
      vertex -4.831378333609258 11.663979097954995 -21.008130881542137
      vertex 0 12.625 -5.387399699375695
    endloop
  endfacet
  facet normal -0.19509032201612603 -0.9807852804032309 0
    outer loop
      vertex 4.6656249999999995 11.696949485944282 -2.6936998496878477
      vertex 4.831378333609258 11.663979097954995 -21.602564390559508
      vertex 4.6656249999999995 11.696949485944282 2.6936998496878477
    endloop
  endfacet
  facet normal -0.5555702330196016 -0.8314696123025456 0
    outer loop
      vertex 7.612712809036265 9.80555081656619 21.79640755194123
      vertex 7.612712809036265 9.80555081656619 -21.79640755194123
      vertex 8.927223112480164 8.927223112480164 -21.872210494559596
    endloop
  endfacet
  facet normal -0.555570233019602 -0.8314696123025453 0
    outer loop
      vertex 7.612712809036265 9.80555081656619 -21.79640755194123
      vertex 7.612712809036265 9.80555081656619 21.79640755194123
      vertex 4.831378333609258 11.663979097954995 -21.602564390559508
    endloop
  endfacet
  facet normal -0.9807852804032304 -0.19509032201612841 0
    outer loop
      vertex 12.625 0 -22.08544759774991
      vertex 12.625 0 22.08544759774991
      vertex 11.663979097954995 4.831378333609258 -22.03002908022143
    endloop
  endfacet
  facet normal -0.8314696123025456 -0.555570233019602 3.602392988562717e-18
    outer loop
      vertex 8.927223112480164 8.927223112480164 -21.872210494559596
      vertex 11.663979097954995 4.831378333609258 -22.03002908022143
      vertex 11.663979097954995 4.831378333609258 22.03002908022143
    endloop
  endfacet
  facet normal 0.1950903220161284 -0.9807852804032304 0
    outer loop
      vertex 0 12.625 -5.387399699375695
      vertex -4.831378333609258 11.663979097954995 -21.008130881542137
      vertex 0 12.625 -21.29358791933449
    endloop
  endfacet
  facet normal -0.1950903220161284 -0.9807852804032304 0
    outer loop
      vertex 0 12.625 -5.387399699375695
      vertex 0 12.625 -21.29358791933449
      vertex 4.831378333609258 11.663979097954995 -21.602564390559508
    endloop
  endfacet
  facet normal -0.19509032201612847 -0.9807852804032303 -1.778795326622177e-17
    outer loop
      vertex 0 12.625 -5.387399699375695
      vertex 4.831378333609258 11.663979097954995 -21.602564390559508
      vertex 4.6656249999999995 11.696949485944282 -2.6936998496878477
    endloop
  endfacet
  facet normal 0.9807852804032305 -0.19509032201612858 0
    outer loop
      vertex -12.625 0 -20.62937357832288
      vertex -11.896016689731512 3.664846584813393 20.67141134698339
      vertex -12.625 0 20.62937357832288
    endloop
  endfacet
  facet normal 0.9807852804032305 -0.19509032201612792 0
    outer loop
      vertex -11.896016689731512 3.664846584813393 -20.67141134698339
      vertex -11.663979097954995 4.831378333609258 20.67141134698339
      vertex -11.896016689731512 3.664846584813393 20.67141134698339
    endloop
  endfacet
  facet normal 0.8314696123025455 -0.5555702330196018 0
    outer loop
      vertex -11.663979097954995 4.831378333609258 -20.67141134698339
      vertex -8.927223112480164 8.927223112480164 20.789651523511836
      vertex -11.663979097954995 4.831378333609258 20.67141134698339
    endloop
  endfacet
  facet normal 0.5555702330196018 -0.8314696123025455 0
    outer loop
      vertex -8.927223112480164 8.927223112480164 -20.789651523511836
      vertex -4.831378333609258 11.663979097954995 21.008130881542137
      vertex -8.927223112480164 8.927223112480164 20.789651523511836
    endloop
  endfacet
  facet normal 0.19509032201612603 -0.9807852804032309 0
    outer loop
      vertex -4.6656249999999995 11.696949485944282 -2.6936998496878477
      vertex -4.6656249999999995 11.696949485944282 2.6936998496878477
      vertex -4.831378333609258 11.663979097954995 21.008130881542137
    endloop
  endfacet
  facet normal 0.1950903220161284 -0.9807852804032304 2.2272255012107937e-17
    outer loop
      vertex -4.6656249999999995 11.696949485944282 2.6936998496878477
      vertex 0 12.625 21.29358791933449
      vertex -4.831378333609258 11.663979097954995 21.008130881542137
    endloop
  endfacet
  facet normal -0.19509032201612603 -0.9807852804032309 -3.6484155123168906e-20
    outer loop
      vertex 4.6656249999999995 11.696949485944282 2.6936998496878477
      vertex 4.831378333609258 11.663979097954995 -21.602564390559508
      vertex 4.831378333609258 11.663979097954995 21.602564390559508
    endloop
  endfacet
  facet normal -0.555570233019602 -0.8314696123025455 0
    outer loop
      vertex 4.831378333609258 11.663979097954995 -21.602564390559508
      vertex 7.612712809036265 9.80555081656619 21.79640755194123
      vertex 4.831378333609258 11.663979097954995 21.602564390559508
    endloop
  endfacet
  facet normal -0.5555702330196017 -0.8314696123025457 -1.3232948145592647e-19
    outer loop
      vertex 7.612712809036265 9.80555081656619 21.79640755194123
      vertex 8.927223112480164 8.927223112480164 -21.872210494559596
      vertex 8.927223112480164 8.927223112480164 21.872210494559596
    endloop
  endfacet
  facet normal -0.9807852804032303 -0.1950903220161284 0
    outer loop
      vertex 11.663979097954995 4.831378333609258 -22.03002908022143
      vertex 12.625 0 22.08544759774991
      vertex 11.663979097954995 4.831378333609258 22.03002908022143
    endloop
  endfacet
  facet normal -0.8314696123025455 -0.555570233019602 0
    outer loop
      vertex 8.927223112480164 8.927223112480164 -21.872210494559596
      vertex 11.663979097954995 4.831378333609258 22.03002908022143
      vertex 8.927223112480164 8.927223112480164 21.872210494559596
    endloop
  endfacet
  facet normal 0.1950903220161285 -0.9807852804032305 -1.9142547512059153e-18
    outer loop
      vertex -4.6656249999999995 11.696949485944282 2.6936998496878477
      vertex 0 12.625 5.387399699375695
      vertex 0 12.625 21.29358791933449
    endloop
  endfacet
  facet normal -0.19509032201612847 -0.9807852804032303 2.4147048060325858e-17
    outer loop
      vertex 0 12.625 5.387399699375695
      vertex 4.6656249999999995 11.696949485944282 2.6936998496878477
      vertex 4.831378333609258 11.663979097954995 21.602564390559508
    endloop
  endfacet
  facet normal -0.1950903220161284 -0.9807852804032304 0
    outer loop
      vertex 0 12.625 5.387399699375695
      vertex 4.831378333609258 11.663979097954995 21.602564390559508
      vertex 0 12.625 21.29358791933449
    endloop
  endfacet
  facet normal -0.19509032201612814 -0.9807852804032305 2.7493310881898836e-18
    outer loop
      vertex -9.008009232156372 -21.747258058253962 -20
      vertex 0 -23.5390625 -20
      vertex 0 -23.5390625 -5.6720999999999995
    endloop
  endfacet
  facet normal -0.5555702330196024 -0.8314696123025452 0
    outer loop
      vertex -16.644630716523967 -16.644630716523967 -20
      vertex -9.008009232156372 -21.747258058253962 -20
      vertex -16.644630716523967 -16.644630716523967 20
    endloop
  endfacet
  facet normal -0.8314696123025452 -0.5555702330196024 0
    outer loop
      vertex -16.644630716523967 -16.644630716523967 -20
      vertex -16.644630716523967 -16.644630716523967 20
      vertex -21.747258058253962 -9.008009232156372 -20
    endloop
  endfacet
  facet normal -0.19509032201612658 -0.9807852804032308 -4.716634784285744e-16
    outer loop
      vertex -9.008009232156372 -21.747258058253962 -20
      vertex -3.6459556009030187 -22.813836840063257 -4.345080685815155
      vertex -4.912182692805714 -22.561968611572635 -2.8360499999999997
    endloop
  endfacet
  facet normal -0.19509032201612916 -0.9807852804032304 4.4384654082846516e-16
    outer loop
      vertex -9.008009232156372 -21.747258058253962 -20
      vertex -1.9399724549575252 -23.153177986333073 -5.330030514359751
      vertex -3.6459556009030187 -22.813836840063257 -4.345080685815155
    endloop
  endfacet
  facet normal -0.19509032201612758 -0.9807852804032307 -3.9454265828110696e-16
    outer loop
      vertex -9.008009232156372 -21.747258058253962 -20
      vertex 0 -23.5390625 -5.6720999999999995
      vertex -1.9399724549575252 -23.153177986333073 -5.330030514359751
    endloop
  endfacet
  facet normal -0.1950903220161294 -0.9807852804032302 1.9291535944405864e-16
    outer loop
      vertex -9.008009232156372 -21.747258058253962 -20
      vertex -4.912182692805714 -22.561968611572635 -2.8360499999999997
      vertex -5.585928055860545 -22.42795232639633 -0.9849498285445955
    endloop
  endfacet
  facet normal -0.19509032201612828 -0.9807852804032305 0
    outer loop
      vertex -9.008009232156372 -21.747258058253962 -20
      vertex -5.585928055860545 -22.42795232639633 -0.9849498285445955
      vertex -9.008009232156372 -21.747258058253962 20
    endloop
  endfacet
  facet normal -0.061397348375555126 -0.012212691916214742 -0.9980386845050698
    outer loop
      vertex -21.747258058253962 -9.008009232156372 -20
      vertex -11.663979097954995 -4.831378333609258 -20.67141134698339
      vertex -8.927223112480164 -8.927223112480164 -20.789651523511836
    endloop
  endfacet
  facet normal -0.06139734837555492 -0.01221269191621522 -0.9980386845050698
    outer loop
      vertex -21.747258058253962 -9.008009232156372 -20
      vertex -23.5390625 0 -20
      vertex -11.896016689731512 -3.664846584813393 -20.67141134698339
    endloop
  endfacet
  facet normal -0.06139734837555494 -0.012212691916215185 -0.9980386845050698
    outer loop
      vertex -21.747258058253962 -9.008009232156372 -20
      vertex -11.896016689731512 -3.664846584813393 -20.67141134698339
      vertex -11.663979097954995 -4.831378333609258 -20.67141134698339
    endloop
  endfacet
  facet normal -0.05757065446430496 2.620512291491711e-16 -0.9983414344524382
    outer loop
      vertex -23.5390625 0 -20
      vertex -12.625 0 -20.62937357832288
      vertex -11.896016689731512 -3.664846584813393 -20.67141134698339
    endloop
  endfacet
  facet normal -0.06139734837555631 -0.012212691916223956 -0.9980386845050697
    outer loop
      vertex -21.747258058253962 -9.008009232156372 -20
      vertex -4.831378333609258 -11.663979097954995 -21.008130881542137
      vertex 0 -12.625 -21.29358791933449
    endloop
  endfacet
  facet normal -0.06139734837555512 -0.01221269191621516 -0.9980386845050697
    outer loop
      vertex -21.747258058253962 -9.008009232156372 -20
      vertex -8.927223112480164 -8.927223112480164 -20.789651523511836
      vertex -4.831378333609258 -11.663979097954995 -21.008130881542137
    endloop
  endfacet
  facet normal -0.9807852804032304 -0.19509032201612814 9.848035224618958e-19
    outer loop
      vertex -21.747258058253962 -9.008009232156372 -20
      vertex -23.5390625 0 20
      vertex -23.5390625 0 -20
    endloop
  endfacet
  facet normal -0.0704051374809645 -0.10536873447526746 -0.9919377734572704
    outer loop
      vertex -16.644630716523967 -16.644630716523967 -20
      vertex 40 -20 -23.6640625
      vertex -9.008009232156372 -21.747258058253962 -20
    endloop
  endfacet
  facet normal -0.06713094123777001 -0.044855460878493666 -0.9967353833179139
    outer loop
      vertex -16.644630716523967 -16.644630716523967 -20
      vertex -21.747258058253962 -9.008009232156372 -20
      vertex 40 -20 -23.6640625
    endloop
  endfacet
  facet normal -0.06139734837555595 -0.012212691916220392 -0.9980386845050697
    outer loop
      vertex -21.747258058253962 -9.008009232156372 -20
      vertex 0 -12.625 -21.29358791933449
      vertex 40 -20 -23.6640625
    endloop
  endfacet
  facet normal -0.060296630514419566 -0.3031316318272622 -0.9510391843317227
    outer loop
      vertex -9.008009232156372 -21.747258058253962 -20
      vertex 40 -20 -23.6640625
      vertex 0 -23.5390625 -20
    endloop
  endfacet
  facet normal -0.061397348375554835 -0.012212691916214486 -0.9980386845050698
    outer loop
      vertex 40 -20 -23.6640625
      vertex 0 -12.625 -21.29358791933449
      vertex 4.831378333609258 -11.663979097954995 -21.602564390559508
    endloop
  endfacet
  facet normal -0.061397348375555105 -0.012212691916215577 -0.9980386845050698
    outer loop
      vertex 40 -20 -23.6640625
      vertex 4.831378333609258 -11.663979097954995 -21.602564390559508
      vertex 7.612712809036265 -9.80555081656619 -21.79640755194123
    endloop
  endfacet
  facet normal -0.05757065446430478 9.16128872978758e-16 -0.9983414344524381
    outer loop
      vertex 40 -20 -23.6640625
      vertex 7.612712809036265 -9.80555081656619 -21.79640755194123
      vertex 8.927223112480164 -8.927223112480164 -21.872210494559596
    endloop
  endfacet
  facet normal 0.05550394966670354 -0.998458467624666 0
    outer loop
      vertex 0 -23.5390625 -20
      vertex 1.9399724549575252 -23.431220123991196 -5.330030514359751
      vertex 0 -23.5390625 -5.6720999999999995
    endloop
  endfacet
  facet normal 0.05550394966670442 -0.9984584676246658 -1.1621625973454133e-16
    outer loop
      vertex 0 -23.5390625 -20
      vertex 28.220535960481094 -21.97029298348289 -4.879213762654895
      vertex 1.9399724549575252 -23.431220123991196 -5.330030514359751
    endloop
  endfacet
  facet normal 0.05550394966670414 -0.998458467624666 4.3223488596287897e-16
    outer loop
      vertex 0 -23.5390625 -20
      vertex 30.984388539871517 -21.816651405563654 -9.015611460128481
      vertex 28.220535960481094 -21.97029298348289 -4.879213762654895
    endloop
  endfacet
  facet normal 0.0555039496667044 -0.9984584676246658 1.3173502641458038e-15
    outer loop
      vertex 1.9399724549575252 -23.431220123991196 -5.330030514359751
      vertex 28.220535960481094 -21.97029298348289 -4.879213762654895
      vertex 3.6459556009030187 -23.336385130113012 -4.345080685815155
    endloop
  endfacet
  facet normal 0.05550394966670439 -0.998458467624666 7.173827148863593e-16
    outer loop
      vertex 3.6459556009030187 -23.336385130113012 -4.345080685815155
      vertex 28.220535960481094 -21.97029298348289 -4.879213762654895
      vertex 4.912182692805714 -23.265996018242607 -2.8360499999999997
    endloop
  endfacet
  facet normal 0.055503949666704196 -0.9984584676246658 -1.4206766695244376e-15
    outer loop
      vertex 5.585928055860545 -23.228542754104208 -0.9849498285445955
      vertex 4.912182692805714 -23.265996018242607 -2.8360499999999997
      vertex 28.220535960481094 -21.97029298348289 -4.879213762654895
    endloop
  endfacet
  facet normal -0.05757065446430507 -5.294107996084081e-16 -0.9983414344524381
    outer loop
      vertex 11.663979097954995 -4.831378333609258 -22.03002908022143
      vertex 12.625 0 -22.08544759774991
      vertex 34.41407194413946 -0.9849498285445955 -23.341942709246453
    endloop
  endfacet
  facet normal -0.5555702330196024 -0.8314696123025452 0
    outer loop
      vertex -9.008009232156372 -21.747258058253962 -20
      vertex -9.008009232156372 -21.747258058253962 20
      vertex -16.644630716523967 -16.644630716523967 20
    endloop
  endfacet
  facet normal -0.1950903220161282 -0.9807852804032305 1.8988021515971835e-17
    outer loop
      vertex -9.008009232156372 -21.747258058253962 20
      vertex -5.585928055860545 -22.42795232639633 -0.9849498285445955
      vertex -5.585928055860545 -22.42795232639633 0.9849498285445955
    endloop
  endfacet
  facet normal -0.19509032201612933 -0.9807852804032302 -1.8593863541606848e-16
    outer loop
      vertex -9.008009232156372 -21.747258058253962 20
      vertex -5.585928055860545 -22.42795232639633 0.9849498285445955
      vertex -4.912182692805714 -22.561968611572635 2.8360499999999997
    endloop
  endfacet
  facet normal -0.1950903220161266 -0.9807852804032308 4.611926870193557e-16
    outer loop
      vertex -9.008009232156372 -21.747258058253962 20
      vertex -4.912182692805714 -22.561968611572635 2.8360499999999997
      vertex -3.6459556009030187 -22.813836840063257 4.345080685815155
    endloop
  endfacet
  facet normal -0.1950903220161292 -0.9807852804032303 -4.2263432658134997e-16
    outer loop
      vertex -9.008009232156372 -21.747258058253962 20
      vertex -3.6459556009030187 -22.813836840063257 4.345080685815155
      vertex -1.9399724549575252 -23.153177986333073 5.330030514359751
    endloop
  endfacet
  facet normal -0.1950903220161281 -0.9807852804032304 8.745963128807648e-17
    outer loop
      vertex -9.008009232156372 -21.747258058253962 20
      vertex -1.9399724549575252 -23.153177986333073 5.330030514359751
      vertex 0 -23.5390625 20
    endloop
  endfacet
  facet normal -0.8314696123025452 -0.5555702330196024 0
    outer loop
      vertex -21.747258058253962 -9.008009232156372 -20
      vertex -16.644630716523967 -16.644630716523967 20
      vertex -21.747258058253962 -9.008009232156372 20
    endloop
  endfacet
  facet normal -0.9807852804032304 -0.19509032201612814 0
    outer loop
      vertex -21.747258058253962 -9.008009232156372 -20
      vertex -21.747258058253962 -9.008009232156372 20
      vertex -23.5390625 0 20
    endloop
  endfacet
  facet normal -0.061397348375555126 -0.012212691916214751 0.9980386845050698
    outer loop
      vertex -21.747258058253962 -9.008009232156372 20
      vertex -8.927223112480164 -8.927223112480164 20.789651523511836
      vertex -11.663979097954995 -4.831378333609258 20.67141134698339
    endloop
  endfacet
  facet normal -0.06139734837555492 -0.01221269191621522 0.9980386845050699
    outer loop
      vertex -21.747258058253962 -9.008009232156372 20
      vertex -11.896016689731512 -3.664846584813393 20.67141134698339
      vertex -23.5390625 0 20
    endloop
  endfacet
  facet normal -0.061397348375554925 -0.012212691916215232 0.9980386845050698
    outer loop
      vertex -21.747258058253962 -9.008009232156372 20
      vertex -11.663979097954995 -4.831378333609258 20.67141134698339
      vertex -11.896016689731512 -3.664846584813393 20.67141134698339
    endloop
  endfacet
  facet normal -0.05757065446430496 2.743356732925e-16 0.9983414344524382
    outer loop
      vertex -23.5390625 0 20
      vertex -11.896016689731512 -3.664846584813393 20.67141134698339
      vertex -12.625 0 20.62937357832288
    endloop
  endfacet
  facet normal -0.061397348375555105 -0.012212691916215141 0.9980386845050697
    outer loop
      vertex -21.747258058253962 -9.008009232156372 20
      vertex -4.831378333609258 -11.663979097954995 21.008130881542137
      vertex -8.927223112480164 -8.927223112480164 20.789651523511836
    endloop
  endfacet
  facet normal -0.06139734837555644 -0.012212691916223054 0.9980386845050697
    outer loop
      vertex -21.747258058253962 -9.008009232156372 20
      vertex 0 -12.625 21.29358791933449
      vertex -4.831378333609258 -11.663979097954995 21.008130881542137
    endloop
  endfacet
  facet normal -0.1950903220161275 -0.9807852804032307 0
    outer loop
      vertex 0 -23.5390625 20
      vertex -1.9399724549575252 -23.153177986333073 5.330030514359751
      vertex 0 -23.5390625 5.6720999999999995
    endloop
  endfacet
  facet normal 0.05550394966670354 -0.998458467624666 0
    outer loop
      vertex 0 -23.5390625 20
      vertex 0 -23.5390625 5.6720999999999995
      vertex 1.9399724549575252 -23.431220123991196 5.330030514359751
    endloop
  endfacet
  facet normal 0.05550394966670449 -0.998458467624666 0
    outer loop
      vertex 5.585928055860545 -23.228542754104208 -0.9849498285445955
      vertex 27.25 -22.02424473094858 0
      vertex 5.585928055860545 -23.228542754104208 0.9849498285445955
    endloop
  endfacet
  facet normal 0.05550394966670419 -0.9984584676246658 1.421362022901677e-15
    outer loop
      vertex 4.912182692805714 -23.265996018242607 2.8360499999999997
      vertex 5.585928055860545 -23.228542754104208 0.9849498285445955
      vertex 28.220535960481094 -21.97029298348289 4.879213762654895
    endloop
  endfacet
  facet normal 0.05550394966670439 -0.998458467624666 -7.147175681790842e-16
    outer loop
      vertex 3.6459556009030187 -23.336385130113012 4.345080685815155
      vertex 4.912182692805714 -23.265996018242607 2.8360499999999997
      vertex 28.220535960481094 -21.97029298348289 4.879213762654895
    endloop
  endfacet
  facet normal 0.05550394966670449 -0.9984584676246658 -1.1803564006592528e-15
    outer loop
      vertex 1.9399724549575252 -23.431220123991196 5.330030514359751
      vertex 3.6459556009030187 -23.336385130113012 4.345080685815155
      vertex 30.984388539871517 -21.816651405563654 9.015611460128481
    endloop
  endfacet
  facet normal 0.05550394966670433 -0.998458467624666 1.0331589282654338e-16
    outer loop
      vertex 0 -23.5390625 20
      vertex 1.9399724549575252 -23.431220123991196 5.330030514359751
      vertex 30.984388539871517 -21.816651405563654 9.015611460128481
    endloop
  endfacet
  facet normal -0.0704051374809645 -0.10536873447526746 0.9919377734572704
    outer loop
      vertex -16.644630716523967 -16.644630716523967 20
      vertex -9.008009232156372 -21.747258058253962 20
      vertex 40 -20 23.6640625
    endloop
  endfacet
  facet normal -0.06713094123777001 -0.044855460878493666 0.9967353833179139
    outer loop
      vertex -16.644630716523967 -16.644630716523967 20
      vertex 40 -20 23.6640625
      vertex -21.747258058253962 -9.008009232156372 20
    endloop
  endfacet
  facet normal -0.061397348375555966 -0.012212691916220424 0.9980386845050697
    outer loop
      vertex -21.747258058253962 -9.008009232156372 20
      vertex 40 -20 23.6640625
      vertex 0 -12.625 21.29358791933449
    endloop
  endfacet
  facet normal -0.060296630514419566 -0.3031316318272622 0.9510391843317227
    outer loop
      vertex -9.008009232156372 -21.747258058253962 20
      vertex 0 -23.5390625 20
      vertex 40 -20 23.6640625
    endloop
  endfacet
  facet normal -0.061397348375554814 -0.012212691916214482 0.9980386845050698
    outer loop
      vertex 40 -20 23.6640625
      vertex 4.831378333609258 -11.663979097954995 21.602564390559508
      vertex 0 -12.625 21.29358791933449
    endloop
  endfacet
  facet normal -0.061397348375555064 -0.012212691916215622 0.9980386845050698
    outer loop
      vertex 40 -20 23.6640625
      vertex 7.612712809036265 -9.80555081656619 21.79640755194123
      vertex 4.831378333609258 -11.663979097954995 21.602564390559508
    endloop
  endfacet
  facet normal -0.05757065446430485 8.320631426671582e-16 0.9983414344524381
    outer loop
      vertex 40 -20 23.6640625
      vertex 8.927223112480164 -8.927223112480164 21.872210494559596
      vertex 7.612712809036265 -9.80555081656619 21.79640755194123
    endloop
  endfacet
  facet normal -0.05757065446430514 3.5939778452780515e-16 0.998341434452438
    outer loop
      vertex 8.927223112480164 -8.927223112480164 21.872210494559596
      vertex 36.35404439909698 -4.345080685815155 23.453813738556065
      vertex 11.663979097954995 -4.831378333609258 22.03002908022143
    endloop
  endfacet
  facet normal -0.05757065446430507 -5.311229540477569e-16 0.9983414344524381
    outer loop
      vertex 11.663979097954995 -4.831378333609258 22.03002908022143
      vertex 34.41407194413946 -0.9849498285445955 23.341942709246453
      vertex 12.625 0 22.08544759774991
    endloop
  endfacet
  facet normal -0.06139734837555492 0.01221269191621522 -0.9980386845050699
    outer loop
      vertex -23.5390625 0 -20
      vertex -21.747258058253962 9.008009232156372 -20
      vertex -11.896016689731512 3.664846584813393 -20.67141134698339
    endloop
  endfacet
  facet normal -0.05757065446430496 -2.743356732925e-16 -0.9983414344524382
    outer loop
      vertex -23.5390625 0 -20
      vertex -11.896016689731512 3.664846584813393 -20.67141134698339
      vertex -12.625 0 -20.62937357832288
    endloop
  endfacet
  facet normal -0.061397348375554925 0.012212691916215232 -0.9980386845050698
    outer loop
      vertex -21.747258058253962 9.008009232156372 -20
      vertex -11.663979097954995 4.831378333609258 -20.67141134698339
      vertex -11.896016689731512 3.664846584813393 -20.67141134698339
    endloop
  endfacet
  facet normal -0.061397348375555126 0.012212691916214751 -0.9980386845050698
    outer loop
      vertex -21.747258058253962 9.008009232156372 -20
      vertex -8.927223112480164 8.927223112480164 -20.789651523511836
      vertex -11.663979097954995 4.831378333609258 -20.67141134698339
    endloop
  endfacet
  facet normal -0.06139734837555644 0.012212691916223054 -0.9980386845050697
    outer loop
      vertex -21.747258058253962 9.008009232156372 -20
      vertex 0 12.625 -21.29358791933449
      vertex -4.831378333609258 11.663979097954995 -21.008130881542137
    endloop
  endfacet
  facet normal -0.061397348375555105 0.012212691916215141 -0.9980386845050697
    outer loop
      vertex -21.747258058253962 9.008009232156372 -20
      vertex -4.831378333609258 11.663979097954995 -21.008130881542137
      vertex -8.927223112480164 8.927223112480164 -20.789651523511836
    endloop
  endfacet
  facet normal -0.9807852804032304 0.19509032201612814 -9.848035224618958e-19
    outer loop
      vertex -23.5390625 0 -20
      vertex -21.747258058253962 9.008009232156372 20
      vertex -21.747258058253962 9.008009232156372 -20
    endloop
  endfacet
  facet normal -0.8314696123025452 0.5555702330196024 0
    outer loop
      vertex -21.747258058253962 9.008009232156372 -20
      vertex -21.747258058253962 9.008009232156372 20
      vertex -16.644630716523967 16.644630716523967 -20
    endloop
  endfacet
  facet normal -0.1950903220161281 0.9807852804032304 -8.745963128807648e-17
    outer loop
      vertex -9.008009232156372 21.747258058253962 -20
      vertex -1.9399724549575252 23.153177986333073 -5.330030514359751
      vertex 0 23.5390625 -20
    endloop
  endfacet
  facet normal -0.5555702330196024 0.8314696123025452 6.124845236641044e-18
    outer loop
      vertex -16.644630716523967 16.644630716523967 -20
      vertex -9.008009232156372 21.747258058253962 20
      vertex -9.008009232156372 21.747258058253962 -20
    endloop
  endfacet
  facet normal -0.1950903220161266 0.9807852804032308 -4.611926870193557e-16
    outer loop
      vertex -9.008009232156372 21.747258058253962 -20
      vertex -4.912182692805714 22.561968611572635 -2.8360499999999997
      vertex -3.6459556009030187 22.813836840063257 -4.345080685815155
    endloop
  endfacet
  facet normal -0.1950903220161292 0.9807852804032303 4.2263432658134997e-16
    outer loop
      vertex -9.008009232156372 21.747258058253962 -20
      vertex -3.6459556009030187 22.813836840063257 -4.345080685815155
      vertex -1.9399724549575252 23.153177986333073 -5.330030514359751
    endloop
  endfacet
  facet normal -0.19509032201612933 0.9807852804032302 1.8593863541606848e-16
    outer loop
      vertex -9.008009232156372 21.747258058253962 -20
      vertex -5.585928055860545 22.42795232639633 -0.9849498285445955
      vertex -4.912182692805714 22.561968611572635 -2.8360499999999997
    endloop
  endfacet
  facet normal -0.1950903220161282 0.9807852804032305 -1.8988021515971835e-17
    outer loop
      vertex -9.008009232156372 21.747258058253962 -20
      vertex -5.585928055860545 22.42795232639633 0.9849498285445955
      vertex -5.585928055860545 22.42795232639633 -0.9849498285445955
    endloop
  endfacet
  facet normal -0.05757065446430508 5.293759555231673e-16 -0.9983414344524381
    outer loop
      vertex 12.625 0 -22.08544759774991
      vertex 11.663979097954995 4.831378333609258 -22.03002908022143
      vertex 34.41407194413946 0.9849498285445955 -23.341942709246453
    endloop
  endfacet
  facet normal -0.05757065446430514 -3.5939778452780515e-16 -0.998341434452438
    outer loop
      vertex 8.927223112480164 8.927223112480164 -21.872210494559596
      vertex 36.35404439909698 4.345080685815155 -23.453813738556065
      vertex 11.663979097954995 4.831378333609258 -22.03002908022143
    endloop
  endfacet
  facet normal -0.06713094123777001 0.044855460878493666 -0.9967353833179139
    outer loop
      vertex -21.747258058253962 9.008009232156372 -20
      vertex -16.644630716523967 16.644630716523967 -20
      vertex 40 20 -23.6640625
    endloop
  endfacet
  facet normal -0.061397348375555966 0.012212691916220424 -0.9980386845050697
    outer loop
      vertex -21.747258058253962 9.008009232156372 -20
      vertex 40 20 -23.6640625
      vertex 0 12.625 -21.29358791933449
    endloop
  endfacet
  facet normal -0.0704051374809645 0.10536873447526746 -0.9919377734572704
    outer loop
      vertex -16.644630716523967 16.644630716523967 -20
      vertex -9.008009232156372 21.747258058253962 -20
      vertex 40 20 -23.6640625
    endloop
  endfacet
  facet normal -0.05757065446430485 -8.320631426671582e-16 -0.9983414344524381
    outer loop
      vertex 40 20 -23.6640625
      vertex 8.927223112480164 8.927223112480164 -21.872210494559596
      vertex 7.612712809036265 9.80555081656619 -21.79640755194123
    endloop
  endfacet
  facet normal -0.061397348375555064 0.012212691916215622 -0.9980386845050698
    outer loop
      vertex 40 20 -23.6640625
      vertex 7.612712809036265 9.80555081656619 -21.79640755194123
      vertex 4.831378333609258 11.663979097954995 -21.602564390559508
    endloop
  endfacet
  facet normal -0.061397348375554814 0.012212691916214482 -0.9980386845050698
    outer loop
      vertex 40 20 -23.6640625
      vertex 4.831378333609258 11.663979097954995 -21.602564390559508
      vertex 0 12.625 -21.29358791933449
    endloop
  endfacet
  facet normal -0.060296630514419566 0.3031316318272622 -0.9510391843317227
    outer loop
      vertex -9.008009232156372 21.747258058253962 -20
      vertex 0 23.5390625 -20
      vertex 40 20 -23.6640625
    endloop
  endfacet
  facet normal -0.1950903220161275 0.9807852804032307 0
    outer loop
      vertex 0 23.5390625 -20
      vertex -1.9399724549575252 23.153177986333073 -5.330030514359751
      vertex 0 23.5390625 -5.6720999999999995
    endloop
  endfacet
  facet normal 0.05550394966670354 0.998458467624666 0
    outer loop
      vertex 0 23.5390625 -20
      vertex 0 23.5390625 -5.6720999999999995
      vertex 1.9399724549575252 23.431220123991196 -5.330030514359751
    endloop
  endfacet
  facet normal 0.05550394966670433 0.998458467624666 -1.0331589282654338e-16
    outer loop
      vertex 0 23.5390625 -20
      vertex 1.9399724549575252 23.431220123991196 -5.330030514359751
      vertex 30.984388539871517 21.816651405563654 -9.015611460128481
    endloop
  endfacet
  facet normal 0.05550394966670449 0.9984584676246658 1.1803564006592528e-15
    outer loop
      vertex 1.9399724549575252 23.431220123991196 -5.330030514359751
      vertex 3.6459556009030187 23.336385130113012 -4.345080685815155
      vertex 30.984388539871517 21.816651405563654 -9.015611460128481
    endloop
  endfacet
  facet normal 0.05550394966670439 0.998458467624666 7.147175681790842e-16
    outer loop
      vertex 3.6459556009030187 23.336385130113012 -4.345080685815155
      vertex 4.912182692805714 23.265996018242607 -2.8360499999999997
      vertex 28.220535960481094 21.97029298348289 -4.879213762654895
    endloop
  endfacet
  facet normal 0.05550394966670419 0.9984584676246658 -1.421362022901677e-15
    outer loop
      vertex 4.912182692805714 23.265996018242607 -2.8360499999999997
      vertex 5.585928055860545 23.228542754104208 -0.9849498285445955
      vertex 28.220535960481094 21.97029298348289 -4.879213762654895
    endloop
  endfacet
  facet normal -0.9807852804032304 0.19509032201612814 0
    outer loop
      vertex -23.5390625 0 -20
      vertex -23.5390625 0 20
      vertex -21.747258058253962 9.008009232156372 20
    endloop
  endfacet
  facet normal -0.06139734837555492 0.01221269191621522 0.9980386845050699
    outer loop
      vertex -23.5390625 0 20
      vertex -11.896016689731512 3.664846584813393 20.67141134698339
      vertex -21.747258058253962 9.008009232156372 20
    endloop
  endfacet
  facet normal -0.05757065446430496 -2.620512291491711e-16 0.9983414344524382
    outer loop
      vertex -23.5390625 0 20
      vertex -12.625 0 20.62937357832288
      vertex -11.896016689731512 3.664846584813393 20.67141134698339
    endloop
  endfacet
  facet normal -0.06139734837555494 0.012212691916215185 0.9980386845050698
    outer loop
      vertex -21.747258058253962 9.008009232156372 20
      vertex -11.896016689731512 3.664846584813393 20.67141134698339
      vertex -11.663979097954995 4.831378333609258 20.67141134698339
    endloop
  endfacet
  facet normal -0.061397348375555126 0.012212691916214742 0.9980386845050698
    outer loop
      vertex -21.747258058253962 9.008009232156372 20
      vertex -11.663979097954995 4.831378333609258 20.67141134698339
      vertex -8.927223112480164 8.927223112480164 20.789651523511836
    endloop
  endfacet
  facet normal -0.06139734837555512 0.01221269191621516 0.9980386845050697
    outer loop
      vertex -21.747258058253962 9.008009232156372 20
      vertex -8.927223112480164 8.927223112480164 20.789651523511836
      vertex -4.831378333609258 11.663979097954995 21.008130881542137
    endloop
  endfacet
  facet normal -0.06139734837555631 0.012212691916223956 0.9980386845050697
    outer loop
      vertex -21.747258058253962 9.008009232156372 20
      vertex -4.831378333609258 11.663979097954995 21.008130881542137
      vertex 0 12.625 21.29358791933449
    endloop
  endfacet
  facet normal -0.8314696123025452 0.5555702330196024 0
    outer loop
      vertex -16.644630716523967 16.644630716523967 -20
      vertex -21.747258058253962 9.008009232156372 20
      vertex -16.644630716523967 16.644630716523967 20
    endloop
  endfacet
  facet normal -0.5555702330196024 0.8314696123025452 0
    outer loop
      vertex -16.644630716523967 16.644630716523967 -20
      vertex -16.644630716523967 16.644630716523967 20
      vertex -9.008009232156372 21.747258058253962 20
    endloop
  endfacet
  facet normal -0.19509032201612828 0.9807852804032305 0
    outer loop
      vertex -9.008009232156372 21.747258058253962 -20
      vertex -9.008009232156372 21.747258058253962 20
      vertex -5.585928055860545 22.42795232639633 0.9849498285445955
    endloop
  endfacet
  facet normal -0.1950903220161294 0.9807852804032302 -1.9291535944405864e-16
    outer loop
      vertex -9.008009232156372 21.747258058253962 20
      vertex -4.912182692805714 22.561968611572635 2.8360499999999997
      vertex -5.585928055860545 22.42795232639633 0.9849498285445955
    endloop
  endfacet
  facet normal -0.19509032201612658 0.9807852804032308 4.716634784285744e-16
    outer loop
      vertex -9.008009232156372 21.747258058253962 20
      vertex -3.6459556009030187 22.813836840063257 4.345080685815155
      vertex -4.912182692805714 22.561968611572635 2.8360499999999997
    endloop
  endfacet
  facet normal -0.19509032201612916 0.9807852804032304 -4.4384654082846516e-16
    outer loop
      vertex -9.008009232156372 21.747258058253962 20
      vertex -1.9399724549575252 23.153177986333073 5.330030514359751
      vertex -3.6459556009030187 22.813836840063257 4.345080685815155
    endloop
  endfacet
  facet normal -0.19509032201612758 0.9807852804032307 3.9454265828110696e-16
    outer loop
      vertex -9.008009232156372 21.747258058253962 20
      vertex 0 23.5390625 5.6720999999999995
      vertex -1.9399724549575252 23.153177986333073 5.330030514359751
    endloop
  endfacet
  facet normal -0.19509032201612814 0.9807852804032305 -2.7493310881898836e-18
    outer loop
      vertex -9.008009232156372 21.747258058253962 20
      vertex 0 23.5390625 20
      vertex 0 23.5390625 5.6720999999999995
    endloop
  endfacet
  facet normal -0.05757065446430508 5.302325315443991e-16 0.9983414344524381
    outer loop
      vertex 12.625 0 22.08544759774991
      vertex 34.41407194413946 0.9849498285445955 23.341942709246453
      vertex 11.663979097954995 4.831378333609258 22.03002908022143
    endloop
  endfacet
  facet normal 0.05550394966670354 0.998458467624666 0
    outer loop
      vertex 0 23.5390625 20
      vertex 1.9399724549575252 23.431220123991196 5.330030514359751
      vertex 0 23.5390625 5.6720999999999995
    endloop
  endfacet
  facet normal 0.05550394966670449 0.998458467624666 0
    outer loop
      vertex 5.585928055860545 23.228542754104208 -0.9849498285445955
      vertex 5.585928055860545 23.228542754104208 0.9849498285445955
      vertex 27.25 22.02424473094858 0
    endloop
  endfacet
  facet normal 0.055503949666704196 0.9984584676246658 1.4206766695244376e-15
    outer loop
      vertex 5.585928055860545 23.228542754104208 0.9849498285445955
      vertex 4.912182692805714 23.265996018242607 2.8360499999999997
      vertex 28.220535960481094 21.97029298348289 4.879213762654895
    endloop
  endfacet
  facet normal 0.0555039496667044 0.9984584676246658 -1.3173502641458038e-15
    outer loop
      vertex 1.9399724549575252 23.431220123991196 5.330030514359751
      vertex 28.220535960481094 21.97029298348289 4.879213762654895
      vertex 3.6459556009030187 23.336385130113012 4.345080685815155
    endloop
  endfacet
  facet normal 0.055503949666704404 0.998458467624666 -7.114476680665925e-16
    outer loop
      vertex 4.912182692805714 23.265996018242607 2.8360499999999997
      vertex 3.6459556009030187 23.336385130113012 4.345080685815155
      vertex 28.220535960481094 21.97029298348289 4.879213762654895
    endloop
  endfacet
  facet normal 0.05550394966670442 0.9984584676246658 1.1621625973454133e-16
    outer loop
      vertex 0 23.5390625 20
      vertex 28.220535960481094 21.97029298348289 4.879213762654895
      vertex 1.9399724549575252 23.431220123991196 5.330030514359751
    endloop
  endfacet
  facet normal 0.05550394966670414 0.998458467624666 -4.3223488596287897e-16
    outer loop
      vertex 0 23.5390625 20
      vertex 30.984388539871517 21.816651405563654 9.015611460128481
      vertex 28.220535960481094 21.97029298348289 4.879213762654895
    endloop
  endfacet
  facet normal -0.06713094123777001 0.044855460878493666 0.9967353833179139
    outer loop
      vertex -21.747258058253962 9.008009232156372 20
      vertex 40 20 23.6640625
      vertex -16.644630716523967 16.644630716523967 20
    endloop
  endfacet
  facet normal -0.06139734837555595 0.012212691916220392 0.9980386845050697
    outer loop
      vertex -21.747258058253962 9.008009232156372 20
      vertex 0 12.625 21.29358791933449
      vertex 40 20 23.6640625
    endloop
  endfacet
  facet normal -0.0704051374809645 0.10536873447526746 0.9919377734572704
    outer loop
      vertex -16.644630716523967 16.644630716523967 20
      vertex 40 20 23.6640625
      vertex -9.008009232156372 21.747258058253962 20
    endloop
  endfacet
  facet normal -0.05757065446430478 -9.16128872978758e-16 0.9983414344524381
    outer loop
      vertex 40 20 23.6640625
      vertex 7.612712809036265 9.80555081656619 21.79640755194123
      vertex 8.927223112480164 8.927223112480164 21.872210494559596
    endloop
  endfacet
  facet normal -0.061397348375555105 0.012212691916215577 0.9980386845050698
    outer loop
      vertex 40 20 23.6640625
      vertex 4.831378333609258 11.663979097954995 21.602564390559508
      vertex 7.612712809036265 9.80555081656619 21.79640755194123
    endloop
  endfacet
  facet normal -0.061397348375554835 0.012212691916214486 0.9980386845050698
    outer loop
      vertex 40 20 23.6640625
      vertex 0 12.625 21.29358791933449
      vertex 4.831378333609258 11.663979097954995 21.602564390559508
    endloop
  endfacet
  facet normal -0.060296630514419566 0.3031316318272622 0.9510391843317227
    outer loop
      vertex -9.008009232156372 21.747258058253962 20
      vertex 40 20 23.6640625
      vertex 0 23.5390625 20
    endloop
  endfacet
  facet normal 0.05785411564623991 -0.9550172000054 -0.290852280370358
    outer loop
      vertex 0 -23.5390625 -20
      vertex 40 -20 -23.6640625
      vertex 49.05584466120201 -20 -21.862742999817872
    endloop
  endfacet
  facet normal 0.05918680251677669 -0.9981774988371511 -0.011772987006243206
    outer loop
      vertex 0 -23.5390625 -20
      vertex 40 -21.252777798597286 -12.75
      vertex 35.12078623734511 -21.553537101435676 -11.779464039518906
    endloop
  endfacet
  facet normal 0.05918680251677724 -0.9981774988371512 -0.011772987006245617
    outer loop
      vertex 0 -23.5390625 -20
      vertex 35.12078623734511 -21.553537101435676 -11.779464039518906
      vertex 32.25756320363316 -21.745876080654583 -9.866319572794097
    endloop
  endfacet
  facet normal 0.0555039496667042 -0.9984584676246658 1.612424616557911e-16
    outer loop
      vertex 0 -23.5390625 -20
      vertex 32.25756320363316 -21.745876080654583 -9.866319572794097
      vertex 30.984388539871517 -21.816651405563654 -9.015611460128481
    endloop
  endfacet
  facet normal 0.06775461418669725 -0.9925356203159249 -0.10140194603898793
    outer loop
      vertex 0 -23.5390625 -20
      vertex 49.05584466120201 -20 -21.862742999817872
      vertex 56.73301906417228 -20 -16.733019064172286
    endloop
  endfacet
  facet normal 0.05918680251677816 -0.998177498837151 -0.011772987006251153
    outer loop
      vertex 0 -23.5390625 -20
      vertex 61.86274299981787 -20 -9.055844661202007
      vertex 40 -21.252777798597286 -12.75
    endloop
  endfacet
  facet normal 0.06468069893895749 -0.9969697031873783 -0.04321826131670084
    outer loop
      vertex 0 -23.5390625 -20
      vertex 56.73301906417228 -20 -16.733019064172286
      vertex 61.86274299981787 -20 -9.055844661202007
    endloop
  endfacet
  facet normal 0.05550394966670448 -0.9984584676246658 2.181333044753053e-16
    outer loop
      vertex 5.585928055860545 -23.228542754104208 -0.9849498285445955
      vertex 28.220535960481094 -21.97029298348289 -4.879213762654895
      vertex 27.25 -22.02424473094858 0
    endloop
  endfacet
  facet normal -0.05757065446430503 2.634208317901762e-16 -0.998341434452438
    outer loop
      vertex 40 -20 -23.6640625
      vertex 8.927223112480164 -8.927223112480164 -21.872210494559596
      vertex 11.663979097954995 -4.831378333609258 -22.03002908022143
    endloop
  endfacet
  facet normal -0.05757065446430522 -9.891240365011193e-17 -0.998341434452438
    outer loop
      vertex 40 -20 -23.6640625
      vertex 11.663979097954995 -4.831378333609258 -22.03002908022143
      vertex 38.06002754504247 -5.330030514359751 -23.55219147069039
    endloop
  endfacet
  facet normal -0.0575706544643051 -1.3833811253227023e-15 -0.998341434452438
    outer loop
      vertex 11.663979097954995 -4.831378333609258 -22.03002908022143
      vertex 35.087817307194285 -2.8360499999999997 -23.38079510999313
      vertex 36.35404439909698 -4.345080685815155 -23.453813738556065
    endloop
  endfacet
  facet normal -0.057570654464305177 2.242481043991491e-15 -0.9983414344524381
    outer loop
      vertex 11.663979097954995 -4.831378333609258 -22.03002908022143
      vertex 36.35404439909698 -4.345080685815155 -23.453813738556065
      vertex 38.06002754504247 -5.330030514359751 -23.55219147069039
    endloop
  endfacet
  facet normal -0.05757065446430529 6.329719587474926e-16 -0.9983414344524381
    outer loop
      vertex 11.663979097954995 -4.831378333609258 -22.03002908022143
      vertex 34.41407194413946 -0.9849498285445955 -23.341942709246453
      vertex 35.087817307194285 -2.8360499999999997 -23.38079510999313
    endloop
  endfacet
  facet normal -0.057570654464304476 0 -0.9983414344524381
    outer loop
      vertex 40 -20 -23.6640625
      vertex 38.06002754504247 -5.330030514359751 -23.55219147069039
      vertex 40 -5.6720999999999995 -23.6640625
    endloop
  endfacet
  facet normal 0.19509032201612822 0 -0.9807852804032307
    outer loop
      vertex 40 -20 -23.6640625
      vertex 40 -5.6720999999999995 -23.6640625
      vertex 49.05584466120201 -20 -21.862742999817872
    endloop
  endfacet
  facet normal 0.059186802516776285 -0.9981774988371512 -0.011772987006240795
    outer loop
      vertex 61.86274299981787 -20 -9.055844661202007
      vertex 44.87921376265489 -20.97491243449253 -11.779464039518906
      vertex 40 -21.252777798597286 -12.75
    endloop
  endfacet
  facet normal 0.05918680251677689 -0.9981774988371511 -0.011772987006244077
    outer loop
      vertex 61.86274299981787 -20 -9.055844661202007
      vertex 49.01561146012848 -20.762243491950564 -9.015611460128481
      vertex 44.87921376265489 -20.97491243449253 -11.779464039518906
    endloop
  endfacet
  facet normal 0.05918680251677689 -0.9981774988371511 -0.011772987006244715
    outer loop
      vertex 61.86274299981787 -20 -9.055844661202007
      vertex 51.779464039518906 -20.647147889624637 -4.879213762654895
      vertex 49.01561146012848 -20.762243491950564 -9.015611460128481
    endloop
  endfacet
  facet normal 0.05918680251677701 -0.9981774988371511 -0.011772987006244405
    outer loop
      vertex 61.86274299981787 -20 -9.055844661202007
      vertex 52.02254339944555 -20.647147889624637 -3.6571712967749885
      vertex 51.779464039518906 -20.647147889624637 -4.879213762654895
    endloop
  endfacet
  facet normal 0.05550394966670437 -0.998458467624666 1.3400031303665924e-16
    outer loop
      vertex 63.6640625 -20 0
      vertex 52.75 -20.606708836973862 0
      vertex 52.02254339944555 -20.647147889624637 -3.6571712967749885
    endloop
  endfacet
  facet normal 0.05918680251677699 -0.998177498837151 -0.011772987006244432
    outer loop
      vertex 61.86274299981787 -20 -9.055844661202007
      vertex 63.6640625 -20 0
      vertex 52.02254339944555 -20.647147889624637 -3.6571712967749885
    endloop
  endfacet
  facet normal 0.19509032201612897 5.228243703095863e-16 -0.9807852804032303
    outer loop
      vertex 49.05584466120201 -20 -21.862742999817872
      vertex 40 -5.6720999999999995 -23.6640625
      vertex 41.93997245495753 -5.330030514359751 -23.27817798633307
    endloop
  endfacet
  facet normal 0.19509032201612744 -2.8899811924721874e-16 -0.9807852804032305
    outer loop
      vertex 49.05584466120201 -20 -21.862742999817872
      vertex 41.93997245495753 -5.330030514359751 -23.27817798633307
      vertex 43.64595560090302 -4.345080685815155 -22.938836840063257
    endloop
  endfacet
  facet normal 0.19509032201612883 2.5046766684056053e-16 -0.9807852804032303
    outer loop
      vertex 49.05584466120201 -20 -21.862742999817872
      vertex 43.64595560090302 -4.345080685815155 -22.938836840063257
      vertex 44.912182692805715 -2.8360499999999997 -22.68696861157263
    endloop
  endfacet
  facet normal 0.19509032201612664 -3.196946044334574e-16 -0.9807852804032308
    outer loop
      vertex 49.05584466120201 -20 -21.862742999817872
      vertex 44.912182692805715 -2.8360499999999997 -22.68696861157263
      vertex 45.58592805586054 -0.9849498285445955 -22.55295232639633
    endloop
  endfacet
  facet normal 0.19509032201612833 0 -0.9807852804032305
    outer loop
      vertex 49.05584466120201 -20 -21.862742999817872
      vertex 45.58592805586054 -0.9849498285445955 -22.55295232639633
      vertex 49.05584466120201 20 -21.862742999817872
    endloop
  endfacet
  facet normal 0.5555702330196024 5.230667938512224e-18 -0.8314696123025451
    outer loop
      vertex 49.05584466120201 -20 -21.862742999817872
      vertex 56.73301906417228 20 -16.733019064172286
      vertex 56.73301906417228 -20 -16.733019064172286
    endloop
  endfacet
  facet normal 0.8314696123025453 2.2927864678135413e-18 -0.5555702330196022
    outer loop
      vertex 56.73301906417228 -20 -16.733019064172286
      vertex 61.86274299981787 20 -9.055844661202007
      vertex 61.86274299981787 -20 -9.055844661202007
    endloop
  endfacet
  facet normal 0.9807852804032302 0 -0.19509032201612858
    outer loop
      vertex 61.86274299981787 -20 -9.055844661202007
      vertex 61.86274299981787 20 -9.055844661202007
      vertex 63.6640625 -20 0
    endloop
  endfacet
  facet normal 0.05550394966670448 -0.9984584676246658 -2.1808842977193383e-16
    outer loop
      vertex 5.585928055860545 -23.228542754104208 0.9849498285445955
      vertex 27.25 -22.02424473094858 0
      vertex 28.220535960481094 -21.97029298348289 4.879213762654895
    endloop
  endfacet
  facet normal 0.055503949666704376 -0.9984584676246658 -6.086620765128266e-16
    outer loop
      vertex 3.6459556009030187 -23.336385130113012 4.345080685815155
      vertex 28.220535960481094 -21.97029298348289 4.879213762654895
      vertex 30.984388539871517 -21.816651405563654 9.015611460128481
    endloop
  endfacet
  facet normal 0.055503949666704244 -0.998458467624666 -9.071914154674279e-17
    outer loop
      vertex 0 -23.5390625 20
      vertex 30.984388539871517 -21.816651405563654 9.015611460128481
      vertex 32.25756320363316 -21.745876080654583 9.866319572794097
    endloop
  endfacet
  facet normal 0.059186802516777264 -0.9981774988371512 0.011772987006245628
    outer loop
      vertex 0 -23.5390625 20
      vertex 32.25756320363316 -21.745876080654583 9.866319572794097
      vertex 35.12078623734511 -21.553537101435676 11.779464039518906
    endloop
  endfacet
  facet normal 0.05918680251677666 -0.9981774988371511 0.011772987006243152
    outer loop
      vertex 0 -23.5390625 20
      vertex 35.12078623734511 -21.553537101435676 11.779464039518906
      vertex 40 -21.252777798597286 12.75
    endloop
  endfacet
  facet normal 0.05785411564623991 -0.9550172000054 0.290852280370358
    outer loop
      vertex 0 -23.5390625 20
      vertex 49.05584466120201 -20 21.862742999817872
      vertex 40 -20 23.6640625
    endloop
  endfacet
  facet normal 0.05918680251677803 -0.998177498837151 0.011772987006250572
    outer loop
      vertex 0 -23.5390625 20
      vertex 40 -21.252777798597286 12.75
      vertex 61.86274299981787 -20 9.055844661202007
    endloop
  endfacet
  facet normal 0.06468069893895748 -0.9969697031873783 0.043218261316700854
    outer loop
      vertex 0 -23.5390625 20
      vertex 61.86274299981787 -20 9.055844661202007
      vertex 56.73301906417228 -20 16.733019064172286
    endloop
  endfacet
  facet normal 0.06775461418669725 -0.9925356203159249 0.10140194603898793
    outer loop
      vertex 0 -23.5390625 20
      vertex 56.73301906417228 -20 16.733019064172286
      vertex 49.05584466120201 -20 21.862742999817872
    endloop
  endfacet
  facet normal -0.05757065446430515 -9.0179530038569e-17 0.998341434452438
    outer loop
      vertex 40 -20 23.6640625
      vertex 38.06002754504247 -5.330030514359751 23.55219147069039
      vertex 8.927223112480164 -8.927223112480164 21.872210494559596
    endloop
  endfacet
  facet normal -0.05757065446430539 1.9342295965361208e-15 0.998341434452438
    outer loop
      vertex 8.927223112480164 -8.927223112480164 21.872210494559596
      vertex 38.06002754504247 -5.330030514359751 23.55219147069039
      vertex 36.35404439909698 -4.345080685815155 23.453813738556065
    endloop
  endfacet
  facet normal -0.05757065446430509 -1.3271499113585517e-15 0.998341434452438
    outer loop
      vertex 11.663979097954995 -4.831378333609258 22.03002908022143
      vertex 36.35404439909698 -4.345080685815155 23.453813738556065
      vertex 35.087817307194285 -2.8360499999999997 23.38079510999313
    endloop
  endfacet
  facet normal -0.057570654464305274 6.386269275703782e-16 0.9983414344524381
    outer loop
      vertex 11.663979097954995 -4.831378333609258 22.03002908022143
      vertex 35.087817307194285 -2.8360499999999997 23.38079510999313
      vertex 34.41407194413946 -0.9849498285445955 23.341942709246453
    endloop
  endfacet
  facet normal -0.057570654464304476 0 0.9983414344524381
    outer loop
      vertex 40 -20 23.6640625
      vertex 40 -5.6720999999999995 23.6640625
      vertex 38.06002754504247 -5.330030514359751 23.55219147069039
    endloop
  endfacet
  facet normal 0.19509032201612903 0 0.9807852804032303
    outer loop
      vertex 40 -20 23.6640625
      vertex 41.93997245495753 -5.330030514359751 23.27817798633307
      vertex 40 -5.6720999999999995 23.6640625
    endloop
  endfacet
  facet normal 0.059186802516776334 -0.9981774988371512 0.011772987006241019
    outer loop
      vertex 61.86274299981787 -20 9.055844661202007
      vertex 40 -21.252777798597286 12.75
      vertex 44.87921376265489 -20.97491243449253 11.779464039518906
    endloop
  endfacet
  facet normal 0.05918680251677689 -0.9981774988371511 0.011772987006244073
    outer loop
      vertex 61.86274299981787 -20 9.055844661202007
      vertex 44.87921376265489 -20.97491243449253 11.779464039518906
      vertex 49.01561146012848 -20.762243491950564 9.015611460128481
    endloop
  endfacet
  facet normal 0.05550394966670435 -0.9984584676246658 -1.3784435490839362e-16
    outer loop
      vertex 63.6640625 -20 0
      vertex 52.02254339944555 -20.647147889624637 3.657171296774989
      vertex 52.75 -20.606708836973862 0
    endloop
  endfacet
  facet normal 0.05918680251677703 -0.9981774988371511 0.011772987006244394
    outer loop
      vertex 61.86274299981787 -20 9.055844661202007
      vertex 51.779464039518906 -20.647147889624637 4.879213762654895
      vertex 52.02254339944555 -20.647147889624637 3.657171296774989
    endloop
  endfacet
  facet normal 0.05918680251677699 -0.998177498837151 0.011772987006244432
    outer loop
      vertex 63.6640625 -20 0
      vertex 61.86274299981787 -20 9.055844661202007
      vertex 52.02254339944555 -20.647147889624637 3.657171296774989
    endloop
  endfacet
  facet normal 0.05918680251677689 -0.9981774988371511 0.011772987006244698
    outer loop
      vertex 61.86274299981787 -20 9.055844661202007
      vertex 49.01561146012848 -20.762243491950564 9.015611460128481
      vertex 51.779464039518906 -20.647147889624637 4.879213762654895
    endloop
  endfacet
  facet normal 0.1950903220161282 1.1587800188051804e-16 0.9807852804032304
    outer loop
      vertex 40 -20 23.6640625
      vertex 49.05584466120201 -20 21.862742999817872
      vertex 41.93997245495753 -5.330030514359751 23.27817798633307
    endloop
  endfacet
  facet normal 0.9807852804032302 -4.786607624878082e-18 0.19509032201612858
    outer loop
      vertex 63.6640625 -20 0
      vertex 61.86274299981787 20 9.055844661202007
      vertex 61.86274299981787 -20 9.055844661202007
    endloop
  endfacet
  facet normal 0.8314696123025453 0 0.5555702330196022
    outer loop
      vertex 61.86274299981787 -20 9.055844661202007
      vertex 61.86274299981787 20 9.055844661202007
      vertex 56.73301906417228 -20 16.733019064172286
    endloop
  endfacet
  facet normal 0.1950903220161274 -3.0036113074381666e-16 0.9807852804032305
    outer loop
      vertex 49.05584466120201 -20 21.862742999817872
      vertex 43.64595560090302 -4.345080685815155 22.938836840063257
      vertex 41.93997245495753 -5.330030514359751 23.27817798633307
    endloop
  endfacet
  facet normal 0.1950903220161289 2.39246854122936e-16 0.9807852804032303
    outer loop
      vertex 49.05584466120201 -20 21.862742999817872
      vertex 44.912182692805715 -2.8360499999999997 22.68696861157263
      vertex 43.64595560090302 -4.345080685815155 22.938836840063257
    endloop
  endfacet
  facet normal 0.19509032201612672 -3.099985446321668e-16 0.9807852804032308
    outer loop
      vertex 49.05584466120201 -20 21.862742999817872
      vertex 45.58592805586054 -0.9849498285445955 22.55295232639633
      vertex 44.912182692805715 -2.8360499999999997 22.68696861157263
    endloop
  endfacet
  facet normal 0.19509032201612825 2.7086583435407724e-17 0.9807852804032304
    outer loop
      vertex 49.05584466120201 -20 21.862742999817872
      vertex 45.58592805586054 0.9849498285445955 22.55295232639633
      vertex 45.58592805586054 -0.9849498285445955 22.55295232639633
    endloop
  endfacet
  facet normal 0.5555702330196024 -5.230667938512224e-18 0.8314696123025451
    outer loop
      vertex 49.05584466120201 -20 21.862742999817872
      vertex 56.73301906417228 -20 16.733019064172286
      vertex 56.73301906417228 20 16.733019064172286
    endloop
  endfacet
  facet normal -0.057570654464305066 -2.39470521102948e-17 -0.9983414344524381
    outer loop
      vertex 12.625 0 -22.08544759774991
      vertex 34.41407194413946 0.9849498285445955 -23.341942709246453
      vertex 34.41407194413946 -0.9849498285445955 -23.341942709246453
    endloop
  endfacet
  facet normal -0.057570654464305274 -6.386269275703782e-16 -0.9983414344524381
    outer loop
      vertex 11.663979097954995 4.831378333609258 -22.03002908022143
      vertex 35.087817307194285 2.8360499999999997 -23.38079510999313
      vertex 34.41407194413946 0.9849498285445955 -23.341942709246453
    endloop
  endfacet
  facet normal -0.05757065446430509 1.3271499113585517e-15 -0.998341434452438
    outer loop
      vertex 11.663979097954995 4.831378333609258 -22.03002908022143
      vertex 36.35404439909698 4.345080685815155 -23.453813738556065
      vertex 35.087817307194285 2.8360499999999997 -23.38079510999313
    endloop
  endfacet
  facet normal -0.05757065446430539 -1.9342295965361208e-15 -0.998341434452438
    outer loop
      vertex 8.927223112480164 8.927223112480164 -21.872210494559596
      vertex 38.06002754504247 5.330030514359751 -23.55219147069039
      vertex 36.35404439909698 4.345080685815155 -23.453813738556065
    endloop
  endfacet
  facet normal -0.05757065446430515 9.0179530038569e-17 -0.998341434452438
    outer loop
      vertex 40 20 -23.6640625
      vertex 38.06002754504247 5.330030514359751 -23.55219147069039
      vertex 8.927223112480164 8.927223112480164 -21.872210494559596
    endloop
  endfacet
  facet normal -0.057570654464304476 0 -0.9983414344524381
    outer loop
      vertex 40 20 -23.6640625
      vertex 40 5.6720999999999995 -23.6640625
      vertex 38.06002754504247 5.330030514359751 -23.55219147069039
    endloop
  endfacet
  facet normal 0.19509032201612903 0 -0.9807852804032303
    outer loop
      vertex 40 20 -23.6640625
      vertex 41.93997245495753 5.330030514359751 -23.27817798633307
      vertex 40 5.6720999999999995 -23.6640625
    endloop
  endfacet
  facet normal 0.05785411564623991 0.9550172000054 -0.290852280370358
    outer loop
      vertex 0 23.5390625 -20
      vertex 49.05584466120201 20 -21.862742999817872
      vertex 40 20 -23.6640625
    endloop
  endfacet
  facet normal 0.05918680251677666 0.9981774988371511 -0.011772987006243152
    outer loop
      vertex 0 23.5390625 -20
      vertex 35.12078623734511 21.553537101435676 -11.779464039518906
      vertex 40 21.252777798597286 -12.75
    endloop
  endfacet
  facet normal 0.059186802516777264 0.9981774988371512 -0.011772987006245628
    outer loop
      vertex 0 23.5390625 -20
      vertex 32.25756320363316 21.745876080654583 -9.866319572794097
      vertex 35.12078623734511 21.553537101435676 -11.779464039518906
    endloop
  endfacet
  facet normal 0.055503949666704244 0.998458467624666 9.071914154674279e-17
    outer loop
      vertex 0 23.5390625 -20
      vertex 30.984388539871517 21.816651405563654 -9.015611460128481
      vertex 32.25756320363316 21.745876080654583 -9.866319572794097
    endloop
  endfacet
  facet normal 0.06775461418669725 0.9925356203159249 -0.10140194603898793
    outer loop
      vertex 0 23.5390625 -20
      vertex 56.73301906417228 20 -16.733019064172286
      vertex 49.05584466120201 20 -21.862742999817872
    endloop
  endfacet
  facet normal 0.05918680251677803 0.998177498837151 -0.011772987006250572
    outer loop
      vertex 0 23.5390625 -20
      vertex 40 21.252777798597286 -12.75
      vertex 61.86274299981787 20 -9.055844661202007
    endloop
  endfacet
  facet normal 0.06468069893895748 0.9969697031873783 -0.043218261316700854
    outer loop
      vertex 0 23.5390625 -20
      vertex 61.86274299981787 20 -9.055844661202007
      vertex 56.73301906417228 20 -16.733019064172286
    endloop
  endfacet
  facet normal 0.055503949666704376 0.9984584676246658 6.086620765128266e-16
    outer loop
      vertex 3.6459556009030187 23.336385130113012 -4.345080685815155
      vertex 28.220535960481094 21.97029298348289 -4.879213762654895
      vertex 30.984388539871517 21.816651405563654 -9.015611460128481
    endloop
  endfacet
  facet normal 0.05550394966670448 0.9984584676246658 2.1808842977193383e-16
    outer loop
      vertex 5.585928055860545 23.228542754104208 -0.9849498285445955
      vertex 27.25 22.02424473094858 0
      vertex 28.220535960481094 21.97029298348289 -4.879213762654895
    endloop
  endfacet
  facet normal 0.19509032201612825 -2.7086583435407724e-17 -0.9807852804032304
    outer loop
      vertex 49.05584466120201 20 -21.862742999817872
      vertex 45.58592805586054 -0.9849498285445955 -22.55295232639633
      vertex 45.58592805586054 0.9849498285445955 -22.55295232639633
    endloop
  endfacet
  facet normal 0.19509032201612672 3.099985446321668e-16 -0.9807852804032308
    outer loop
      vertex 49.05584466120201 20 -21.862742999817872
      vertex 45.58592805586054 0.9849498285445955 -22.55295232639633
      vertex 44.912182692805715 2.8360499999999997 -22.68696861157263
    endloop
  endfacet
  facet normal 0.1950903220161289 -2.39246854122936e-16 -0.9807852804032303
    outer loop
      vertex 49.05584466120201 20 -21.862742999817872
      vertex 44.912182692805715 2.8360499999999997 -22.68696861157263
      vertex 43.64595560090302 4.345080685815155 -22.938836840063257
    endloop
  endfacet
  facet normal 0.1950903220161274 3.0036113074381666e-16 -0.9807852804032305
    outer loop
      vertex 49.05584466120201 20 -21.862742999817872
      vertex 43.64595560090302 4.345080685815155 -22.938836840063257
      vertex 41.93997245495753 5.330030514359751 -23.27817798633307
    endloop
  endfacet
  facet normal 0.5555702330196024 0 -0.8314696123025451
    outer loop
      vertex 49.05584466120201 -20 -21.862742999817872
      vertex 49.05584466120201 20 -21.862742999817872
      vertex 56.73301906417228 20 -16.733019064172286
    endloop
  endfacet
  facet normal 0.8314696123025453 0 -0.5555702330196022
    outer loop
      vertex 56.73301906417228 -20 -16.733019064172286
      vertex 56.73301906417228 20 -16.733019064172286
      vertex 61.86274299981787 20 -9.055844661202007
    endloop
  endfacet
  facet normal 0.9807852804032302 0 -0.19509032201612858
    outer loop
      vertex 63.6640625 -20 0
      vertex 61.86274299981787 20 -9.055844661202007
      vertex 63.6640625 20 0
    endloop
  endfacet
  facet normal 0.1950903220161282 -1.1587800188051804e-16 -0.9807852804032304
    outer loop
      vertex 40 20 -23.6640625
      vertex 49.05584466120201 20 -21.862742999817872
      vertex 41.93997245495753 5.330030514359751 -23.27817798633307
    endloop
  endfacet
  facet normal 0.05918680251677689 0.9981774988371511 -0.011772987006244073
    outer loop
      vertex 61.86274299981787 20 -9.055844661202007
      vertex 44.87921376265489 20.97491243449253 -11.779464039518906
      vertex 49.01561146012848 20.762243491950564 -9.015611460128481
    endloop
  endfacet
  facet normal 0.059186802516776334 0.9981774988371512 -0.011772987006241019
    outer loop
      vertex 61.86274299981787 20 -9.055844661202007
      vertex 40 21.252777798597286 -12.75
      vertex 44.87921376265489 20.97491243449253 -11.779464039518906
    endloop
  endfacet
  facet normal 0.05918680251677689 0.9981774988371511 -0.011772987006244698
    outer loop
      vertex 61.86274299981787 20 -9.055844661202007
      vertex 49.01561146012848 20.762243491950564 -9.015611460128481
      vertex 51.779464039518906 20.647147889624637 -4.879213762654895
    endloop
  endfacet
  facet normal 0.05918680251677703 0.9981774988371511 -0.011772987006244394
    outer loop
      vertex 61.86274299981787 20 -9.055844661202007
      vertex 51.779464039518906 20.647147889624637 -4.879213762654895
      vertex 52.02254339944555 20.647147889624637 -3.657171296774989
    endloop
  endfacet
  facet normal 0.05550394966670435 0.9984584676246658 1.3784435490839362e-16
    outer loop
      vertex 63.6640625 20 0
      vertex 52.02254339944555 20.647147889624637 -3.657171296774989
      vertex 52.75 20.606708836973862 0
    endloop
  endfacet
  facet normal 0.05918680251677699 0.998177498837151 -0.011772987006244432
    outer loop
      vertex 61.86274299981787 20 -9.055844661202007
      vertex 52.02254339944555 20.647147889624637 -3.657171296774989
      vertex 63.6640625 20 0
    endloop
  endfacet
  facet normal -0.057570654464305066 2.39470521102948e-17 0.9983414344524381
    outer loop
      vertex 12.625 0 22.08544759774991
      vertex 34.41407194413946 -0.9849498285445955 23.341942709246453
      vertex 34.41407194413946 0.9849498285445955 23.341942709246453
    endloop
  endfacet
  facet normal -0.05757065446430529 -6.329719587474926e-16 0.9983414344524381
    outer loop
      vertex 11.663979097954995 4.831378333609258 22.03002908022143
      vertex 34.41407194413946 0.9849498285445955 23.341942709246453
      vertex 35.087817307194285 2.8360499999999997 23.38079510999313
    endloop
  endfacet
  facet normal -0.0575706544643051 1.3833811253227023e-15 0.998341434452438
    outer loop
      vertex 11.663979097954995 4.831378333609258 22.03002908022143
      vertex 35.087817307194285 2.8360499999999997 23.38079510999313
      vertex 36.35404439909698 4.345080685815155 23.453813738556065
    endloop
  endfacet
  facet normal -0.057570654464305177 -2.242481043991491e-15 0.9983414344524381
    outer loop
      vertex 11.663979097954995 4.831378333609258 22.03002908022143
      vertex 36.35404439909698 4.345080685815155 23.453813738556065
      vertex 38.06002754504247 5.330030514359751 23.55219147069039
    endloop
  endfacet
  facet normal -0.05757065446430503 -2.634208317901762e-16 0.998341434452438
    outer loop
      vertex 40 20 23.6640625
      vertex 8.927223112480164 8.927223112480164 21.872210494559596
      vertex 11.663979097954995 4.831378333609258 22.03002908022143
    endloop
  endfacet
  facet normal -0.05757065446430522 9.891240365011193e-17 0.998341434452438
    outer loop
      vertex 40 20 23.6640625
      vertex 11.663979097954995 4.831378333609258 22.03002908022143
      vertex 38.06002754504247 5.330030514359751 23.55219147069039
    endloop
  endfacet
  facet normal -0.057570654464304476 0 0.9983414344524381
    outer loop
      vertex 40 20 23.6640625
      vertex 38.06002754504247 5.330030514359751 23.55219147069039
      vertex 40 5.6720999999999995 23.6640625
    endloop
  endfacet
  facet normal 0.05550394966670448 0.9984584676246658 -2.181333044753053e-16
    outer loop
      vertex 5.585928055860545 23.228542754104208 0.9849498285445955
      vertex 28.220535960481094 21.97029298348289 4.879213762654895
      vertex 27.25 22.02424473094858 0
    endloop
  endfacet
  facet normal 0.0555039496667042 0.9984584676246658 -1.612424616557911e-16
    outer loop
      vertex 0 23.5390625 20
      vertex 32.25756320363316 21.745876080654583 9.866319572794097
      vertex 30.984388539871517 21.816651405563654 9.015611460128481
    endloop
  endfacet
  facet normal 0.05918680251677724 0.9981774988371512 0.011772987006245617
    outer loop
      vertex 0 23.5390625 20
      vertex 35.12078623734511 21.553537101435676 11.779464039518906
      vertex 32.25756320363316 21.745876080654583 9.866319572794097
    endloop
  endfacet
  facet normal 0.05918680251677669 0.9981774988371511 0.011772987006243206
    outer loop
      vertex 0 23.5390625 20
      vertex 40 21.252777798597286 12.75
      vertex 35.12078623734511 21.553537101435676 11.779464039518906
    endloop
  endfacet
  facet normal 0.05785411564623991 0.9550172000054 0.290852280370358
    outer loop
      vertex 0 23.5390625 20
      vertex 40 20 23.6640625
      vertex 49.05584466120201 20 21.862742999817872
    endloop
  endfacet
  facet normal 0.05918680251677816 0.998177498837151 0.011772987006251153
    outer loop
      vertex 0 23.5390625 20
      vertex 61.86274299981787 20 9.055844661202007
      vertex 40 21.252777798597286 12.75
    endloop
  endfacet
  facet normal 0.06468069893895749 0.9969697031873783 0.04321826131670084
    outer loop
      vertex 0 23.5390625 20
      vertex 56.73301906417228 20 16.733019064172286
      vertex 61.86274299981787 20 9.055844661202007
    endloop
  endfacet
  facet normal 0.06775461418669725 0.9925356203159249 0.10140194603898793
    outer loop
      vertex 0 23.5390625 20
      vertex 49.05584466120201 20 21.862742999817872
      vertex 56.73301906417228 20 16.733019064172286
    endloop
  endfacet
  facet normal 0.9807852804032302 0 0.19509032201612858
    outer loop
      vertex 63.6640625 -20 0
      vertex 63.6640625 20 0
      vertex 61.86274299981787 20 9.055844661202007
    endloop
  endfacet
  facet normal 0.19509032201612833 0 0.9807852804032305
    outer loop
      vertex 49.05584466120201 -20 21.862742999817872
      vertex 49.05584466120201 20 21.862742999817872
      vertex 45.58592805586054 0.9849498285445955 22.55295232639633
    endloop
  endfacet
  facet normal 0.19509032201612664 3.196946044334574e-16 0.9807852804032308
    outer loop
      vertex 49.05584466120201 20 21.862742999817872
      vertex 44.912182692805715 2.8360499999999997 22.68696861157263
      vertex 45.58592805586054 0.9849498285445955 22.55295232639633
    endloop
  endfacet
  facet normal 0.19509032201612897 -5.228243703095863e-16 0.9807852804032303
    outer loop
      vertex 49.05584466120201 20 21.862742999817872
      vertex 40 5.6720999999999995 23.6640625
      vertex 41.93997245495753 5.330030514359751 23.27817798633307
    endloop
  endfacet
  facet normal 0.19509032201612883 -2.5046766684056053e-16 0.9807852804032303
    outer loop
      vertex 49.05584466120201 20 21.862742999817872
      vertex 43.64595560090302 4.345080685815155 22.938836840063257
      vertex 44.912182692805715 2.8360499999999997 22.68696861157263
    endloop
  endfacet
  facet normal 0.19509032201612744 2.8899811924721874e-16 0.9807852804032305
    outer loop
      vertex 49.05584466120201 20 21.862742999817872
      vertex 41.93997245495753 5.330030514359751 23.27817798633307
      vertex 43.64595560090302 4.345080685815155 22.938836840063257
    endloop
  endfacet
  facet normal 0.5555702330196024 0 0.8314696123025451
    outer loop
      vertex 49.05584466120201 -20 21.862742999817872
      vertex 56.73301906417228 20 16.733019064172286
      vertex 49.05584466120201 20 21.862742999817872
    endloop
  endfacet
  facet normal 0.8314696123025453 0 0.5555702330196022
    outer loop
      vertex 56.73301906417228 -20 16.733019064172286
      vertex 61.86274299981787 20 9.055844661202007
      vertex 56.73301906417228 20 16.733019064172286
    endloop
  endfacet
  facet normal 0.05918680251677689 0.9981774988371511 0.011772987006244077
    outer loop
      vertex 61.86274299981787 20 9.055844661202007
      vertex 49.01561146012848 20.762243491950564 9.015611460128481
      vertex 44.87921376265489 20.97491243449253 11.779464039518906
    endloop
  endfacet
  facet normal 0.059186802516776285 0.9981774988371512 0.011772987006240795
    outer loop
      vertex 61.86274299981787 20 9.055844661202007
      vertex 44.87921376265489 20.97491243449253 11.779464039518906
      vertex 40 21.252777798597286 12.75
    endloop
  endfacet
  facet normal 0.05550394966670437 0.998458467624666 -1.3400031303665924e-16
    outer loop
      vertex 63.6640625 20 0
      vertex 52.75 20.606708836973862 0
      vertex 52.02254339944555 20.647147889624637 3.6571712967749885
    endloop
  endfacet
  facet normal 0.05918680251677701 0.9981774988371511 0.011772987006244405
    outer loop
      vertex 61.86274299981787 20 9.055844661202007
      vertex 52.02254339944555 20.647147889624637 3.6571712967749885
      vertex 51.779464039518906 20.647147889624637 4.879213762654895
    endloop
  endfacet
  facet normal 0.05918680251677699 0.998177498837151 0.011772987006244432
    outer loop
      vertex 63.6640625 20 0
      vertex 52.02254339944555 20.647147889624637 3.6571712967749885
      vertex 61.86274299981787 20 9.055844661202007
    endloop
  endfacet
  facet normal 0.05918680251677689 0.9981774988371511 0.011772987006244715
    outer loop
      vertex 61.86274299981787 20 9.055844661202007
      vertex 51.779464039518906 20.647147889624637 4.879213762654895
      vertex 49.01561146012848 20.762243491950564 9.015611460128481
    endloop
  endfacet
  facet normal 0.19509032201612822 0 0.9807852804032307
    outer loop
      vertex 40 20 23.6640625
      vertex 40 5.6720999999999995 23.6640625
      vertex 49.05584466120201 20 21.862742999817872
    endloop
  endfacet
  facet normal 1 0 0
    outer loop
      vertex 35.334375 -2.6936998496878477 12.75
      vertex 35.334375 2.6936998496878477 12.75
      vertex 35.334375 -2.6936998496878477 15.728125
    endloop
  endfacet
  facet normal 0.5000000000000001 0.8660254037844385 3.203383129762791e-17
    outer loop
      vertex 35.334375 -2.6936998496878477 15.728125
      vertex 40 -5.387399699375695 15.728125
      vertex 40 -5.387399699375695 12.75
    endloop
  endfacet
  facet normal 0.5000000000000001 0.8660254037844385 0
    outer loop
      vertex 35.334375 -2.6936998496878477 12.75
      vertex 35.334375 -2.6936998496878477 15.728125
      vertex 40 -5.387399699375695 12.75
    endloop
  endfacet
  facet normal -0.5000000000000001 0.8660254037844385 0
    outer loop
      vertex 40 -5.387399699375695 12.75
      vertex 40 -5.387399699375695 15.728125
      vertex 44.665625 -2.6936998496878477 12.75
    endloop
  endfacet
  facet normal 0 0 -1
    outer loop
      vertex 35.334375 -2.6936998496878477 15.728125
      vertex 38.30644374183231 -2.330980215042817 15.728125
      vertex 40 -5.387399699375695 15.728125
    endloop
  endfacet
  facet normal 0 0 -1
    outer loop
      vertex 38.30644374183231 -2.330980215042817 15.728125
      vertex 40 -2.8812499999999996 15.728125
      vertex 40 -5.387399699375695 15.728125
    endloop
  endfacet
  facet normal 0 0 -1
    outer loop
      vertex 40 -5.387399699375695 15.728125
      vertex 40 -2.8812499999999996 15.728125
      vertex 44.665625 -2.6936998496878477 15.728125
    endloop
  endfacet
  facet normal 0 0 -1
    outer loop
      vertex 35.334375 -2.6936998496878477 15.728125
      vertex 37.25976841242459 -0.8903552150428171 15.728125
      vertex 38.30644374183231 -2.330980215042817 15.728125
    endloop
  endfacet
  facet normal 0 0 -1
    outer loop
      vertex 35.334375 -2.6936998496878477 15.728125
      vertex 37.25976841242459 0.8903552150428171 15.728125
      vertex 37.25976841242459 -0.8903552150428171 15.728125
    endloop
  endfacet
  facet normal -0.5000000000000001 0.8660254037844385 -3.203383129762791e-17
    outer loop
      vertex 40 -5.387399699375695 15.728125
      vertex 44.665625 -2.6936998496878477 15.728125
      vertex 44.665625 -2.6936998496878477 12.75
    endloop
  endfacet
  facet normal -1 0 0
    outer loop
      vertex 44.665625 -2.6936998496878477 12.75
      vertex 44.665625 -2.6936998496878477 15.728125
      vertex 44.665625 2.6936998496878477 15.728125
    endloop
  endfacet
  facet normal 0 0 -1
    outer loop
      vertex 40 -2.8812499999999996 15.728125
      vertex 41.69355625816769 -2.330980215042817 15.728125
      vertex 44.665625 -2.6936998496878477 15.728125
    endloop
  endfacet
  facet normal 0 0 -1
    outer loop
      vertex 41.69355625816769 -2.330980215042817 15.728125
      vertex 42.74023158757541 -0.8903552150428171 15.728125
      vertex 44.665625 -2.6936998496878477 15.728125
    endloop
  endfacet
  facet normal 0 0 -1
    outer loop
      vertex 42.74023158757541 -0.8903552150428171 15.728125
      vertex 44.665625 2.6936998496878477 15.728125
      vertex 44.665625 -2.6936998496878477 15.728125
    endloop
  endfacet
  facet normal 1 0 0
    outer loop
      vertex 35.334375 -2.6936998496878477 15.728125
      vertex 35.334375 2.6936998496878477 12.75
      vertex 35.334375 2.6936998496878477 15.728125
    endloop
  endfacet
  facet normal 0 0 -1
    outer loop
      vertex 35.334375 -2.6936998496878477 15.728125
      vertex 35.334375 2.6936998496878477 15.728125
      vertex 37.25976841242459 0.8903552150428171 15.728125
    endloop
  endfacet
  facet normal 0 0 -1
    outer loop
      vertex 35.334375 2.6936998496878477 15.728125
      vertex 38.30644374183231 2.330980215042817 15.728125
      vertex 37.25976841242459 0.8903552150428171 15.728125
    endloop
  endfacet
  facet normal 0 0 -1
    outer loop
      vertex 35.334375 2.6936998496878477 15.728125
      vertex 40 2.8812499999999996 15.728125
      vertex 38.30644374183231 2.330980215042817 15.728125
    endloop
  endfacet
  facet normal 0.5000000000000001 -0.8660254037844385 0
    outer loop
      vertex 35.334375 2.6936998496878477 12.75
      vertex 40 5.387399699375695 15.728125
      vertex 35.334375 2.6936998496878477 15.728125
    endloop
  endfacet
  facet normal 0.5000000000000001 -0.8660254037844385 -3.203383129762791e-17
    outer loop
      vertex 35.334375 2.6936998496878477 12.75
      vertex 40 5.387399699375695 12.75
      vertex 40 5.387399699375695 15.728125
    endloop
  endfacet
  facet normal -0.5000000000000001 -0.8660254037844385 0
    outer loop
      vertex 40 5.387399699375695 12.75
      vertex 44.665625 2.6936998496878477 15.728125
      vertex 40 5.387399699375695 15.728125
    endloop
  endfacet
  facet normal 0 0 -1
    outer loop
      vertex 35.334375 2.6936998496878477 15.728125
      vertex 40 5.387399699375695 15.728125
      vertex 40 2.8812499999999996 15.728125
    endloop
  endfacet
  facet normal 0 0 -1
    outer loop
      vertex 40 2.8812499999999996 15.728125
      vertex 40 5.387399699375695 15.728125
      vertex 41.69355625816769 2.330980215042817 15.728125
    endloop
  endfacet
  facet normal -1 0 0
    outer loop
      vertex 44.665625 -2.6936998496878477 12.75
      vertex 44.665625 2.6936998496878477 15.728125
      vertex 44.665625 2.6936998496878477 12.75
    endloop
  endfacet
  facet normal 0 0 -1
    outer loop
      vertex 42.74023158757541 -0.8903552150428171 15.728125
      vertex 42.74023158757541 0.8903552150428171 15.728125
      vertex 44.665625 2.6936998496878477 15.728125
    endloop
  endfacet
  facet normal 0 0 -1
    outer loop
      vertex 41.69355625816769 2.330980215042817 15.728125
      vertex 44.665625 2.6936998496878477 15.728125
      vertex 42.74023158757541 0.8903552150428171 15.728125
    endloop
  endfacet
  facet normal -0.5000000000000001 -0.8660254037844385 3.203383129762791e-17
    outer loop
      vertex 40 5.387399699375695 12.75
      vertex 44.665625 2.6936998496878477 12.75
      vertex 44.665625 2.6936998496878477 15.728125
    endloop
  endfacet
  facet normal 0 0 -1
    outer loop
      vertex 40 5.387399699375695 15.728125
      vertex 44.665625 2.6936998496878477 15.728125
      vertex 41.69355625816769 2.330980215042817 15.728125
    endloop
  endfacet
  facet normal 0 0 1
    outer loop
      vertex 35.334375 -2.6936998496878477 -15.728125
      vertex 37.25976841242459 -0.8903552150428171 -15.728125
      vertex 35.334375 2.6936998496878477 -15.728125
    endloop
  endfacet
  facet normal 1 0 0
    outer loop
      vertex 35.334375 -2.6936998496878477 -15.728125
      vertex 35.334375 2.6936998496878477 -15.728125
      vertex 35.334375 -2.6936998496878477 -12.75
    endloop
  endfacet
  facet normal 0 0 1
    outer loop
      vertex 35.334375 -2.6936998496878477 -15.728125
      vertex 40 -5.387399699375695 -15.728125
      vertex 40 -2.8812499999999996 -15.728125
    endloop
  endfacet
  facet normal 0 0 1
    outer loop
      vertex 40 -5.387399699375695 -15.728125
      vertex 41.69355625816769 -2.330980215042817 -15.728125
      vertex 40 -2.8812499999999996 -15.728125
    endloop
  endfacet
  facet normal 0.5000000000000001 0.8660254037844385 3.203383129762791e-17
    outer loop
      vertex 35.334375 -2.6936998496878477 -12.75
      vertex 40 -5.387399699375695 -12.75
      vertex 40 -5.387399699375695 -15.728125
    endloop
  endfacet
  facet normal 0.5000000000000001 0.8660254037844385 0
    outer loop
      vertex 35.334375 -2.6936998496878477 -15.728125
      vertex 35.334375 -2.6936998496878477 -12.75
      vertex 40 -5.387399699375695 -15.728125
    endloop
  endfacet
  facet normal -0.5000000000000001 0.8660254037844385 0
    outer loop
      vertex 40 -5.387399699375695 -15.728125
      vertex 40 -5.387399699375695 -12.75
      vertex 44.665625 -2.6936998496878477 -15.728125
    endloop
  endfacet
  facet normal 0 0 1
    outer loop
      vertex 35.334375 -2.6936998496878477 -15.728125
      vertex 38.30644374183231 -2.330980215042817 -15.728125
      vertex 37.25976841242459 -0.8903552150428171 -15.728125
    endloop
  endfacet
  facet normal 0 0 1
    outer loop
      vertex 35.334375 -2.6936998496878477 -15.728125
      vertex 40 -2.8812499999999996 -15.728125
      vertex 38.30644374183231 -2.330980215042817 -15.728125
    endloop
  endfacet
  facet normal 0 0 1
    outer loop
      vertex 40 -5.387399699375695 -15.728125
      vertex 44.665625 -2.6936998496878477 -15.728125
      vertex 41.69355625816769 -2.330980215042817 -15.728125
    endloop
  endfacet
  facet normal -0.5000000000000001 0.8660254037844385 -3.203383129762791e-17
    outer loop
      vertex 40 -5.387399699375695 -12.75
      vertex 44.665625 -2.6936998496878477 -12.75
      vertex 44.665625 -2.6936998496878477 -15.728125
    endloop
  endfacet
  facet normal 0 0 1
    outer loop
      vertex 41.69355625816769 -2.330980215042817 -15.728125
      vertex 44.665625 -2.6936998496878477 -15.728125
      vertex 42.74023158757541 -0.8903552150428171 -15.728125
    endloop
  endfacet
  facet normal 0 0 1
    outer loop
      vertex 42.74023158757541 -0.8903552150428171 -15.728125
      vertex 44.665625 -2.6936998496878477 -15.728125
      vertex 42.74023158757541 0.8903552150428171 -15.728125
    endloop
  endfacet
  facet normal -1 0 0
    outer loop
      vertex 44.665625 -2.6936998496878477 -15.728125
      vertex 44.665625 -2.6936998496878477 -12.75
      vertex 44.665625 2.6936998496878477 -12.75
    endloop
  endfacet
  facet normal 1 0 0
    outer loop
      vertex 35.334375 -2.6936998496878477 -12.75
      vertex 35.334375 2.6936998496878477 -15.728125
      vertex 35.334375 2.6936998496878477 -12.75
    endloop
  endfacet
  facet normal 0 0 1
    outer loop
      vertex 37.25976841242459 -0.8903552150428171 -15.728125
      vertex 37.25976841242459 0.8903552150428171 -15.728125
      vertex 35.334375 2.6936998496878477 -15.728125
    endloop
  endfacet
  facet normal 0 0 1
    outer loop
      vertex 35.334375 2.6936998496878477 -15.728125
      vertex 37.25976841242459 0.8903552150428171 -15.728125
      vertex 38.30644374183231 2.330980215042817 -15.728125
    endloop
  endfacet
  facet normal 0 0 1
    outer loop
      vertex 35.334375 2.6936998496878477 -15.728125
      vertex 38.30644374183231 2.330980215042817 -15.728125
      vertex 40 5.387399699375695 -15.728125
    endloop
  endfacet
  facet normal 0 0 1
    outer loop
      vertex 38.30644374183231 2.330980215042817 -15.728125
      vertex 40 2.8812499999999996 -15.728125
      vertex 40 5.387399699375695 -15.728125
    endloop
  endfacet
  facet normal 0 0 1
    outer loop
      vertex 40 2.8812499999999996 -15.728125
      vertex 44.665625 2.6936998496878477 -15.728125
      vertex 40 5.387399699375695 -15.728125
    endloop
  endfacet
  facet normal 0.5000000000000001 -0.8660254037844385 0
    outer loop
      vertex 35.334375 2.6936998496878477 -15.728125
      vertex 40 5.387399699375695 -12.75
      vertex 35.334375 2.6936998496878477 -12.75
    endloop
  endfacet
  facet normal 0.5000000000000001 -0.8660254037844385 -3.203383129762791e-17
    outer loop
      vertex 35.334375 2.6936998496878477 -15.728125
      vertex 40 5.387399699375695 -15.728125
      vertex 40 5.387399699375695 -12.75
    endloop
  endfacet
  facet normal -0.5000000000000001 -0.8660254037844385 0
    outer loop
      vertex 40 5.387399699375695 -15.728125
      vertex 44.665625 2.6936998496878477 -12.75
      vertex 40 5.387399699375695 -12.75
    endloop
  endfacet
  facet normal 0 0 1
    outer loop
      vertex 44.665625 -2.6936998496878477 -15.728125
      vertex 44.665625 2.6936998496878477 -15.728125
      vertex 42.74023158757541 0.8903552150428171 -15.728125
    endloop
  endfacet
  facet normal 0 0 1
    outer loop
      vertex 41.69355625816769 2.330980215042817 -15.728125
      vertex 42.74023158757541 0.8903552150428171 -15.728125
      vertex 44.665625 2.6936998496878477 -15.728125
    endloop
  endfacet
  facet normal 0 0 1
    outer loop
      vertex 40 2.8812499999999996 -15.728125
      vertex 41.69355625816769 2.330980215042817 -15.728125
      vertex 44.665625 2.6936998496878477 -15.728125
    endloop
  endfacet
  facet normal -1 0 0
    outer loop
      vertex 44.665625 -2.6936998496878477 -15.728125
      vertex 44.665625 2.6936998496878477 -12.75
      vertex 44.665625 2.6936998496878477 -15.728125
    endloop
  endfacet
  facet normal -0.5000000000000001 -0.8660254037844385 3.203383129762791e-17
    outer loop
      vertex 40 5.387399699375695 -15.728125
      vertex 44.665625 2.6936998496878477 -15.728125
      vertex 44.665625 2.6936998496878477 -12.75
    endloop
  endfacet
  facet normal 1 0 0
    outer loop
      vertex 35.334375 -2.6936998496878477 11.821949485944284
      vertex 35.334375 2.6936998496878477 12.75
      vertex 35.334375 -2.6936998496878477 12.75
    endloop
  endfacet
  facet normal 0.5000000000000001 0.8660254037844386 0
    outer loop
      vertex 35.334375 -2.6936998496878477 11.821949485944284
      vertex 35.334375 -2.6936998496878477 12.75
      vertex 40 -5.387399699375695 12.75
    endloop
  endfacet
  facet normal -0.5000000000000001 0.8660254037844386 -1.0279694088669045e-16
    outer loop
      vertex 40 -5.387399699375695 12.75
      vertex 44.665625 -2.6936998496878477 12.75
      vertex 44.665625 -2.6936998496878477 11.821949485944284
    endloop
  endfacet
  facet normal -1 0 0
    outer loop
      vertex 44.665625 -2.6936998496878477 11.821949485944284
      vertex 44.665625 -2.6936998496878477 12.75
      vertex 44.665625 2.6936998496878477 11.821949485944284
    endloop
  endfacet
  facet normal 1 0 0
    outer loop
      vertex 35.334375 -2.6936998496878477 11.821949485944284
      vertex 35.334375 2.6936998496878477 11.821949485944284
      vertex 35.334375 2.6936998496878477 12.75
    endloop
  endfacet
  facet normal 0.5000000000000001 -0.8660254037844386 0
    outer loop
      vertex 35.334375 2.6936998496878477 11.821949485944284
      vertex 40 5.387399699375695 12.75
      vertex 35.334375 2.6936998496878477 12.75
    endloop
  endfacet
  facet normal -1 0 0
    outer loop
      vertex 44.665625 -2.6936998496878477 12.75
      vertex 44.665625 2.6936998496878477 12.75
      vertex 44.665625 2.6936998496878477 11.821949485944284
    endloop
  endfacet
  facet normal -0.5000000000000001 -0.8660254037844386 1.0279694088669045e-16
    outer loop
      vertex 40 5.387399699375695 12.75
      vertex 44.665625 2.6936998496878477 11.821949485944284
      vertex 44.665625 2.6936998496878477 12.75
    endloop
  endfacet
  facet normal 1 0 0
    outer loop
      vertex 35.334375 -2.6936998496878477 -12.75
      vertex 35.334375 2.6936998496878477 -11.821949485944284
      vertex 35.334375 -2.6936998496878477 -11.821949485944284
    endloop
  endfacet
  facet normal 0.5000000000000001 0.8660254037844386 0
    outer loop
      vertex 35.334375 -2.6936998496878477 -12.75
      vertex 35.334375 -2.6936998496878477 -11.821949485944284
      vertex 40 -5.387399699375695 -12.75
    endloop
  endfacet
  facet normal -0.5000000000000001 0.8660254037844386 -1.0279694088669045e-16
    outer loop
      vertex 40 -5.387399699375695 -12.75
      vertex 44.665625 -2.6936998496878477 -11.821949485944284
      vertex 44.665625 -2.6936998496878477 -12.75
    endloop
  endfacet
  facet normal -1 0 0
    outer loop
      vertex 44.665625 -2.6936998496878477 -12.75
      vertex 44.665625 -2.6936998496878477 -11.821949485944284
      vertex 44.665625 2.6936998496878477 -12.75
    endloop
  endfacet
  facet normal 1 0 0
    outer loop
      vertex 35.334375 -2.6936998496878477 -12.75
      vertex 35.334375 2.6936998496878477 -12.75
      vertex 35.334375 2.6936998496878477 -11.821949485944284
    endloop
  endfacet
  facet normal 0.5000000000000001 -0.8660254037844386 0
    outer loop
      vertex 35.334375 2.6936998496878477 -12.75
      vertex 40 5.387399699375695 -12.75
      vertex 35.334375 2.6936998496878477 -11.821949485944284
    endloop
  endfacet
  facet normal -1 0 0
    outer loop
      vertex 44.665625 -2.6936998496878477 -11.821949485944284
      vertex 44.665625 2.6936998496878477 -11.821949485944284
      vertex 44.665625 2.6936998496878477 -12.75
    endloop
  endfacet
  facet normal -0.5000000000000001 -0.8660254037844386 1.0279694088669045e-16
    outer loop
      vertex 40 5.387399699375695 -12.75
      vertex 44.665625 2.6936998496878477 -12.75
      vertex 44.665625 2.6936998496878477 -11.821949485944284
    endloop
  endfacet
  facet normal 0.30901699437494723 0.9510565162951538 0
    outer loop
      vertex 38.30644374183231 -2.330980215042817 15.728125
      vertex 38.30644374183231 -2.330980215042817 20.4128625
      vertex 40 -2.8812499999999996 15.728125
    endloop
  endfacet
  facet normal 0.8090169943749485 0.5877852522924718 0
    outer loop
      vertex 37.25976841242459 -0.8903552150428171 15.728125
      vertex 37.25976841242459 -0.8903552150428171 20.4128625
      vertex 38.30644374183231 -2.330980215042817 15.728125
    endloop
  endfacet
  facet normal -0.30901699437494723 0.9510565162951538 0
    outer loop
      vertex 40 -2.8812499999999996 15.728125
      vertex 40 -2.8812499999999996 20.4128625
      vertex 41.69355625816769 -2.330980215042817 15.728125
    endloop
  endfacet
  facet normal 0.8090169943749485 0.5877852522924718 0
    outer loop
      vertex 38.30644374183231 -2.330980215042817 15.728125
      vertex 37.25976841242459 -0.8903552150428171 20.4128625
      vertex 38.30644374183231 -2.330980215042817 20.4128625
    endloop
  endfacet
  facet normal 1 0 0
    outer loop
      vertex 37.25976841242459 -0.8903552150428171 15.728125
      vertex 37.25976841242459 0.8903552150428171 20.4128625
      vertex 37.25976841242459 -0.8903552150428171 20.4128625
    endloop
  endfacet
  facet normal 0.30901699437494723 0.9510565162951538 6.53998807986534e-18
    outer loop
      vertex 38.30644374183231 -2.330980215042817 20.4128625
      vertex 40 -2.8812499999999996 20.4128625
      vertex 40 -2.8812499999999996 15.728125
    endloop
  endfacet
  facet normal -0.30901699437494723 0.9510565162951538 -6.53998807986534e-18
    outer loop
      vertex 40 -2.8812499999999996 20.4128625
      vertex 41.69355625816769 -2.330980215042817 20.4128625
      vertex 41.69355625816769 -2.330980215042817 15.728125
    endloop
  endfacet
  facet normal -0.8090169943749485 0.5877852522924718 0
    outer loop
      vertex 41.69355625816769 -2.330980215042817 15.728125
      vertex 41.69355625816769 -2.330980215042817 20.4128625
      vertex 42.74023158757541 -0.8903552150428171 15.728125
    endloop
  endfacet
  facet normal -1 0 0
    outer loop
      vertex 42.74023158757541 -0.8903552150428171 15.728125
      vertex 42.74023158757541 -0.8903552150428171 20.4128625
      vertex 42.74023158757541 0.8903552150428171 15.728125
    endloop
  endfacet
  facet normal -0.8090169943749485 0.5877852522924718 2.4847291168217477e-19
    outer loop
      vertex 41.69355625816769 -2.330980215042817 20.4128625
      vertex 42.74023158757541 -0.8903552150428171 20.4128625
      vertex 42.74023158757541 -0.8903552150428171 15.728125
    endloop
  endfacet
  facet normal 1 0 0
    outer loop
      vertex 37.25976841242459 -0.8903552150428171 15.728125
      vertex 37.25976841242459 0.8903552150428171 15.728125
      vertex 37.25976841242459 0.8903552150428171 20.4128625
    endloop
  endfacet
  facet normal 0.8090169943749485 -0.5877852522924718 2.4847291168217477e-19
    outer loop
      vertex 37.25976841242459 0.8903552150428171 15.728125
      vertex 38.30644374183231 2.330980215042817 15.728125
      vertex 38.30644374183231 2.330980215042817 20.4128625
    endloop
  endfacet
  facet normal 0.30901699437494723 -0.9510565162951538 -6.53998807986534e-18
    outer loop
      vertex 38.30644374183231 2.330980215042817 15.728125
      vertex 40 2.8812499999999996 15.728125
      vertex 40 2.8812499999999996 20.4128625
    endloop
  endfacet
  facet normal -0.30901699437494723 -0.9510565162951538 6.53998807986534e-18
    outer loop
      vertex 40 2.8812499999999996 15.728125
      vertex 41.69355625816769 2.330980215042817 15.728125
      vertex 41.69355625816769 2.330980215042817 20.4128625
    endloop
  endfacet
  facet normal 0.8090169943749485 -0.5877852522924718 0
    outer loop
      vertex 37.25976841242459 0.8903552150428171 15.728125
      vertex 38.30644374183231 2.330980215042817 20.4128625
      vertex 37.25976841242459 0.8903552150428171 20.4128625
    endloop
  endfacet
  facet normal 0.30901699437494723 -0.9510565162951538 0
    outer loop
      vertex 38.30644374183231 2.330980215042817 15.728125
      vertex 40 2.8812499999999996 20.4128625
      vertex 38.30644374183231 2.330980215042817 20.4128625
    endloop
  endfacet
  facet normal -0.30901699437494723 -0.9510565162951538 0
    outer loop
      vertex 40 2.8812499999999996 15.728125
      vertex 41.69355625816769 2.330980215042817 20.4128625
      vertex 40 2.8812499999999996 20.4128625
    endloop
  endfacet
  facet normal -0.8090169943749485 -0.5877852522924718 -2.4847291168217477e-19
    outer loop
      vertex 41.69355625816769 2.330980215042817 15.728125
      vertex 42.74023158757541 0.8903552150428171 15.728125
      vertex 42.74023158757541 0.8903552150428171 20.4128625
    endloop
  endfacet
  facet normal -1 0 0
    outer loop
      vertex 42.74023158757541 -0.8903552150428171 20.4128625
      vertex 42.74023158757541 0.8903552150428171 20.4128625
      vertex 42.74023158757541 0.8903552150428171 15.728125
    endloop
  endfacet
  facet normal -0.8090169943749485 -0.5877852522924718 0
    outer loop
      vertex 41.69355625816769 2.330980215042817 15.728125
      vertex 42.74023158757541 0.8903552150428171 20.4128625
      vertex 41.69355625816769 2.330980215042817 20.4128625
    endloop
  endfacet
  facet normal 0.30901699437494723 0.9510565162951538 0
    outer loop
      vertex 38.30644374183231 -2.330980215042817 -20.4128625
      vertex 38.30644374183231 -2.330980215042817 -15.728125
      vertex 40 -2.8812499999999996 -20.4128625
    endloop
  endfacet
  facet normal 0.8090169943749485 0.5877852522924718 0
    outer loop
      vertex 37.25976841242459 -0.8903552150428171 -20.4128625
      vertex 37.25976841242459 -0.8903552150428171 -15.728125
      vertex 38.30644374183231 -2.330980215042817 -20.4128625
    endloop
  endfacet
  facet normal -0.30901699437494723 0.9510565162951538 0
    outer loop
      vertex 40 -2.8812499999999996 -20.4128625
      vertex 40 -2.8812499999999996 -15.728125
      vertex 41.69355625816769 -2.330980215042817 -20.4128625
    endloop
  endfacet
  facet normal 0.8090169943749485 0.5877852522924718 0
    outer loop
      vertex 38.30644374183231 -2.330980215042817 -20.4128625
      vertex 37.25976841242459 -0.8903552150428171 -15.728125
      vertex 38.30644374183231 -2.330980215042817 -15.728125
    endloop
  endfacet
  facet normal 1 0 0
    outer loop
      vertex 37.25976841242459 -0.8903552150428171 -20.4128625
      vertex 37.25976841242459 0.8903552150428171 -15.728125
      vertex 37.25976841242459 -0.8903552150428171 -15.728125
    endloop
  endfacet
  facet normal 0.30901699437494723 0.9510565162951538 6.53998807986534e-18
    outer loop
      vertex 38.30644374183231 -2.330980215042817 -15.728125
      vertex 40 -2.8812499999999996 -15.728125
      vertex 40 -2.8812499999999996 -20.4128625
    endloop
  endfacet
  facet normal -0.30901699437494723 0.9510565162951538 -6.53998807986534e-18
    outer loop
      vertex 40 -2.8812499999999996 -15.728125
      vertex 41.69355625816769 -2.330980215042817 -15.728125
      vertex 41.69355625816769 -2.330980215042817 -20.4128625
    endloop
  endfacet
  facet normal -0.8090169943749485 0.5877852522924718 0
    outer loop
      vertex 41.69355625816769 -2.330980215042817 -20.4128625
      vertex 41.69355625816769 -2.330980215042817 -15.728125
      vertex 42.74023158757541 -0.8903552150428171 -20.4128625
    endloop
  endfacet
  facet normal -1 0 0
    outer loop
      vertex 42.74023158757541 -0.8903552150428171 -20.4128625
      vertex 42.74023158757541 -0.8903552150428171 -15.728125
      vertex 42.74023158757541 0.8903552150428171 -20.4128625
    endloop
  endfacet
  facet normal -0.8090169943749485 0.5877852522924718 2.4847291168217477e-19
    outer loop
      vertex 41.69355625816769 -2.330980215042817 -15.728125
      vertex 42.74023158757541 -0.8903552150428171 -15.728125
      vertex 42.74023158757541 -0.8903552150428171 -20.4128625
    endloop
  endfacet
  facet normal 1 0 0
    outer loop
      vertex 37.25976841242459 -0.8903552150428171 -20.4128625
      vertex 37.25976841242459 0.8903552150428171 -20.4128625
      vertex 37.25976841242459 0.8903552150428171 -15.728125
    endloop
  endfacet
  facet normal 0.8090169943749485 -0.5877852522924718 2.4847291168217477e-19
    outer loop
      vertex 37.25976841242459 0.8903552150428171 -20.4128625
      vertex 38.30644374183231 2.330980215042817 -20.4128625
      vertex 38.30644374183231 2.330980215042817 -15.728125
    endloop
  endfacet
  facet normal 0.30901699437494723 -0.9510565162951538 -6.53998807986534e-18
    outer loop
      vertex 38.30644374183231 2.330980215042817 -20.4128625
      vertex 40 2.8812499999999996 -20.4128625
      vertex 40 2.8812499999999996 -15.728125
    endloop
  endfacet
  facet normal -0.30901699437494723 -0.9510565162951538 6.53998807986534e-18
    outer loop
      vertex 40 2.8812499999999996 -20.4128625
      vertex 41.69355625816769 2.330980215042817 -20.4128625
      vertex 41.69355625816769 2.330980215042817 -15.728125
    endloop
  endfacet
  facet normal 0.8090169943749485 -0.5877852522924718 0
    outer loop
      vertex 37.25976841242459 0.8903552150428171 -20.4128625
      vertex 38.30644374183231 2.330980215042817 -15.728125
      vertex 37.25976841242459 0.8903552150428171 -15.728125
    endloop
  endfacet
  facet normal 0.30901699437494723 -0.9510565162951538 0
    outer loop
      vertex 38.30644374183231 2.330980215042817 -20.4128625
      vertex 40 2.8812499999999996 -15.728125
      vertex 38.30644374183231 2.330980215042817 -15.728125
    endloop
  endfacet
  facet normal -0.30901699437494723 -0.9510565162951538 0
    outer loop
      vertex 40 2.8812499999999996 -20.4128625
      vertex 41.69355625816769 2.330980215042817 -15.728125
      vertex 40 2.8812499999999996 -15.728125
    endloop
  endfacet
  facet normal -0.8090169943749485 -0.5877852522924718 -2.4847291168217477e-19
    outer loop
      vertex 41.69355625816769 2.330980215042817 -20.4128625
      vertex 42.74023158757541 0.8903552150428171 -20.4128625
      vertex 42.74023158757541 0.8903552150428171 -15.728125
    endloop
  endfacet
  facet normal -1 0 0
    outer loop
      vertex 42.74023158757541 -0.8903552150428171 -15.728125
      vertex 42.74023158757541 0.8903552150428171 -15.728125
      vertex 42.74023158757541 0.8903552150428171 -20.4128625
    endloop
  endfacet
  facet normal -0.8090169943749485 -0.5877852522924718 0
    outer loop
      vertex 41.69355625816769 2.330980215042817 -20.4128625
      vertex 42.74023158757541 0.8903552150428171 -15.728125
      vertex 41.69355625816769 2.330980215042817 -15.728125
    endloop
  endfacet
  facet normal 0.7660444431189788 0.6427876096865387 6.975037033836525e-18
    outer loop
      vertex 36.35404439909698 -4.345080685815155 20.4128625
      vertex 35.087817307194285 -2.8360499999999997 20.4128625
      vertex 35.087817307194285 -2.8360499999999997 23.38079510999313
    endloop
  endfacet
  facet normal 0.7660444431189787 0.6427876096865386 0
    outer loop
      vertex 36.35404439909698 -4.345080685815155 20.4128625
      vertex 35.087817307194285 -2.8360499999999997 23.38079510999313
      vertex 36.35404439909698 -4.345080685815155 23.453813738556065
    endloop
  endfacet
  facet normal 0 0 1
    outer loop
      vertex 35.087817307194285 -2.8360499999999997 20.4128625
      vertex 37.25976841242459 -0.8903552150428171 20.4128625
      vertex 34.41407194413946 -0.9849498285445955 20.4128625
    endloop
  endfacet
  facet normal 0 0 1
    outer loop
      vertex 34.41407194413946 -0.9849498285445955 20.4128625
      vertex 37.25976841242459 -0.8903552150428171 20.4128625
      vertex 37.25976841242459 0.8903552150428171 20.4128625
    endloop
  endfacet
  facet normal 0.939692620785909 0.34202014332566716 -1.410200968976179e-17
    outer loop
      vertex 35.087817307194285 -2.8360499999999997 20.4128625
      vertex 34.41407194413946 -0.9849498285445955 20.4128625
      vertex 34.41407194413946 -0.9849498285445955 23.341942709246453
    endloop
  endfacet
  facet normal 0.9396926207859089 0.34202014332566716 0
    outer loop
      vertex 35.087817307194285 -2.8360499999999997 20.4128625
      vertex 34.41407194413946 -0.9849498285445955 23.341942709246453
      vertex 35.087817307194285 -2.8360499999999997 23.38079510999313
    endloop
  endfacet
  facet normal 1 0 0
    outer loop
      vertex 34.41407194413946 -0.9849498285445955 20.4128625
      vertex 34.41407194413946 0.9849498285445955 23.341942709246453
      vertex 34.41407194413946 -0.9849498285445955 23.341942709246453
    endloop
  endfacet
  facet normal 0 0 1
    outer loop
      vertex 36.35404439909698 -4.345080685815155 20.4128625
      vertex 38.06002754504247 -5.330030514359751 20.4128625
      vertex 41.93997245495753 -5.330030514359751 20.4128625
    endloop
  endfacet
  facet normal 0 0 1
    outer loop
      vertex 36.35404439909698 -4.345080685815155 20.4128625
      vertex 43.64595560090302 -4.345080685815155 20.4128625
      vertex 35.087817307194285 -2.8360499999999997 20.4128625
    endloop
  endfacet
  facet normal 0 0 1
    outer loop
      vertex 35.087817307194285 -2.8360499999999997 20.4128625
      vertex 43.64595560090302 -4.345080685815155 20.4128625
      vertex 38.30644374183231 -2.330980215042817 20.4128625
    endloop
  endfacet
  facet normal 0 0 1
    outer loop
      vertex 38.06002754504247 -5.330030514359751 20.4128625
      vertex 40 -5.6720999999999995 20.4128625
      vertex 41.93997245495753 -5.330030514359751 20.4128625
    endloop
  endfacet
  facet normal 0 0 1
    outer loop
      vertex 36.35404439909698 -4.345080685815155 20.4128625
      vertex 41.93997245495753 -5.330030514359751 20.4128625
      vertex 43.64595560090302 -4.345080685815155 20.4128625
    endloop
  endfacet
  facet normal 0 0 1
    outer loop
      vertex 38.30644374183231 -2.330980215042817 20.4128625
      vertex 43.64595560090302 -4.345080685815155 20.4128625
      vertex 40 -2.8812499999999996 20.4128625
    endloop
  endfacet
  facet normal 0.4999999999999998 0.8660254037844388 0
    outer loop
      vertex 36.35404439909698 -4.345080685815155 20.4128625
      vertex 36.35404439909698 -4.345080685815155 23.453813738556065
      vertex 38.06002754504247 -5.330030514359751 20.4128625
    endloop
  endfacet
  facet normal 0.17364817766692991 0.9848077530122081 0
    outer loop
      vertex 38.06002754504247 -5.330030514359751 20.4128625
      vertex 38.06002754504247 -5.330030514359751 23.55219147069039
      vertex 40 -5.6720999999999995 20.4128625
    endloop
  endfacet
  facet normal 0.49999999999999983 0.8660254037844388 0
    outer loop
      vertex 38.06002754504247 -5.330030514359751 20.4128625
      vertex 36.35404439909698 -4.345080685815155 23.453813738556065
      vertex 38.06002754504247 -5.330030514359751 23.55219147069039
    endloop
  endfacet
  facet normal -0.17364817766692994 0.9848077530122081 0
    outer loop
      vertex 40 -5.6720999999999995 20.4128625
      vertex 40 -5.6720999999999995 23.6640625
      vertex 41.93997245495753 -5.330030514359751 20.4128625
    endloop
  endfacet
  facet normal 0.17364817766692994 0.9848077530122081 0
    outer loop
      vertex 40 -5.6720999999999995 20.4128625
      vertex 38.06002754504247 -5.330030514359751 23.55219147069039
      vertex 40 -5.6720999999999995 23.6640625
    endloop
  endfacet
  facet normal -0.17364817766692994 0.9848077530122081 0
    outer loop
      vertex 41.93997245495753 -5.330030514359751 20.4128625
      vertex 40 -5.6720999999999995 23.6640625
      vertex 41.93997245495753 -5.330030514359751 23.27817798633307
    endloop
  endfacet
  facet normal 0 0 1
    outer loop
      vertex 35.087817307194285 -2.8360499999999997 20.4128625
      vertex 38.30644374183231 -2.330980215042817 20.4128625
      vertex 37.25976841242459 -0.8903552150428171 20.4128625
    endloop
  endfacet
  facet normal 0 0 1
    outer loop
      vertex 40 -2.8812499999999996 20.4128625
      vertex 43.64595560090302 -4.345080685815155 20.4128625
      vertex 44.912182692805715 -2.8360499999999997 20.4128625
    endloop
  endfacet
  facet normal -0.49999999999999983 0.8660254037844388 0
    outer loop
      vertex 41.93997245495753 -5.330030514359751 20.4128625
      vertex 41.93997245495753 -5.330030514359751 23.27817798633307
      vertex 43.64595560090302 -4.345080685815155 20.4128625
    endloop
  endfacet
  facet normal -0.49999999999999983 0.8660254037844388 0
    outer loop
      vertex 43.64595560090302 -4.345080685815155 20.4128625
      vertex 41.93997245495753 -5.330030514359751 23.27817798633307
      vertex 43.64595560090302 -4.345080685815155 22.938836840063257
    endloop
  endfacet
  facet normal -0.7660444431189786 0.6427876096865386 0
    outer loop
      vertex 43.64595560090302 -4.345080685815155 20.4128625
      vertex 43.64595560090302 -4.345080685815155 22.938836840063257
      vertex 44.912182692805715 -2.8360499999999997 20.4128625
    endloop
  endfacet
  facet normal -0.7660444431189786 0.6427876096865385 0
    outer loop
      vertex 44.912182692805715 -2.8360499999999997 20.4128625
      vertex 43.64595560090302 -4.345080685815155 22.938836840063257
      vertex 44.912182692805715 -2.8360499999999997 22.68696861157263
    endloop
  endfacet
  facet normal 0 0 1
    outer loop
      vertex 40 -2.8812499999999996 20.4128625
      vertex 44.912182692805715 -2.8360499999999997 20.4128625
      vertex 41.69355625816769 -2.330980215042817 20.4128625
    endloop
  endfacet
  facet normal 0 0 1
    outer loop
      vertex 41.69355625816769 -2.330980215042817 20.4128625
      vertex 44.912182692805715 -2.8360499999999997 20.4128625
      vertex 45.58592805586054 -0.9849498285445955 20.4128625
    endloop
  endfacet
  facet normal 0 0 1
    outer loop
      vertex 41.69355625816769 -2.330980215042817 20.4128625
      vertex 45.58592805586054 -0.9849498285445955 20.4128625
      vertex 42.74023158757541 -0.8903552150428171 20.4128625
    endloop
  endfacet
  facet normal 0 0 1
    outer loop
      vertex 42.74023158757541 -0.8903552150428171 20.4128625
      vertex 45.58592805586054 -0.9849498285445955 20.4128625
      vertex 45.58592805586054 0.9849498285445955 20.4128625
    endloop
  endfacet
  facet normal -0.9396926207859089 0.34202014332566716 0
    outer loop
      vertex 44.912182692805715 -2.8360499999999997 20.4128625
      vertex 44.912182692805715 -2.8360499999999997 22.68696861157263
      vertex 45.58592805586054 -0.9849498285445955 20.4128625
    endloop
  endfacet
  facet normal -0.9396926207859089 0.34202014332566716 0
    outer loop
      vertex 45.58592805586054 -0.9849498285445955 20.4128625
      vertex 44.912182692805715 -2.8360499999999997 22.68696861157263
      vertex 45.58592805586054 -0.9849498285445955 22.55295232639633
    endloop
  endfacet
  facet normal -1 0 0
    outer loop
      vertex 45.58592805586054 -0.9849498285445955 20.4128625
      vertex 45.58592805586054 -0.9849498285445955 22.55295232639633
      vertex 45.58592805586054 0.9849498285445955 20.4128625
    endloop
  endfacet
  facet normal 0 0 1
    outer loop
      vertex 34.41407194413946 -0.9849498285445955 20.4128625
      vertex 37.25976841242459 0.8903552150428171 20.4128625
      vertex 34.41407194413946 0.9849498285445955 20.4128625
    endloop
  endfacet
  facet normal 0 0 1
    outer loop
      vertex 34.41407194413946 0.9849498285445955 20.4128625
      vertex 38.30644374183231 2.330980215042817 20.4128625
      vertex 35.087817307194285 2.8360499999999997 20.4128625
    endloop
  endfacet
  facet normal 1 0 0
    outer loop
      vertex 34.41407194413946 -0.9849498285445955 20.4128625
      vertex 34.41407194413946 0.9849498285445955 20.4128625
      vertex 34.41407194413946 0.9849498285445955 23.341942709246453
    endloop
  endfacet
  facet normal 0.9396926207859089 -0.34202014332566716 1.3917404106078604e-17
    outer loop
      vertex 34.41407194413946 0.9849498285445955 20.4128625
      vertex 35.087817307194285 2.8360499999999997 20.4128625
      vertex 35.087817307194285 2.8360499999999997 23.38079510999313
    endloop
  endfacet
  facet normal 0.939692620785909 -0.34202014332566716 0
    outer loop
      vertex 34.41407194413946 0.9849498285445955 20.4128625
      vertex 35.087817307194285 2.8360499999999997 23.38079510999313
      vertex 34.41407194413946 0.9849498285445955 23.341942709246453
    endloop
  endfacet
  facet normal 0.7660444431189787 -0.6427876096865386 -6.8075540331461696e-18
    outer loop
      vertex 35.087817307194285 2.8360499999999997 20.4128625
      vertex 36.35404439909698 4.345080685815155 20.4128625
      vertex 36.35404439909698 4.345080685815155 23.453813738556065
    endloop
  endfacet
  facet normal 0.7660444431189788 -0.6427876096865387 0
    outer loop
      vertex 35.087817307194285 2.8360499999999997 20.4128625
      vertex 36.35404439909698 4.345080685815155 23.453813738556065
      vertex 35.087817307194285 2.8360499999999997 23.38079510999313
    endloop
  endfacet
  facet normal 0 0 1
    outer loop
      vertex 34.41407194413946 0.9849498285445955 20.4128625
      vertex 37.25976841242459 0.8903552150428171 20.4128625
      vertex 38.30644374183231 2.330980215042817 20.4128625
    endloop
  endfacet
  facet normal 0 0 1
    outer loop
      vertex 35.087817307194285 2.8360499999999997 20.4128625
      vertex 38.30644374183231 2.330980215042817 20.4128625
      vertex 40 2.8812499999999996 20.4128625
    endloop
  endfacet
  facet normal 0 0 1
    outer loop
      vertex 35.087817307194285 2.8360499999999997 20.4128625
      vertex 40 2.8812499999999996 20.4128625
      vertex 36.35404439909698 4.345080685815155 20.4128625
    endloop
  endfacet
  facet normal 0 0 1
    outer loop
      vertex 36.35404439909698 4.345080685815155 20.4128625
      vertex 40 2.8812499999999996 20.4128625
      vertex 41.69355625816769 2.330980215042817 20.4128625
    endloop
  endfacet
  facet normal 0 0 1
    outer loop
      vertex 36.35404439909698 4.345080685815155 20.4128625
      vertex 41.69355625816769 2.330980215042817 20.4128625
      vertex 44.912182692805715 2.8360499999999997 20.4128625
    endloop
  endfacet
  facet normal 0 0 1
    outer loop
      vertex 36.35404439909698 4.345080685815155 20.4128625
      vertex 44.912182692805715 2.8360499999999997 20.4128625
      vertex 43.64595560090302 4.345080685815155 20.4128625
    endloop
  endfacet
  facet normal 0 0 1
    outer loop
      vertex 36.35404439909698 4.345080685815155 20.4128625
      vertex 43.64595560090302 4.345080685815155 20.4128625
      vertex 38.06002754504247 5.330030514359751 20.4128625
    endloop
  endfacet
  facet normal 0 0 1
    outer loop
      vertex 38.06002754504247 5.330030514359751 20.4128625
      vertex 41.93997245495753 5.330030514359751 20.4128625
      vertex 40 5.6720999999999995 20.4128625
    endloop
  endfacet
  facet normal 0 0 1
    outer loop
      vertex 38.06002754504247 5.330030514359751 20.4128625
      vertex 43.64595560090302 4.345080685815155 20.4128625
      vertex 41.93997245495753 5.330030514359751 20.4128625
    endloop
  endfacet
  facet normal 0.49999999999999983 -0.8660254037844388 3.164189444136568e-18
    outer loop
      vertex 36.35404439909698 4.345080685815155 20.4128625
      vertex 38.06002754504247 5.330030514359751 20.4128625
      vertex 38.06002754504247 5.330030514359751 23.55219147069039
    endloop
  endfacet
  facet normal 0.4999999999999998 -0.8660254037844388 0
    outer loop
      vertex 36.35404439909698 4.345080685815155 20.4128625
      vertex 38.06002754504247 5.330030514359751 23.55219147069039
      vertex 36.35404439909698 4.345080685815155 23.453813738556065
    endloop
  endfacet
  facet normal 0.17364817766692991 -0.9848077530122081 0
    outer loop
      vertex 38.06002754504247 5.330030514359751 20.4128625
      vertex 40 5.6720999999999995 23.6640625
      vertex 38.06002754504247 5.330030514359751 23.55219147069039
    endloop
  endfacet
  facet normal 0.17364817766692994 -0.9848077530122081 4.361526014796906e-18
    outer loop
      vertex 38.06002754504247 5.330030514359751 20.4128625
      vertex 40 5.6720999999999995 20.4128625
      vertex 40 5.6720999999999995 23.6640625
    endloop
  endfacet
  facet normal -0.17364817766692994 -0.9848077530122081 -4.9489117156362475e-18
    outer loop
      vertex 40 5.6720999999999995 20.4128625
      vertex 41.93997245495753 5.330030514359751 20.4128625
      vertex 41.93997245495753 5.330030514359751 23.27817798633307
    endloop
  endfacet
  facet normal -0.17364817766692994 -0.9848077530122081 0
    outer loop
      vertex 40 5.6720999999999995 20.4128625
      vertex 41.93997245495753 5.330030514359751 23.27817798633307
      vertex 40 5.6720999999999995 23.6640625
    endloop
  endfacet
  facet normal 0 0 1
    outer loop
      vertex 42.74023158757541 -0.8903552150428171 20.4128625
      vertex 45.58592805586054 0.9849498285445955 20.4128625
      vertex 42.74023158757541 0.8903552150428171 20.4128625
    endloop
  endfacet
  facet normal 0 0 1
    outer loop
      vertex 41.69355625816769 2.330980215042817 20.4128625
      vertex 42.74023158757541 0.8903552150428171 20.4128625
      vertex 44.912182692805715 2.8360499999999997 20.4128625
    endloop
  endfacet
  facet normal 0 0 1
    outer loop
      vertex 42.74023158757541 0.8903552150428171 20.4128625
      vertex 45.58592805586054 0.9849498285445955 20.4128625
      vertex 44.912182692805715 2.8360499999999997 20.4128625
    endloop
  endfacet
  facet normal -1 0 0
    outer loop
      vertex 45.58592805586054 0.9849498285445955 20.4128625
      vertex 45.58592805586054 -0.9849498285445955 22.55295232639633
      vertex 45.58592805586054 0.9849498285445955 22.55295232639633
    endloop
  endfacet
  facet normal -0.9396926207859089 -0.34202014332566716 0
    outer loop
      vertex 45.58592805586054 0.9849498285445955 20.4128625
      vertex 45.58592805586054 0.9849498285445955 22.55295232639633
      vertex 44.912182692805715 2.8360499999999997 20.4128625
    endloop
  endfacet
  facet normal -0.9396926207859089 -0.34202014332566716 0
    outer loop
      vertex 44.912182692805715 2.8360499999999997 20.4128625
      vertex 45.58592805586054 0.9849498285445955 22.55295232639633
      vertex 44.912182692805715 2.8360499999999997 22.68696861157263
    endloop
  endfacet
  facet normal -0.7660444431189786 -0.6427876096865385 9.10311078418295e-18
    outer loop
      vertex 43.64595560090302 4.345080685815155 20.4128625
      vertex 44.912182692805715 2.8360499999999997 20.4128625
      vertex 44.912182692805715 2.8360499999999997 22.68696861157263
    endloop
  endfacet
  facet normal -0.7660444431189786 -0.6427876096865386 0
    outer loop
      vertex 43.64595560090302 4.345080685815155 20.4128625
      vertex 44.912182692805715 2.8360499999999997 22.68696861157263
      vertex 43.64595560090302 4.345080685815155 22.938836840063257
    endloop
  endfacet
  facet normal -0.49999999999999983 -0.8660254037844388 -3.932514845135714e-18
    outer loop
      vertex 41.93997245495753 5.330030514359751 20.4128625
      vertex 43.64595560090302 4.345080685815155 20.4128625
      vertex 43.64595560090302 4.345080685815155 22.938836840063257
    endloop
  endfacet
  facet normal -0.49999999999999983 -0.8660254037844388 0
    outer loop
      vertex 41.93997245495753 5.330030514359751 20.4128625
      vertex 43.64595560090302 4.345080685815155 22.938836840063257
      vertex 41.93997245495753 5.330030514359751 23.27817798633307
    endloop
  endfacet
  facet normal 0.7660444431189788 0.6427876096865387 0
    outer loop
      vertex 35.087817307194285 -2.8360499999999997 -20.4128625
      vertex 36.35404439909698 -4.345080685815155 -23.453813738556065
      vertex 35.087817307194285 -2.8360499999999997 -23.38079510999313
    endloop
  endfacet
  facet normal 0.7660444431189787 0.6427876096865386 0
    outer loop
      vertex 36.35404439909698 -4.345080685815155 -20.4128625
      vertex 36.35404439909698 -4.345080685815155 -23.453813738556065
      vertex 35.087817307194285 -2.8360499999999997 -20.4128625
    endloop
  endfacet
  facet normal 0.939692620785909 0.34202014332566716 0
    outer loop
      vertex 34.41407194413946 -0.9849498285445955 -20.4128625
      vertex 35.087817307194285 -2.8360499999999997 -23.38079510999313
      vertex 34.41407194413946 -0.9849498285445955 -23.341942709246453
    endloop
  endfacet
  facet normal 0.9396926207859089 0.34202014332566716 0
    outer loop
      vertex 35.087817307194285 -2.8360499999999997 -20.4128625
      vertex 35.087817307194285 -2.8360499999999997 -23.38079510999313
      vertex 34.41407194413946 -0.9849498285445955 -20.4128625
    endloop
  endfacet
  facet normal 1 0 0
    outer loop
      vertex 34.41407194413946 -0.9849498285445955 -20.4128625
      vertex 34.41407194413946 -0.9849498285445955 -23.341942709246453
      vertex 34.41407194413946 0.9849498285445955 -20.4128625
    endloop
  endfacet
  facet normal 0 0 -1
    outer loop
      vertex 35.087817307194285 -2.8360499999999997 -20.4128625
      vertex 34.41407194413946 -0.9849498285445955 -20.4128625
      vertex 38.30644374183231 -2.330980215042817 -20.4128625
    endloop
  endfacet
  facet normal 0 0 -1
    outer loop
      vertex 34.41407194413946 -0.9849498285445955 -20.4128625
      vertex 34.41407194413946 0.9849498285445955 -20.4128625
      vertex 37.25976841242459 -0.8903552150428171 -20.4128625
    endloop
  endfacet
  facet normal 0.4999999999999998 0.8660254037844388 0
    outer loop
      vertex 36.35404439909698 -4.345080685815155 -20.4128625
      vertex 38.06002754504247 -5.330030514359751 -23.55219147069039
      vertex 36.35404439909698 -4.345080685815155 -23.453813738556065
    endloop
  endfacet
  facet normal 0.17364817766692991 0.9848077530122081 0
    outer loop
      vertex 38.06002754504247 -5.330030514359751 -20.4128625
      vertex 40 -5.6720999999999995 -23.6640625
      vertex 38.06002754504247 -5.330030514359751 -23.55219147069039
    endloop
  endfacet
  facet normal 0.49999999999999983 0.8660254037844388 -3.164189444136568e-18
    outer loop
      vertex 36.35404439909698 -4.345080685815155 -20.4128625
      vertex 38.06002754504247 -5.330030514359751 -20.4128625
      vertex 38.06002754504247 -5.330030514359751 -23.55219147069039
    endloop
  endfacet
  facet normal -0.17364817766692994 0.9848077530122081 0
    outer loop
      vertex 40 -5.6720999999999995 -20.4128625
      vertex 41.93997245495753 -5.330030514359751 -23.27817798633307
      vertex 40 -5.6720999999999995 -23.6640625
    endloop
  endfacet
  facet normal 0.17364817766692994 0.9848077530122081 -4.361526014796906e-18
    outer loop
      vertex 38.06002754504247 -5.330030514359751 -20.4128625
      vertex 40 -5.6720999999999995 -20.4128625
      vertex 40 -5.6720999999999995 -23.6640625
    endloop
  endfacet
  facet normal -0.17364817766692994 0.9848077530122081 4.9489117156362475e-18
    outer loop
      vertex 40 -5.6720999999999995 -20.4128625
      vertex 41.93997245495753 -5.330030514359751 -20.4128625
      vertex 41.93997245495753 -5.330030514359751 -23.27817798633307
    endloop
  endfacet
  facet normal 0 0 -1
    outer loop
      vertex 36.35404439909698 -4.345080685815155 -20.4128625
      vertex 35.087817307194285 -2.8360499999999997 -20.4128625
      vertex 40 -2.8812499999999996 -20.4128625
    endloop
  endfacet
  facet normal 0 0 -1
    outer loop
      vertex 38.06002754504247 -5.330030514359751 -20.4128625
      vertex 41.93997245495753 -5.330030514359751 -20.4128625
      vertex 40 -5.6720999999999995 -20.4128625
    endloop
  endfacet
  facet normal 0 0 -1
    outer loop
      vertex 36.35404439909698 -4.345080685815155 -20.4128625
      vertex 43.64595560090302 -4.345080685815155 -20.4128625
      vertex 38.06002754504247 -5.330030514359751 -20.4128625
    endloop
  endfacet
  facet normal 0 0 -1
    outer loop
      vertex 38.06002754504247 -5.330030514359751 -20.4128625
      vertex 43.64595560090302 -4.345080685815155 -20.4128625
      vertex 41.93997245495753 -5.330030514359751 -20.4128625
    endloop
  endfacet
  facet normal 0 0 -1
    outer loop
      vertex 36.35404439909698 -4.345080685815155 -20.4128625
      vertex 40 -2.8812499999999996 -20.4128625
      vertex 41.69355625816769 -2.330980215042817 -20.4128625
    endloop
  endfacet
  facet normal 0 0 -1
    outer loop
      vertex 36.35404439909698 -4.345080685815155 -20.4128625
      vertex 44.912182692805715 -2.8360499999999997 -20.4128625
      vertex 43.64595560090302 -4.345080685815155 -20.4128625
    endloop
  endfacet
  facet normal 0 0 -1
    outer loop
      vertex 36.35404439909698 -4.345080685815155 -20.4128625
      vertex 41.69355625816769 -2.330980215042817 -20.4128625
      vertex 44.912182692805715 -2.8360499999999997 -20.4128625
    endloop
  endfacet
  facet normal 0 0 -1
    outer loop
      vertex 35.087817307194285 -2.8360499999999997 -20.4128625
      vertex 38.30644374183231 -2.330980215042817 -20.4128625
      vertex 40 -2.8812499999999996 -20.4128625
    endloop
  endfacet
  facet normal 0 0 -1
    outer loop
      vertex 34.41407194413946 -0.9849498285445955 -20.4128625
      vertex 37.25976841242459 -0.8903552150428171 -20.4128625
      vertex 38.30644374183231 -2.330980215042817 -20.4128625
    endloop
  endfacet
  facet normal -0.49999999999999983 0.8660254037844388 0
    outer loop
      vertex 41.93997245495753 -5.330030514359751 -20.4128625
      vertex 43.64595560090302 -4.345080685815155 -22.938836840063257
      vertex 41.93997245495753 -5.330030514359751 -23.27817798633307
    endloop
  endfacet
  facet normal -0.49999999999999983 0.8660254037844388 3.932514845135714e-18
    outer loop
      vertex 41.93997245495753 -5.330030514359751 -20.4128625
      vertex 43.64595560090302 -4.345080685815155 -20.4128625
      vertex 43.64595560090302 -4.345080685815155 -22.938836840063257
    endloop
  endfacet
  facet normal -0.7660444431189786 0.6427876096865386 0
    outer loop
      vertex 43.64595560090302 -4.345080685815155 -20.4128625
      vertex 44.912182692805715 -2.8360499999999997 -22.68696861157263
      vertex 43.64595560090302 -4.345080685815155 -22.938836840063257
    endloop
  endfacet
  facet normal -0.7660444431189786 0.6427876096865385 -9.10311078418295e-18
    outer loop
      vertex 43.64595560090302 -4.345080685815155 -20.4128625
      vertex 44.912182692805715 -2.8360499999999997 -20.4128625
      vertex 44.912182692805715 -2.8360499999999997 -22.68696861157263
    endloop
  endfacet
  facet normal -0.9396926207859089 0.34202014332566716 0
    outer loop
      vertex 44.912182692805715 -2.8360499999999997 -20.4128625
      vertex 45.58592805586054 -0.9849498285445955 -22.55295232639633
      vertex 44.912182692805715 -2.8360499999999997 -22.68696861157263
    endloop
  endfacet
  facet normal -0.9396926207859089 0.34202014332566716 1.930102044475277e-17
    outer loop
      vertex 44.912182692805715 -2.8360499999999997 -20.4128625
      vertex 45.58592805586054 -0.9849498285445955 -20.4128625
      vertex 45.58592805586054 -0.9849498285445955 -22.55295232639633
    endloop
  endfacet
  facet normal -1 0 0
    outer loop
      vertex 45.58592805586054 -0.9849498285445955 -20.4128625
      vertex 45.58592805586054 0.9849498285445955 -22.55295232639633
      vertex 45.58592805586054 -0.9849498285445955 -22.55295232639633
    endloop
  endfacet
  facet normal 0 0 -1
    outer loop
      vertex 41.69355625816769 -2.330980215042817 -20.4128625
      vertex 42.74023158757541 -0.8903552150428171 -20.4128625
      vertex 44.912182692805715 -2.8360499999999997 -20.4128625
    endloop
  endfacet
  facet normal 0 0 -1
    outer loop
      vertex 42.74023158757541 -0.8903552150428171 -20.4128625
      vertex 45.58592805586054 -0.9849498285445955 -20.4128625
      vertex 44.912182692805715 -2.8360499999999997 -20.4128625
    endloop
  endfacet
  facet normal 0 0 -1
    outer loop
      vertex 42.74023158757541 -0.8903552150428171 -20.4128625
      vertex 42.74023158757541 0.8903552150428171 -20.4128625
      vertex 45.58592805586054 -0.9849498285445955 -20.4128625
    endloop
  endfacet
  facet normal 1 0 0
    outer loop
      vertex 34.41407194413946 0.9849498285445955 -20.4128625
      vertex 34.41407194413946 -0.9849498285445955 -23.341942709246453
      vertex 34.41407194413946 0.9849498285445955 -23.341942709246453
    endloop
  endfacet
  facet normal 0.9396926207859089 -0.34202014332566716 0
    outer loop
      vertex 35.087817307194285 2.8360499999999997 -20.4128625
      vertex 34.41407194413946 0.9849498285445955 -23.341942709246453
      vertex 35.087817307194285 2.8360499999999997 -23.38079510999313
    endloop
  endfacet
  facet normal 0.939692620785909 -0.34202014332566716 0
    outer loop
      vertex 34.41407194413946 0.9849498285445955 -20.4128625
      vertex 34.41407194413946 0.9849498285445955 -23.341942709246453
      vertex 35.087817307194285 2.8360499999999997 -20.4128625
    endloop
  endfacet
  facet normal 0 0 -1
    outer loop
      vertex 37.25976841242459 -0.8903552150428171 -20.4128625
      vertex 34.41407194413946 0.9849498285445955 -20.4128625
      vertex 37.25976841242459 0.8903552150428171 -20.4128625
    endloop
  endfacet
  facet normal 0 0 -1
    outer loop
      vertex 34.41407194413946 0.9849498285445955 -20.4128625
      vertex 35.087817307194285 2.8360499999999997 -20.4128625
      vertex 37.25976841242459 0.8903552150428171 -20.4128625
    endloop
  endfacet
  facet normal 0.7660444431189787 -0.6427876096865386 0
    outer loop
      vertex 36.35404439909698 4.345080685815155 -20.4128625
      vertex 35.087817307194285 2.8360499999999997 -23.38079510999313
      vertex 36.35404439909698 4.345080685815155 -23.453813738556065
    endloop
  endfacet
  facet normal 0.7660444431189788 -0.6427876096865387 0
    outer loop
      vertex 35.087817307194285 2.8360499999999997 -20.4128625
      vertex 35.087817307194285 2.8360499999999997 -23.38079510999313
      vertex 36.35404439909698 4.345080685815155 -20.4128625
    endloop
  endfacet
  facet normal 0 0 -1
    outer loop
      vertex 35.087817307194285 2.8360499999999997 -20.4128625
      vertex 38.30644374183231 2.330980215042817 -20.4128625
      vertex 37.25976841242459 0.8903552150428171 -20.4128625
    endloop
  endfacet
  facet normal 0.49999999999999983 -0.8660254037844388 0
    outer loop
      vertex 38.06002754504247 5.330030514359751 -20.4128625
      vertex 36.35404439909698 4.345080685815155 -23.453813738556065
      vertex 38.06002754504247 5.330030514359751 -23.55219147069039
    endloop
  endfacet
  facet normal 0.4999999999999998 -0.8660254037844388 0
    outer loop
      vertex 36.35404439909698 4.345080685815155 -20.4128625
      vertex 36.35404439909698 4.345080685815155 -23.453813738556065
      vertex 38.06002754504247 5.330030514359751 -20.4128625
    endloop
  endfacet
  facet normal 0.17364817766692991 -0.9848077530122081 0
    outer loop
      vertex 38.06002754504247 5.330030514359751 -20.4128625
      vertex 38.06002754504247 5.330030514359751 -23.55219147069039
      vertex 40 5.6720999999999995 -20.4128625
    endloop
  endfacet
  facet normal 0.17364817766692994 -0.9848077530122081 0
    outer loop
      vertex 40 5.6720999999999995 -20.4128625
      vertex 38.06002754504247 5.330030514359751 -23.55219147069039
      vertex 40 5.6720999999999995 -23.6640625
    endloop
  endfacet
  facet normal -0.17364817766692994 -0.9848077530122081 0
    outer loop
      vertex 41.93997245495753 5.330030514359751 -20.4128625
      vertex 40 5.6720999999999995 -23.6640625
      vertex 41.93997245495753 5.330030514359751 -23.27817798633307
    endloop
  endfacet
  facet normal -0.17364817766692994 -0.9848077530122081 0
    outer loop
      vertex 40 5.6720999999999995 -20.4128625
      vertex 40 5.6720999999999995 -23.6640625
      vertex 41.93997245495753 5.330030514359751 -20.4128625
    endloop
  endfacet
  facet normal 0 0 -1
    outer loop
      vertex 35.087817307194285 2.8360499999999997 -20.4128625
      vertex 43.64595560090302 4.345080685815155 -20.4128625
      vertex 38.30644374183231 2.330980215042817 -20.4128625
    endloop
  endfacet
  facet normal 0 0 -1
    outer loop
      vertex 35.087817307194285 2.8360499999999997 -20.4128625
      vertex 36.35404439909698 4.345080685815155 -20.4128625
      vertex 43.64595560090302 4.345080685815155 -20.4128625
    endloop
  endfacet
  facet normal 0 0 -1
    outer loop
      vertex 36.35404439909698 4.345080685815155 -20.4128625
      vertex 38.06002754504247 5.330030514359751 -20.4128625
      vertex 41.93997245495753 5.330030514359751 -20.4128625
    endloop
  endfacet
  facet normal 0 0 -1
    outer loop
      vertex 38.30644374183231 2.330980215042817 -20.4128625
      vertex 43.64595560090302 4.345080685815155 -20.4128625
      vertex 40 2.8812499999999996 -20.4128625
    endloop
  endfacet
  facet normal 0 0 -1
    outer loop
      vertex 38.06002754504247 5.330030514359751 -20.4128625
      vertex 40 5.6720999999999995 -20.4128625
      vertex 41.93997245495753 5.330030514359751 -20.4128625
    endloop
  endfacet
  facet normal 0 0 -1
    outer loop
      vertex 36.35404439909698 4.345080685815155 -20.4128625
      vertex 41.93997245495753 5.330030514359751 -20.4128625
      vertex 43.64595560090302 4.345080685815155 -20.4128625
    endloop
  endfacet
  facet normal -1 0 0
    outer loop
      vertex 45.58592805586054 -0.9849498285445955 -20.4128625
      vertex 45.58592805586054 0.9849498285445955 -20.4128625
      vertex 45.58592805586054 0.9849498285445955 -22.55295232639633
    endloop
  endfacet
  facet normal -0.9396926207859089 -0.34202014332566716 0
    outer loop
      vertex 45.58592805586054 0.9849498285445955 -20.4128625
      vertex 44.912182692805715 2.8360499999999997 -22.68696861157263
      vertex 45.58592805586054 0.9849498285445955 -22.55295232639633
    endloop
  endfacet
  facet normal -0.9396926207859089 -0.34202014332566716 -1.8163584048555393e-17
    outer loop
      vertex 45.58592805586054 0.9849498285445955 -20.4128625
      vertex 44.912182692805715 2.8360499999999997 -20.4128625
      vertex 44.912182692805715 2.8360499999999997 -22.68696861157263
    endloop
  endfacet
  facet normal 0 0 -1
    outer loop
      vertex 41.69355625816769 2.330980215042817 -20.4128625
      vertex 45.58592805586054 0.9849498285445955 -20.4128625
      vertex 42.74023158757541 0.8903552150428171 -20.4128625
    endloop
  endfacet
  facet normal 0 0 -1
    outer loop
      vertex 40 2.8812499999999996 -20.4128625
      vertex 44.912182692805715 2.8360499999999997 -20.4128625
      vertex 41.69355625816769 2.330980215042817 -20.4128625
    endloop
  endfacet
  facet normal 0 0 -1
    outer loop
      vertex 41.69355625816769 2.330980215042817 -20.4128625
      vertex 44.912182692805715 2.8360499999999997 -20.4128625
      vertex 45.58592805586054 0.9849498285445955 -20.4128625
    endloop
  endfacet
  facet normal 0 0 -1
    outer loop
      vertex 45.58592805586054 -0.9849498285445955 -20.4128625
      vertex 42.74023158757541 0.8903552150428171 -20.4128625
      vertex 45.58592805586054 0.9849498285445955 -20.4128625
    endloop
  endfacet
  facet normal -0.7660444431189786 -0.6427876096865385 0
    outer loop
      vertex 44.912182692805715 2.8360499999999997 -20.4128625
      vertex 43.64595560090302 4.345080685815155 -22.938836840063257
      vertex 44.912182692805715 2.8360499999999997 -22.68696861157263
    endloop
  endfacet
  facet normal -0.7660444431189786 -0.6427876096865386 0
    outer loop
      vertex 43.64595560090302 4.345080685815155 -20.4128625
      vertex 43.64595560090302 4.345080685815155 -22.938836840063257
      vertex 44.912182692805715 2.8360499999999997 -20.4128625
    endloop
  endfacet
  facet normal -0.49999999999999983 -0.8660254037844388 0
    outer loop
      vertex 43.64595560090302 4.345080685815155 -20.4128625
      vertex 41.93997245495753 5.330030514359751 -23.27817798633307
      vertex 43.64595560090302 4.345080685815155 -22.938836840063257
    endloop
  endfacet
  facet normal -0.49999999999999983 -0.8660254037844388 0
    outer loop
      vertex 41.93997245495753 5.330030514359751 -20.4128625
      vertex 41.93997245495753 5.330030514359751 -23.27817798633307
      vertex 43.64595560090302 4.345080685815155 -20.4128625
    endloop
  endfacet
  facet normal 0 0 -1
    outer loop
      vertex 40 2.8812499999999996 -20.4128625
      vertex 43.64595560090302 4.345080685815155 -20.4128625
      vertex 44.912182692805715 2.8360499999999997 -20.4128625
    endloop
  endfacet
  facet normal 0.19509032201612833 0 0.9807852804032304
    outer loop
      vertex 40 -5.387399699375695 -12.75
      vertex 35.12078623734511 -21.553537101435676 -11.779464039518906
      vertex 40 -21.252777798597286 -12.75
    endloop
  endfacet
  facet normal 0.19509032201612822 4.727942755234531e-17 0.9807852804032305
    outer loop
      vertex 35.334375 -2.6936998496878477 -11.821949485944284
      vertex 35.12078623734511 -21.553537101435676 -11.779464039518906
      vertex 40 -5.387399699375695 -12.75
    endloop
  endfacet
  facet normal -0.19509032201612816 0 0.9807852804032304
    outer loop
      vertex 40 -5.387399699375695 -12.75
      vertex 40 -21.252777798597286 -12.75
      vertex 44.665625 -2.6936998496878477 -11.821949485944284
    endloop
  endfacet
  facet normal 0.8314696123025455 -2.663379736486316e-19 0.5555702330196021
    outer loop
      vertex 28.220535960481094 -21.97029298348289 -4.879213762654895
      vertex 30.984388539871517 -21.816651405563654 -9.015611460128481
      vertex 30.984388539871517 21.816651405563654 -9.015611460128481
    endloop
  endfacet
  facet normal 0.9807852804032304 1.8378250582104153e-19 0.19509032201612828
    outer loop
      vertex 27.25 -22.02424473094858 0
      vertex 28.220535960481094 -21.97029298348289 -4.879213762654895
      vertex 28.220535960481094 21.97029298348289 -4.879213762654895
    endloop
  endfacet
  facet normal 0.5555702330196021 6.728311964486215e-19 0.8314696123025452
    outer loop
      vertex 32.25756320363316 -21.745876080654583 -9.866319572794097
      vertex 30.984388539871517 21.816651405563654 -9.015611460128481
      vertex 30.984388539871517 -21.816651405563654 -9.015611460128481
    endloop
  endfacet
  facet normal 0.5555702330196017 0 0.8314696123025456
    outer loop
      vertex 35.12078623734511 -21.553537101435676 -11.779464039518906
      vertex 35.12078623734511 21.553537101435676 -11.779464039518906
      vertex 32.25756320363316 -21.745876080654583 -9.866319572794097
    endloop
  endfacet
  facet normal 0.19509032201613222 4.370676856589328e-20 0.9807852804032297
    outer loop
      vertex 35.334375 -2.6936998496878477 -11.821949485944284
      vertex 35.12078623734511 21.553537101435676 -11.779464039518906
      vertex 35.12078623734511 -21.553537101435676 -11.779464039518906
    endloop
  endfacet
  facet normal -0.1950903220161283 4.709375811875232e-17 0.9807852804032304
    outer loop
      vertex 44.665625 -2.6936998496878477 -11.821949485944284
      vertex 40 -21.252777798597286 -12.75
      vertex 44.87921376265489 -20.97491243449253 -11.779464039518906
    endloop
  endfacet
  facet normal -0.19509032201613222 0 0.9807852804032297
    outer loop
      vertex 44.665625 -2.6936998496878477 -11.821949485944284
      vertex 44.87921376265489 -20.97491243449253 -11.779464039518906
      vertex 44.665625 2.6936998496878477 -11.821949485944284
    endloop
  endfacet
  facet normal -0.5555702330196018 6.756704373829432e-19 0.8314696123025455
    outer loop
      vertex 44.87921376265489 -20.97491243449253 -11.779464039518906
      vertex 49.01561146012848 -20.762243491950564 -9.015611460128481
      vertex 49.01561146012848 20.762243491950564 -9.015611460128481
    endloop
  endfacet
  facet normal -0.8314696123025452 2.814239893189445e-19 0.5555702330196021
    outer loop
      vertex 49.01561146012848 -20.762243491950564 -9.015611460128481
      vertex 51.779464039518906 -20.647147889624637 -4.879213762654895
      vertex 51.779464039518906 20.647147889624637 -4.879213762654895
    endloop
  endfacet
  facet normal -0.9807852804032304 2.0980502347511285e-18 0.19509032201612783
    outer loop
      vertex 52.02254339944555 -20.647147889624637 -3.6571712967749885
      vertex 52.02254339944555 20.647147889624637 -3.657171296774989
      vertex 51.779464039518906 -20.647147889624637 -4.879213762654895
    endloop
  endfacet
  facet normal -0.9807852804032304 -3.447593686064541e-19 0.19509032201612836
    outer loop
      vertex 52.02254339944555 -20.647147889624637 -3.6571712967749885
      vertex 52.75 -20.606708836973862 0
      vertex 52.75 20.606708836973862 0
    endloop
  endfacet
  facet normal 0.19509032201612833 0 -0.9807852804032304
    outer loop
      vertex 40 -5.387399699375695 12.75
      vertex 40 -21.252777798597286 12.75
      vertex 35.12078623734511 -21.553537101435676 11.779464039518906
    endloop
  endfacet
  facet normal -0.19509032201612833 0 -0.9807852804032304
    outer loop
      vertex 40 -5.387399699375695 12.75
      vertex 44.87921376265489 -20.97491243449253 11.779464039518906
      vertex 40 -21.252777798597286 12.75
    endloop
  endfacet
  facet normal 0.9807852804032304 -1.8333230253535353e-19 -0.19509032201612822
    outer loop
      vertex 28.220535960481094 -21.97029298348289 4.879213762654895
      vertex 27.25 -22.02424473094858 0
      vertex 27.25 22.02424473094858 0
    endloop
  endfacet
  facet normal 0.8314696123025453 2.6447543196282196e-19 -0.5555702330196021
    outer loop
      vertex 30.984388539871517 -21.816651405563654 9.015611460128481
      vertex 28.220535960481094 -21.97029298348289 4.879213762654895
      vertex 28.220535960481094 21.97029298348289 4.879213762654895
    endloop
  endfacet
  facet normal 0.5555702330196022 0 -0.8314696123025453
    outer loop
      vertex 32.25756320363316 -21.745876080654583 9.866319572794097
      vertex 30.984388539871517 -21.816651405563654 9.015611460128481
      vertex 32.25756320363316 21.745876080654583 9.866319572794097
    endloop
  endfacet
  facet normal 0.5555702330196017 0 -0.8314696123025455
    outer loop
      vertex 32.25756320363316 -21.745876080654583 9.866319572794097
      vertex 32.25756320363316 21.745876080654583 9.866319572794097
      vertex 35.12078623734511 -21.553537101435676 11.779464039518906
    endloop
  endfacet
  facet normal 0.19509032201613222 0 -0.9807852804032297
    outer loop
      vertex 35.334375 -2.6936998496878477 11.821949485944284
      vertex 35.12078623734511 -21.553537101435676 11.779464039518906
      vertex 35.334375 2.6936998496878477 11.821949485944284
    endloop
  endfacet
  facet normal 0.1950903220161282 4.7460126079508676e-17 -0.9807852804032305
    outer loop
      vertex 35.334375 -2.6936998496878477 11.821949485944284
      vertex 40 -5.387399699375695 12.75
      vertex 35.12078623734511 -21.553537101435676 11.779464039518906
    endloop
  endfacet
  facet normal -0.9807852804032304 -2.0980502347511342e-18 -0.19509032201612836
    outer loop
      vertex 52.02254339944555 -20.647147889624637 3.657171296774989
      vertex 52.02254339944555 20.647147889624637 3.6571712967749885
      vertex 52.75 -20.606708836973862 0
    endloop
  endfacet
  facet normal -0.9807852804032305 2.1497823730957463e-19 -0.19509032201612792
    outer loop
      vertex 52.02254339944555 -20.647147889624637 3.657171296774989
      vertex 51.779464039518906 -20.647147889624637 4.879213762654895
      vertex 51.779464039518906 20.647147889624637 4.879213762654895
    endloop
  endfacet
  facet normal -0.5555702330196018 0 -0.8314696123025455
    outer loop
      vertex 44.87921376265489 -20.97491243449253 11.779464039518906
      vertex 44.87921376265489 20.97491243449253 11.779464039518906
      vertex 49.01561146012848 -20.762243491950564 9.015611460128481
    endloop
  endfacet
  facet normal -0.8314696123025453 0 -0.555570233019602
    outer loop
      vertex 49.01561146012848 -20.762243491950564 9.015611460128481
      vertex 49.01561146012848 20.762243491950564 9.015611460128481
      vertex 51.779464039518906 -20.647147889624637 4.879213762654895
    endloop
  endfacet
  facet normal -0.1950903220161322 4.4912485847602303e-20 -0.9807852804032297
    outer loop
      vertex 44.665625 -2.6936998496878477 11.821949485944284
      vertex 44.87921376265489 20.97491243449253 11.779464039518906
      vertex 44.87921376265489 -20.97491243449253 11.779464039518906
    endloop
  endfacet
  facet normal -0.19509032201612816 5.0700990589823377e-17 -0.9807852804032304
    outer loop
      vertex 40 -5.387399699375695 12.75
      vertex 44.665625 -2.6936998496878477 11.821949485944284
      vertex 44.87921376265489 -20.97491243449253 11.779464039518906
    endloop
  endfacet
  facet normal 0.1950903220161282 -4.7460126079508676e-17 0.9807852804032305
    outer loop
      vertex 35.334375 2.6936998496878477 -11.821949485944284
      vertex 40 5.387399699375695 -12.75
      vertex 35.12078623734511 21.553537101435676 -11.779464039518906
    endloop
  endfacet
  facet normal 0.8314696123025453 0 0.555570233019602
    outer loop
      vertex 28.220535960481094 -21.97029298348289 -4.879213762654895
      vertex 30.984388539871517 21.816651405563654 -9.015611460128481
      vertex 28.220535960481094 21.97029298348289 -4.879213762654895
    endloop
  endfacet
  facet normal 0.9807852804032304 0 0.19509032201612825
    outer loop
      vertex 27.25 -22.02424473094858 0
      vertex 28.220535960481094 21.97029298348289 -4.879213762654895
      vertex 27.25 22.02424473094858 0
    endloop
  endfacet
  facet normal 0.5555702330196017 0 0.8314696123025455
    outer loop
      vertex 32.25756320363316 21.745876080654583 -9.866319572794097
      vertex 32.25756320363316 -21.745876080654583 -9.866319572794097
      vertex 35.12078623734511 21.553537101435676 -11.779464039518906
    endloop
  endfacet
  facet normal 0.5555702330196022 0 0.8314696123025453
    outer loop
      vertex 32.25756320363316 -21.745876080654583 -9.866319572794097
      vertex 32.25756320363316 21.745876080654583 -9.866319572794097
      vertex 30.984388539871517 21.816651405563654 -9.015611460128481
    endloop
  endfacet
  facet normal 0.19509032201613222 0 0.9807852804032297
    outer loop
      vertex 35.334375 -2.6936998496878477 -11.821949485944284
      vertex 35.334375 2.6936998496878477 -11.821949485944284
      vertex 35.12078623734511 21.553537101435676 -11.779464039518906
    endloop
  endfacet
  facet normal 0.19509032201612833 0 0.9807852804032304
    outer loop
      vertex 40 5.387399699375695 -12.75
      vertex 40 21.252777798597286 -12.75
      vertex 35.12078623734511 21.553537101435676 -11.779464039518906
    endloop
  endfacet
  facet normal -0.19509032201612833 0 0.9807852804032304
    outer loop
      vertex 40 5.387399699375695 -12.75
      vertex 44.87921376265489 20.97491243449253 -11.779464039518906
      vertex 40 21.252777798597286 -12.75
    endloop
  endfacet
  facet normal -0.19509032201612816 -5.0700990589823377e-17 0.9807852804032304
    outer loop
      vertex 40 5.387399699375695 -12.75
      vertex 44.665625 2.6936998496878477 -11.821949485944284
      vertex 44.87921376265489 20.97491243449253 -11.779464039518906
    endloop
  endfacet
  facet normal -0.1950903220161322 -4.4912485847602303e-20 0.9807852804032297
    outer loop
      vertex 44.665625 2.6936998496878477 -11.821949485944284
      vertex 44.87921376265489 -20.97491243449253 -11.779464039518906
      vertex 44.87921376265489 20.97491243449253 -11.779464039518906
    endloop
  endfacet
  facet normal -0.5555702330196018 0 0.8314696123025455
    outer loop
      vertex 44.87921376265489 -20.97491243449253 -11.779464039518906
      vertex 49.01561146012848 20.762243491950564 -9.015611460128481
      vertex 44.87921376265489 20.97491243449253 -11.779464039518906
    endloop
  endfacet
  facet normal -0.8314696123025453 0 0.555570233019602
    outer loop
      vertex 49.01561146012848 -20.762243491950564 -9.015611460128481
      vertex 51.779464039518906 20.647147889624637 -4.879213762654895
      vertex 49.01561146012848 20.762243491950564 -9.015611460128481
    endloop
  endfacet
  facet normal -0.9807852804032305 -2.1497823730957463e-19 0.19509032201612792
    outer loop
      vertex 52.02254339944555 20.647147889624637 -3.657171296774989
      vertex 51.779464039518906 20.647147889624637 -4.879213762654895
      vertex 51.779464039518906 -20.647147889624637 -4.879213762654895
    endloop
  endfacet
  facet normal -0.9807852804032304 2.0980502347511342e-18 0.19509032201612836
    outer loop
      vertex 52.02254339944555 20.647147889624637 -3.657171296774989
      vertex 52.02254339944555 -20.647147889624637 -3.6571712967749885
      vertex 52.75 20.606708836973862 0
    endloop
  endfacet
  facet normal 0.9807852804032304 0 -0.19509032201612822
    outer loop
      vertex 28.220535960481094 -21.97029298348289 4.879213762654895
      vertex 27.25 22.02424473094858 0
      vertex 28.220535960481094 21.97029298348289 4.879213762654895
    endloop
  endfacet
  facet normal 0.8314696123025453 0 -0.5555702330196021
    outer loop
      vertex 30.984388539871517 -21.816651405563654 9.015611460128481
      vertex 28.220535960481094 21.97029298348289 4.879213762654895
      vertex 30.984388539871517 21.816651405563654 9.015611460128481
    endloop
  endfacet
  facet normal 0.19509032201613222 -4.370676856589328e-20 -0.9807852804032297
    outer loop
      vertex 35.334375 2.6936998496878477 11.821949485944284
      vertex 35.12078623734511 -21.553537101435676 11.779464039518906
      vertex 35.12078623734511 21.553537101435676 11.779464039518906
    endloop
  endfacet
  facet normal 0.5555702330196021 -6.728311964486215e-19 -0.8314696123025452
    outer loop
      vertex 32.25756320363316 21.745876080654583 9.866319572794097
      vertex 30.984388539871517 -21.816651405563654 9.015611460128481
      vertex 30.984388539871517 21.816651405563654 9.015611460128481
    endloop
  endfacet
  facet normal 0.5555702330196017 0 -0.8314696123025456
    outer loop
      vertex 35.12078623734511 -21.553537101435676 11.779464039518906
      vertex 32.25756320363316 21.745876080654583 9.866319572794097
      vertex 35.12078623734511 21.553537101435676 11.779464039518906
    endloop
  endfacet
  facet normal 0.19509032201612822 -4.727942755234531e-17 -0.9807852804032305
    outer loop
      vertex 35.334375 2.6936998496878477 11.821949485944284
      vertex 35.12078623734511 21.553537101435676 11.779464039518906
      vertex 40 5.387399699375695 12.75
    endloop
  endfacet
  facet normal -0.19509032201612816 0 -0.9807852804032304
    outer loop
      vertex 40 5.387399699375695 12.75
      vertex 40 21.252777798597286 12.75
      vertex 44.665625 2.6936998496878477 11.821949485944284
    endloop
  endfacet
  facet normal 0.19509032201612833 0 -0.9807852804032304
    outer loop
      vertex 40 5.387399699375695 12.75
      vertex 35.12078623734511 21.553537101435676 11.779464039518906
      vertex 40 21.252777798597286 12.75
    endloop
  endfacet
  facet normal -0.9807852804032304 0 -0.19509032201612836
    outer loop
      vertex 52.75 -20.606708836973862 0
      vertex 52.02254339944555 20.647147889624637 3.6571712967749885
      vertex 52.75 20.606708836973862 0
    endloop
  endfacet
  facet normal -0.9807852804032305 -2.0980502347511285e-18 -0.19509032201612783
    outer loop
      vertex 52.02254339944555 -20.647147889624637 3.657171296774989
      vertex 51.779464039518906 20.647147889624637 4.879213762654895
      vertex 52.02254339944555 20.647147889624637 3.6571712967749885
    endloop
  endfacet
  facet normal -0.19509032201613222 0 -0.9807852804032297
    outer loop
      vertex 44.665625 -2.6936998496878477 11.821949485944284
      vertex 44.665625 2.6936998496878477 11.821949485944284
      vertex 44.87921376265489 20.97491243449253 11.779464039518906
    endloop
  endfacet
  facet normal -0.8314696123025452 0 -0.555570233019602
    outer loop
      vertex 51.779464039518906 -20.647147889624637 4.879213762654895
      vertex 49.01561146012848 20.762243491950564 9.015611460128481
      vertex 51.779464039518906 20.647147889624637 4.879213762654895
    endloop
  endfacet
  facet normal -0.555570233019602 0 -0.8314696123025455
    outer loop
      vertex 49.01561146012848 -20.762243491950564 9.015611460128481
      vertex 44.87921376265489 20.97491243449253 11.779464039518906
      vertex 49.01561146012848 20.762243491950564 9.015611460128481
    endloop
  endfacet
  facet normal -0.1950903220161283 -4.709375811875232e-17 -0.9807852804032304
    outer loop
      vertex 44.665625 2.6936998496878477 11.821949485944284
      vertex 40 21.252777798597286 12.75
      vertex 44.87921376265489 20.97491243449253 11.779464039518906
    endloop
  endfacet
endsolid OpenSCAD_Model
